[11:58:20] [main/INFO] (FabricLoader/GameProvider) Loading Minecraft 1.20.1 with Fabric Loader 0.17.2
[11:58:21] [main/INFO] (FabricLoader) Loading 98 mods:
	- architectury 9.0.7
	- cloth-basic-math 0.6.1
	- cloth-config 11.0.99
	- create 6.0.8.1+build.1744-mc1.20.1
	- create_aquatic_ambitions 1.2+1.20.1
	- dripstone_fluid_lib 3.0.2
	- error_notifier 1.0.9
	- fabric-api 0.92.9+1.20.1
	- fabric-api-base 0.4.32+1802ada577
	- fabric-api-lookup-api-v1 1.6.37+1802ada577
	- fabric-biome-api-v1 13.0.15+93aa238b77
	- fabric-block-api-v1 1.0.12+1802ada577
	- fabric-block-view-api-v2 1.0.3+924f046a77
	- fabric-blockrenderlayer-v1 1.1.42+1802ada577
	- fabric-client-tags-api-v1 1.1.3+1802ada577
	- fabric-command-api-v1 1.2.35+f71b366f77
	- fabric-command-api-v2 2.2.14+1802ada577
	- fabric-commands-v0 0.2.52+df3654b377
	- fabric-containers-v0 0.1.68+df3654b377
	- fabric-content-registries-v0 4.0.13+1802ada577
	- fabric-convention-tags-v1 1.5.6+1802ada577
	- fabric-crash-report-info-v1 0.2.20+1802ada577
	- fabric-data-attachment-api-v1 1.0.2+de0fd6d177
	- fabric-data-generation-api-v1 12.3.9+1802ada577
	- fabric-dimensions-v1 2.1.55+1802ada577
	- fabric-entity-events-v1 1.6.1+1c78457f77
	- fabric-events-interaction-v0 0.6.6+13a40c6677
	- fabric-events-lifecycle-v0 0.2.64+df3654b377
	- fabric-game-rule-api-v1 1.0.41+1802ada577
	- fabric-gametest-api-v1 1.2.15+1802ada577
	- fabric-item-api-v1 2.1.29+1802ada577
	- fabric-item-group-api-v1 4.0.14+1802ada577
	- fabric-key-binding-api-v1 1.0.38+1802ada577
	- fabric-keybindings-v0 0.2.36+df3654b377
	- fabric-lifecycle-events-v1 2.2.23+1802ada577
	- fabric-loot-api-v2 1.2.3+1802ada577
	- fabric-loot-tables-v1 1.1.47+9e7660c677
	- fabric-message-api-v1 5.1.10+1802ada577
	- fabric-mining-level-api-v1 2.1.52+1802ada577
	- fabric-model-loading-api-v1 1.0.4+1802ada577
	- fabric-models-v0 0.4.3+9386d8a777
	- fabric-networking-api-v1 1.3.15+0caff8d077
	- fabric-networking-v0 0.3.55+df3654b377
	- fabric-object-builder-api-v1 11.1.5+e35120df77
	- fabric-particles-v1 1.1.3+1802ada577
	- fabric-recipe-api-v1 1.0.25+1802ada577
	- fabric-registry-sync-v0 2.4.1+4c0a70e677
	- fabric-renderer-api-v1 3.2.2+1802ada577
	- fabric-renderer-indigo 1.5.3+85287f9f77
	- fabric-renderer-registries-v1 3.2.47+df3654b377
	- fabric-rendering-data-attachment-v1 0.3.39+92a0d36777
	- fabric-rendering-fluids-v1 3.0.29+1802ada577
	- fabric-rendering-v0 1.1.50+df3654b377
	- fabric-rendering-v1 3.0.9+1802ada577
	- fabric-resource-conditions-api-v1 2.3.9+1802ada577
	- fabric-resource-loader-v0 0.11.12+fb82e9d777
	- fabric-screen-api-v1 2.0.9+1802ada577
	- fabric-screen-handler-api-v1 1.3.34+1802ada577
	- fabric-sound-api-v1 1.0.14+1802ada577
	- fabric-transfer-api-v1 3.3.6+8dd72ea377
	- fabric-transitive-access-wideners-v1 4.3.2+1802ada577
	- fabricloader 0.17.2
	- flywheel 1.0.5+1.20.1.build.264
	- forgeconfigapiport 8.0.0
	- java 17
	- milk 1.2.60
	- minecraft 1.20.1
	- mixinextras 0.5.0
	- modmenu 7.1.0
	- ponder 1.0.91
	- porting_lib_accessors 2.3.13+1.20.1
	- porting_lib_attributes 2.3.13+1.20.1
	- porting_lib_base 2.3.13+1.20.1
	- porting_lib_brewing 2.3.13+1.20.1
	- porting_lib_client_events 2.3.13+1.20.1
	- porting_lib_common 2.3.13+1.20.1
	- porting_lib_config 2.3.13+1.20.1
	- porting_lib_core 2.3.13+1.20.1
	- porting_lib_data 2.3.13+1.20.1
	- porting_lib_entity 2.3.13+1.20.1
	- porting_lib_extensions 2.3.13+1.20.1
	- porting_lib_fluids 2.3.13+1.20.1
	- porting_lib_gui_utils 2.3.13+1.20.1
	- porting_lib_lazy_registration 2.3.13+1.20.1
	- porting_lib_mixin_extensions 2.3.13+1.20.1
	- porting_lib_model_generators 2.3.13+1.20.1
	- porting_lib_model_loader 2.3.13+1.20.1
	- porting_lib_model_materials 2.3.13+1.20.1
	- porting_lib_models 2.3.13+1.20.1
	- porting_lib_networking 2.3.13+1.20.1
	- porting_lib_obj_loader 2.3.13+1.20.1
	- porting_lib_tags 3.0
	- porting_lib_tool_actions 2.3.13+1.20.1
	- porting_lib_transfer 2.3.13+1.20.1
	- porting_lib_utility 2.3.13+1.20.1
	- reach-entity-attributes 2.4.0
	- registrate-fabric 1.3.79-MC1.20.1
	- roughlyenoughitems 12.0.626
[11:58:21] [main/INFO] (FabricLoader/Mixin) SpongePowered MIXIN Subsystem Version=0.8.7 Source=file:/home/nurufu/.gradle/caches/modules-2/files-2.1/net.fabricmc/sponge-mixin/0.16.3+mixin.0.8.7/3e535042688d1265447e52ad86950b7d9678a5fa/sponge-mixin-0.16.3+mixin.0.8.7.jar Service=Knot/Fabric Env=CLIENT
[11:58:21] [main/INFO] (FabricLoader/Mixin) Loaded Fabric development mappings for mixin remapper!
[11:58:21] [main/INFO] (FabricLoader/Mixin) Compatibility level set to JAVA_17
[11:58:21] [main/WARN] (FabricLoader/Mixin) Error loading class: io/vram/frex/base/renderer/context/render/EntityBlockRenderContext (java.lang.ClassNotFoundException: io/vram/frex/base/renderer/context/render/EntityBlockRenderContext)
[11:58:21] [main/WARN] (FabricLoader/Mixin) @Mixin target io.vram.frex.base.renderer.context.render.EntityBlockRenderContext was not found porting_lib_base.mixins.json:client.frex.EntityBlockRenderContextMixin from mod porting_lib_base
[11:58:21] [main/WARN] (FabricLoader/Mixin) Error loading class: dev/ftb/mods/ftbchunks/client/gui/LargeMapScreen (java.lang.ClassNotFoundException: dev/ftb/mods/ftbchunks/client/gui/LargeMapScreen)
[11:58:21] [main/WARN] (FabricLoader/Mixin) @Mixin target dev.ftb.mods.ftbchunks.client.gui.LargeMapScreen was not found create.mixins.json:compat.ftbchunks.LargeMapScreenAccessor from mod create
[11:58:21] [main/WARN] (FabricLoader/Mixin) Error loading class: dev/ftb/mods/ftbchunks/client/gui/RegionMapPanel (java.lang.ClassNotFoundException: dev/ftb/mods/ftbchunks/client/gui/RegionMapPanel)
[11:58:21] [main/WARN] (FabricLoader/Mixin) @Mixin target dev.ftb.mods.ftbchunks.client.gui.RegionMapPanel was not found create.mixins.json:compat.ftbchunks.RegionMapPanelAccessor from mod create
[11:58:21] [main/WARN] (FabricLoader/Mixin) Error loading class: xaero/map/gui/GuiMap (java.lang.ClassNotFoundException: xaero/map/gui/GuiMap)
[11:58:21] [main/WARN] (FabricLoader/Mixin) @Mixin target xaero.map.gui.GuiMap was not found create.mixins.json:compat.xaeros.XaeroFullscreenMapAccessor from mod create
[11:58:21] [main/WARN] (FabricLoader/Mixin) Error loading class: xaero/map/gui/GuiMap (java.lang.ClassNotFoundException: xaero/map/gui/GuiMap)
[11:58:21] [main/WARN] (FabricLoader/Mixin) @Mixin target xaero.map.gui.GuiMap was not found create.mixins.json:compat.xaeros.XaeroFullscreenMapMixin from mod create
[11:58:22] [main/INFO] (FabricLoader/MixinExtras|Service) Initializing MixinExtras via com.llamalad7.mixinextras.service.MixinExtrasServiceImpl(version=0.5.0).
[11:58:24] [Datafixer Bootstrap/INFO] (Minecraft) 188 Datafixer optimizations took 84 milliseconds
[11:58:25] [Render thread/INFO] (Minecraft) Environment: authHost='https://authserver.mojang.com', accountsHost='https://api.mojang.com', sessionHost='https://sessionserver.mojang.com', servicesHost='https://api.minecraftservices.com', name='PROD'
[11:58:25] [Render thread/ERROR] (Minecraft) Failed to verify authentication
com.mojang.authlib.exceptions.InvalidCredentialsException: Status: 401
	at com.mojang.authlib.exceptions.MinecraftClientHttpException.toAuthenticationException(MinecraftClientHttpException.java:56) ~[authlib-4.0.43.jar:?]
	at com.mojang.authlib.yggdrasil.YggdrasilUserApiService.fetchProperties(YggdrasilUserApiService.java:156) ~[authlib-4.0.43.jar:?]
	at com.mojang.authlib.yggdrasil.YggdrasilUserApiService.<init>(YggdrasilUserApiService.java:55) ~[authlib-4.0.43.jar:?]
	at com.mojang.authlib.yggdrasil.YggdrasilAuthenticationService.createUserApiService(YggdrasilAuthenticationService.java:124) ~[authlib-4.0.43.jar:?]
	at net.minecraft.client.Minecraft.createUserApiService(Minecraft.java:733) ~[minecraft-merged-9af5466e56-1.20.1-loom.mappings.1_20_1.layered+hash.1899487486-v2.jar:?]
	at net.minecraft.client.Minecraft.<init>(Minecraft.java:442) ~[minecraft-merged-9af5466e56-1.20.1-loom.mappings.1_20_1.layered+hash.1899487486-v2.jar:?]
	at net.minecraft.client.main.Main.main(Main.java:211) ~[minecraft-merged-9af5466e56-1.20.1-loom.mappings.1_20_1.layered+hash.1899487486-v2.jar:?]
	at net.fabricmc.loader.impl.game.minecraft.MinecraftGameProvider.launch(MinecraftGameProvider.java:506) ~[fabric-loader-0.17.2.jar:?]
	at net.fabricmc.loader.impl.launch.knot.Knot.launch(Knot.java:72) ~[fabric-loader-0.17.2.jar:?]
	at net.fabricmc.loader.impl.launch.knot.KnotClient.main(KnotClient.java:23) ~[fabric-loader-0.17.2.jar:?]
	at net.fabricmc.devlaunchinjector.Main.main(Main.java:86) ~[dev-launch-injector-0.2.1+build.8.jar:?]
Caused by: com.mojang.authlib.exceptions.MinecraftClientHttpException: Status: 401
	at com.mojang.authlib.minecraft.client.MinecraftClient.readInputStream(MinecraftClient.java:85) ~[authlib-4.0.43.jar:?]
	at com.mojang.authlib.minecraft.client.MinecraftClient.get(MinecraftClient.java:48) ~[authlib-4.0.43.jar:?]
	at com.mojang.authlib.yggdrasil.YggdrasilUserApiService.fetchProperties(YggdrasilUserApiService.java:129) ~[authlib-4.0.43.jar:?]
	... 9 more
[11:58:25] [Render thread/INFO] (Minecraft) Setting user: Player187
[11:58:26] [Render thread/INFO] (REI) [REI] Config loaded
[11:58:26] [Render thread/INFO] (NetworkManagerImpl) Registering S2C receiver with id roughlyenoughitems:request_tags_s2c
[11:58:26] [Render thread/INFO] (NetworkManagerImpl) Registering C2S receiver with id roughlyenoughitems:request_tags_c2s
[11:58:26] [Render thread/INFO] (REI) [REI] Registered plugin provider DefaultPlugin [roughlyenoughitems] for REIPlugin
[11:58:26] [Render thread/INFO] (REI) [REI] Registered plugin provider DefaultRuntimePlugin [roughlyenoughitems] for REIPlugin
[11:58:26] [Render thread/INFO] (REI) [REI] Registered plugin provider DefaultClientPlugin [roughlyenoughitems] for REIPlugin
[11:58:26] [Render thread/INFO] (REI) [REI] Registered plugin provider DefaultClientRuntimePlugin [roughlyenoughitems] for REIPlugin
[11:58:26] [Render thread/INFO] (REI) [REI] Registered plugin provider HideIngredientsFromTagsPlugin [roughlyenoughitems] for REIPlugin
[11:58:26] [Render thread/INFO] (REI) [REI] Registered plugin provider create:rei_plugin [create] for REIPlugin
[11:58:26] [Render thread/INFO] (REI) [REI] Registered plugin provider create:rei_plugin [create_aquatic_ambitions] for REIPlugin
[11:58:26] [Render thread/INFO] (REI) [REI] Registered plugin provider DefaultPlugin [roughlyenoughitems] for REIServerPlugin
[11:58:26] [Render thread/INFO] (REI) [REI] Registered plugin provider DefaultRuntimePlugin [roughlyenoughitems] for REIServerPlugin
[11:58:26] [Render thread/INFO] (REI) [REI] Registered plugin provider FabricFluidAPISupportPlugin for REIServerPlugin
[11:58:26] [Render thread/INFO] (REI) [REI] Registered plugin provider FabricFluidAPISupportPlugin for REIPlugin
[11:58:26] [Render thread/INFO] (NetworkManagerImpl) Registering C2S receiver with id roughlyenoughitems:delete_item
[11:58:26] [Render thread/INFO] (NetworkManagerImpl) Registering C2S receiver with id roughlyenoughitems:create_item
[11:58:26] [Render thread/INFO] (NetworkManagerImpl) Registering C2S receiver with id roughlyenoughitems:create_item_grab
[11:58:26] [Render thread/INFO] (NetworkManagerImpl) Registering C2S receiver with id roughlyenoughitems:create_item_hotbar
[11:58:26] [Render thread/INFO] (NetworkManagerImpl) Registering C2S receiver with id roughlyenoughitems:move_items
[11:58:26] [Render thread/INFO] (Create) Create 6.0.8.1 initializing!
[11:58:27] [Render thread/INFO] (Create: Aquatic Ambitions) Create addon mod [Create: Aquatic Ambitions] is loading alongside Create [6 or something idfk]!
[11:58:27] [Render thread/INFO] (Create: Aquatic Ambitions) Create: Aquatic Ambitions is accessing Porting Lib from the client!
[11:58:27] [Worker-Main-1/INFO] (Mod Menu/Update Checker) Checking mod updates...
[11:58:27] [Render thread/INFO] (REI) [REI] Registered plugin provider DefaultClientPlugin [roughlyenoughitems] for REIClientPlugin
[11:58:27] [Render thread/INFO] (REI) [REI] Registered plugin provider DefaultClientRuntimePlugin [roughlyenoughitems] for REIClientPlugin
[11:58:27] [Render thread/INFO] (REI) [REI] Registered plugin provider HideIngredientsFromTagsPlugin [roughlyenoughitems] for REIClientPlugin
[11:58:27] [Render thread/INFO] (REI) [REI] Registered plugin provider create:rei_plugin [create] for REIClientPlugin
[11:58:27] [Render thread/INFO] (REI) [REI] Registered plugin provider create:rei_plugin [create_aquatic_ambitions] for REIClientPlugin
[11:58:27] [Render thread/INFO] (NetworkManagerImpl) Registering S2C receiver with id roughlyenoughitems:ci_msg
[11:58:27] [Render thread/INFO] (NetworkManagerImpl) Registering S2C receiver with id roughlyenoughitems:og_not_enough
[11:58:27] [Render thread/INFO] (NetworkManagerImpl) Registering S2C receiver with id architectury:spawn_entity_packet
[11:58:27] [Render thread/INFO] (Indigo) [Indigo] Registering Indigo renderer!
[11:58:27] [Render thread/INFO] (Minecraft) Backend library: LWJGL version 3.3.1 SNAPSHOT
[11:58:28] [Render thread/INFO] (Create) Created 157 recipes which will be injected into the game
[11:58:28] [Render thread/INFO] (Create) Created 0 tags which will be injected into the game
[11:58:28] [Render thread/ERROR] (Minecraft) Error while loading the narrator
com.mojang.text2speech.Narrator$InitializeException: Failed to load library flite
	at com.mojang.text2speech.NarratorLinux$FliteLibrary.loadNative(NarratorLinux.java:69) ~[text2speech-1.17.9.jar:?]
	at com.mojang.text2speech.NarratorLinux.<init>(NarratorLinux.java:18) ~[text2speech-1.17.9.jar:?]
	at com.mojang.text2speech.Narrator.getNarrator(Narrator.java:41) ~[text2speech-1.17.9.jar:?]
	at net.minecraft.client.GameNarrator.<init>(GameNarrator.java:19) ~[minecraft-merged-9af5466e56-1.20.1-loom.mappings.1_20_1.layered+hash.1899487486-v2.jar:?]
	at net.minecraft.client.Minecraft.<init>(Minecraft.java:640) ~[minecraft-merged-9af5466e56-1.20.1-loom.mappings.1_20_1.layered+hash.1899487486-v2.jar:?]
	at net.minecraft.client.main.Main.main(Main.java:211) ~[minecraft-merged-9af5466e56-1.20.1-loom.mappings.1_20_1.layered+hash.1899487486-v2.jar:?]
	at net.fabricmc.loader.impl.game.minecraft.MinecraftGameProvider.launch(MinecraftGameProvider.java:506) ~[fabric-loader-0.17.2.jar:?]
	at net.fabricmc.loader.impl.launch.knot.Knot.launch(Knot.java:72) ~[fabric-loader-0.17.2.jar:?]
	at net.fabricmc.loader.impl.launch.knot.KnotClient.main(KnotClient.java:23) ~[fabric-loader-0.17.2.jar:?]
	at net.fabricmc.devlaunchinjector.Main.main(Main.java:86) ~[dev-launch-injector-0.2.1+build.8.jar:?]
Caused by: java.lang.UnsatisfiedLinkError: Unable to load library 'flite':
libflite.so: cannot open shared object file: No such file or directory
libflite.so: cannot open shared object file: No such file or directory
Native library (linux-x86-64/libflite.so) not found in resource path (/home/nurufu/repo/create-aquatic-ambitions/build/classes/java/main:/home/nurufu/repo/create-aquatic-ambitions/build/resources/main:/home/nurufu/.gradle/caches/fabric-loom/1.20.1/loom.mappings.1_20_1.layered+hash.1899487486-v2/mappings.jar:/home/nurufu/.gradle/caches/modules-2/files-2.1/org.ow2.asm/asm/9.8/dc19ecb3f7889b7860697215cae99c0f9b6f6b4b/asm-9.8.jar:/home/nurufu/.gradle/caches/modules-2/files-2.1/org.ow2.asm/asm-analysis/9.8/b9747a320844b6cb1eacd90d8ecfd260a16c01d3/asm-analysis-9.8.jar:/home/nurufu/.gradle/caches/modules-2/files-2.1/org.ow2.asm/asm-commons/9.8/36e4d212970388e5bd2c5180292012502df461bb/asm-commons-9.8.jar:/home/nurufu/.gradle/caches/modules-2/files-2.1/org.ow2.asm/asm-tree/9.8/18419ca5b77a2f81097c741e7872e6ab8d2f40d/asm-tree-9.8.jar:/home/nurufu/.gradle/caches/modules-2/files-2.1/org.ow2.asm/asm-util/9.8/395f1c1f035258511f27bc9b2583d76e4b143f59/asm-util-9.8.jar:/home/nurufu/.gradle/caches/modules-2/files-2.1/net.fabricmc/sponge-mixin/0.16.3+mixin.0.8.7/3e535042688d1265447e52ad86950b7d9678a5fa/sponge-mixin-0.16.3+mixin.0.8.7.jar:/home/nurufu/.gradle/caches/modules-2/files-2.1/io.github.llamalad7/mixinextras-fabric/0.5.0/91a83dfb7abd320f6236bd1fcf5c0ff143d59a13/mixinextras-fabric-0.5.0.jar:/home/nurufu/.gradle/caches/modules-2/files-2.1/net.fabricmc/dev-launch-injector/0.2.1+build.8/da8bef7e6e2f952da707f282bdb46882a0fce5e3/dev-launch-injector-0.2.1+build.8.jar:/home/nurufu/.gradle/caches/modules-2/files-2.1/net.minecrell/terminalconsoleappender/1.3.0/b562e9bb61235c9520e26282cdee71f8f802d1fc/terminalconsoleappender-1.3.0.jar:/home/nurufu/.gradle/caches/modules-2/files-2.1/com.github.oshi/oshi-core/6.2.2/54f5efc19bca95d709d9a37d19ffcbba3d21c1a6/oshi-core-6.2.2.jar:/home/nurufu/.gradle/caches/modules-2/files-2.1/com.google.code.gson/gson/2.10/dd9b193aef96e973d5a11ab13cd17430c2e4306b/gson-2.10.jar:/home/nurufu/.gradle/caches/modules-2/files-2.1/com.google.guava/failureaccess/1.0.1/1dcf1de382a0bf95a3d8b0849546c88bac1292c9/failureaccess-1.0.1.jar:/home/nurufu/.gradle/caches/modules-2/files-2.1/com.google.guava/guava/31.1-jre/60458f877d055d0c9114d9e1a2efb737b4bc282c/guava-31.1-jre.jar:/home/nurufu/.gradle/caches/modules-2/files-2.1/com.ibm.icu/icu4j/71.1/9e7d3304c23f9ba5cb71915f7cce23231a57a445/icu4j-71.1.jar:/home/nurufu/.gradle/caches/modules-2/files-2.1/com.mojang/authlib/4.0.43/2ff9d747a77570a07a60d32ac77eb6162ad2a2d9/authlib-4.0.43.jar:/home/nurufu/.gradle/caches/modules-2/files-2.1/com.mojang/blocklist/1.0.10/5c685c5ffa94c4cd39496c7184c1d122e515ecef/blocklist-1.0.10.jar:/home/nurufu/.gradle/caches/modules-2/files-2.1/com.mojang/brigadier/1.1.8/5244ce82c3337bba4a196a3ce858bfaecc74404a/brigadier-1.1.8.jar:/home/nurufu/.gradle/caches/modules-2/files-2.1/com.mojang/datafixerupper/6.0.8/3ba4a30557a9b057760af4011f909ba619fc5125/datafixerupper-6.0.8.jar:/home/nurufu/.gradle/caches/modules-2/files-2.1/com.mojang/logging/1.1.1/832b8e6674a9b325a5175a3a6267dfaf34c85139/logging-1.1.1.jar:/home/nurufu/.gradle/caches/modules-2/files-2.1/com.mojang/patchy/2.2.10/da05971b07cbb379d002cf7eaec6a2048211fefc/patchy-2.2.10.jar:/home/nurufu/.gradle/caches/modules-2/files-2.1/com.mojang/text2speech/1.17.9/3cad216e3a7f0c19b4b394388bc9ffc446f13b14/text2speech-1.17.9.jar:/home/nurufu/.gradle/caches/modules-2/files-2.1/commons-codec/commons-codec/1.15/49d94806b6e3dc933dacbd8acb0fdbab8ebd1e5d/commons-codec-1.15.jar:/home/nurufu/.gradle/caches/modules-2/files-2.1/commons-io/commons-io/2.11.0/a2503f302b11ebde7ebc3df41daebe0e4eea3689/commons-io-2.11.0.jar:/home/nurufu/.gradle/caches/modules-2/files-2.1/commons-logging/commons-logging/1.2/4bfc12adfe4842bf07b657f0369c4cb522955686/commons-logging-1.2.jar:/home/nurufu/.gradle/caches/modules-2/files-2.1/io.netty/netty-buffer/4.1.82.Final/a544270cf1ae8b8077082f5036436a9a9971ea71/netty-buffer-4.1.82.Final.jar:/home/nurufu/.gradle/caches/modules-2/files-2.1/io.netty/netty-codec/4.1.82.Final/b77200379acb345a9ffdece1c605e591ac3e4e0a/netty-codec-4.1.82.Final.jar:/home/nurufu/.gradle/caches/modules-2/files-2.1/io.netty/netty-common/4.1.82.Final/22d148e85c3f5ebdacc0ce1f5aabb1d420f73f3/netty-common-4.1.82.Final.jar:/home/nurufu/.gradle/caches/modules-2/files-2.1/io.netty/netty-handler/4.1.82.Final/644041d1fa96a5d3130a29e8978630d716d76e38/netty-handler-4.1.82.Final.jar:/home/nurufu/.gradle/caches/modules-2/files-2.1/io.netty/netty-resolver/4.1.82.Final/38f665ae8dcd29032eea31245ba7806bed2e0fa8/netty-resolver-4.1.82.Final.jar:/home/nurufu/.gradle/caches/modules-2/files-2.1/io.netty/netty-transport-classes-epoll/4.1.82.Final/e7c7dd18deac93105797f30057c912651ea76521/netty-transport-classes-epoll-4.1.82.Final.jar:/home/nurufu/.gradle/caches/modules-2/files-2.1/io.netty/netty-transport-native-epoll/4.1.82.Final/476409d6255001ca53a55f65b01c13822f8dc93a/netty-transport-native-epoll-4.1.82.Final-linux-aarch_64.jar:/home/nurufu/.gradle/caches/modules-2/files-2.1/io.netty/netty-transport-native-epoll/4.1.82.Final/c7350a71920f3ae9142945e25fed4846cce53374/netty-transport-native-epoll-4.1.82.Final-linux-x86_64.jar:/home/nurufu/.gradle/caches/modules-2/files-2.1/io.netty/netty-transport-native-unix-common/4.1.82.Final/3e895b35ca1b8a0eca56cacff4c2dde5d2c6abce/netty-transport-native-unix-common-4.1.82.Final.jar:/home/nurufu/.gradle/caches/modules-2/files-2.1/io.netty/netty-transport/4.1.82.Final/e431a218d91acb6476ccad5f5aafde50aa3945ca/netty-transport-4.1.82.Final.jar:/home/nurufu/.gradle/caches/modules-2/files-2.1/it.unimi.dsi/fastutil/8.5.9/bb7ea75ecdb216654237830b3a96d87ad91f8cc5/fastutil-8.5.9.jar:/home/nurufu/.gradle/caches/modules-2/files-2.1/net.java.dev.jna/jna-platform/5.12.1/97406a297c852f4a41e688a176ec675f72e8329/jna-platform-5.12.1.jar:/home/nurufu/.gradle/caches/modules-2/files-2.1/net.java.dev.jna/jna/5.12.1/b1e93a735caea94f503e95e6fe79bf9cdc1e985d/jna-5.12.1.jar:/home/nurufu/.gradle/caches/modules-2/files-2.1/net.sf.jopt-simple/jopt-simple/5.0.4/4fdac2fbe92dfad86aa6e9301736f6b4342a3f5c/jopt-simple-5.0.4.jar:/home/nurufu/.gradle/caches/modules-2/files-2.1/org.apache.commons/commons-compress/1.21/4ec95b60d4e86b5c95a0e919cb172a0af98011ef/commons-compress-1.21.jar:/home/nurufu/.gradle/caches/modules-2/files-2.1/org.apache.commons/commons-lang3/3.12.0/c6842c86792ff03b9f1d1fe2aab8dc23aa6c6f0e/commons-lang3-3.12.0.jar:/home/nurufu/.gradle/caches/modules-2/files-2.1/org.apache.httpcomponents/httpclient/4.5.13/e5f6cae5ca7ecaac1ec2827a9e2d65ae2869cada/httpclient-4.5.13.jar:/home/nurufu/.gradle/caches/modules-2/files-2.1/org.apache.httpcomponents/httpcore/4.4.15/7f2e0c573eaa7a74bac2e89b359e1f73d92a0a1d/httpcore-4.4.15.jar:/home/nurufu/.gradle/caches/modules-2/files-2.1/org.apache.logging.log4j/log4j-core/2.19.0/3b6eeb4de4c49c0fe38a4ee27188ff5fee44d0bb/log4j-core-2.19.0.jar:/home/nurufu/.gradle/caches/modules-2/files-2.1/org.apache.logging.log4j/log4j-api/2.19.0/ea1b37f38c327596b216542bc636cfdc0b8036fa/log4j-api-2.19.0.jar:/home/nurufu/.gradle/caches/modules-2/files-2.1/org.apache.logging.log4j/log4j-slf4j2-impl/2.19.0/5c04bfdd63ce9dceb2e284b81e96b6a70010ee10/log4j-slf4j2-impl-2.19.0.jar:/home/nurufu/.gradle/caches/modules-2/files-2.1/org.joml/joml/1.10.5/22566d58af70ad3d72308bab63b8339906deb649/joml-1.10.5.jar:/home/nurufu/.gradle/caches/modules-2/files-2.1/org.lwjgl/lwjgl-glfw/3.3.1/cbac1b8d30cb4795149c1ef540f912671a8616d0/lwjgl-glfw-3.3.1.jar:/home/nurufu/.gradle/caches/modules-2/files-2.1/org.lwjgl/lwjgl-glfw/3.3.1/81716978214ecbda15050ca394b06ef61501a49e/lwjgl-glfw-3.3.1-natives-linux.jar:/home/nurufu/.gradle/caches/modules-2/files-2.1/org.lwjgl/lwjgl-jemalloc/3.3.1/a817bcf213db49f710603677457567c37d53e103/lwjgl-jemalloc-3.3.1.jar:/home/nurufu/.gradle/caches/modules-2/files-2.1/org.lwjgl/lwjgl-jemalloc/3.3.1/33dbb017b6ed6b25f993ad9d56741a49e7937718/lwjgl-jemalloc-3.3.1-natives-linux.jar:/home/nurufu/.gradle/caches/modules-2/files-2.1/org.lwjgl/lwjgl-openal/3.3.1/2623a6b8ae1dfcd880738656a9f0243d2e6840bd/lwjgl-openal-3.3.1.jar:/home/nurufu/.gradle/caches/modules-2/files-2.1/org.lwjgl/lwjgl-openal/3.3.1/f906b6439f6daa66001182ea7727e3467a93681b/lwjgl-openal-3.3.1-natives-linux.jar:/home/nurufu/.gradle/caches/modules-2/files-2.1/org.lwjgl/lwjgl-opengl/3.3.1/831a5533a21a5f4f81bbc51bb13e9899319b5411/lwjgl-opengl-3.3.1.jar:/home/nurufu/.gradle/caches/modules-2/files-2.1/org.lwjgl/lwjgl-opengl/3.3.1/ab9ab6fde3743e3550fa5d46d785ecb45b047d99/lwjgl-opengl-3.3.1-natives-linux.jar:/home/nurufu/.gradle/caches/modules-2/files-2.1/org.lwjgl/lwjgl-stb/3.3.1/b119297cf8ed01f247abe8685857f8e7fcf5980f/lwjgl-stb-3.3.1.jar:/home/nurufu/.gradle/caches/modules-2/files-2.1/org.lwjgl/lwjgl-stb/3.3.1/3ee7aec8686e52867677110415566a5342a80230/lwjgl-stb-3.3.1-natives-linux.jar:/home/nurufu/.gradle/caches/modules-2/files-2.1/org.lwjgl/lwjgl-tinyfd/3.3.1/ff1914111ef2e3e0110ef2dabc8d8cdaad82347/lwjgl-tinyfd-3.3.1.jar:/home/nurufu/.gradle/caches/modules-2/files-2.1/org.lwjgl/lwjgl-tinyfd/3.3.1/a35110b9471bea8cde826ab297550ee8c22f5035/lwjgl-tinyfd-3.3.1-natives-linux.jar:/home/nurufu/.gradle/caches/modules-2/files-2.1/org.lwjgl/lwjgl/3.3.1/ae58664f88e18a9bb2c77b063833ca7aaec484cb/lwjgl-3.3.1.jar:/home/nurufu/.gradle/caches/modules-2/files-2.1/org.lwjgl/lwjgl/3.3.1/1de885aba434f934201b99f2f1afb142036ac189/lwjgl-3.3.1-natives-linux.jar:/home/nurufu/.gradle/caches/modules-2/files-2.1/org.slf4j/slf4j-api/2.0.1/f48d81adce2abf5ad3cfe463df517952749e03bc/slf4j-api-2.0.1.jar:/home/nurufu/repo/create-aquatic-ambitions/.gradle/loom-cache/minecraftMaven/net/minecraft/minecraft-merged-9af5466e56/1.20.1-loom.mappings.1_20_1.layered+hash.1899487486-v2/minecraft-merged-9af5466e56-1.20.1-loom.mappings.1_20_1.layered+hash.1899487486-v2.jar:/home/nurufu/.gradle/caches/modules-2/files-2.1/net.fabricmc/fabric-loader/0.17.2/647622ac4163aad5ed5f79ccb532e31225562aa/fabric-loader-0.17.2.jar:/home/nurufu/.gradle/caches/modules-2/files-2.1/com.google.code.findbugs/jsr305/3.0.2/25ea2e8b0c338a877313bd4672d3fe056ea78f0d/jsr305-3.0.2.jar:/home/nurufu/.gradle/caches/modules-2/files-2.1/net.createmod.ponder/Ponder-Common-1.20.1/1.0.91/8c50e5d95015f2412975b7cf89541e5cb418d69f/Ponder-Common-1.20.1-1.0.91.jar:/home/nurufu/.gradle/caches/modules-2/files-2.1/com.electronwill.night-config/toml/3.6.6/f300021dfeece6a2907a0e7545574598220e4ef0/toml-3.6.6.jar:/home/nurufu/.gradle/caches/modules-2/files-2.1/com.electronwill.night-config/core/3.6.6/1dccdc2c372ad0846561a2bd40c9db0543e55863/core-3.6.6.jar:/home/nurufu/.gradle/caches/modules-2/files-2.1/javax.annotation/javax.annotation-api/1.3.2/934c04d3cfef185a8008e7bf34331b79730a9d43/javax.annotation-api-1.3.2.jar:/home/nurufu/.gradle/caches/modules-2/files-2.1/blue.endless/jankson/1.2.0/3a596049034f2952c0b2d40ca41f9b98856d5fb4/jankson-1.2.0.jar:/home/nurufu/.gradle/caches/modules-2/files-2.1/com.moandjiezana.toml/toml4j/0.7.2/a03337911d0bd2c40932aca3946edb30d0e7d0c/toml4j-0.7.2.jar:/home/nurufu/.gradle/caches/modules-2/files-2.1/org.yaml/snakeyaml/1.27/359d62567480b07a679dc643f82fc926b100eed5/snakeyaml-1.27.jar:/home/nurufu/repo/create-aquatic-ambitions/.gradle/loom-cache/remapped_mods/loom_mappings_1_20_1_layered_hash_1899487486_v2/com/simibubi/create/create-fabric/6.0.8.1+build.1744-mc1.20.1/create-fabric-6.0.8.1+build.1744-mc1.20.1.jar:/home/nurufu/repo/create-aquatic-ambitions/.gradle/loom-cache/remapped_mods/loom_mappings_1_20_1_layered_hash_1899487486_v2/net/createmod/ponder/Ponder-Fabric-1.20.1/1.0.91/Ponder-Fabric-1.20.1-1.0.91.jar:/home/nurufu/repo/create-aquatic-ambitions/.gradle/loom-cache/remapped_mods/loom_mappings_1_20_1_layered_hash_1899487486_v2/io/github/fabricators_of_create/Porting-Lib/base/2.3.13+1.20.1/base-2.3.13+1.20.1.jar:/home/nurufu/repo/create-aquatic-ambitions/.gradle/loom-cache/remapped_mods/loom_mappings_1_20_1_layered_hash_1899487486_v2/io/github/fabricators_of_create/Porting-Lib/extensions/2.3.13+1.20.1/extensions-2.3.13+1.20.1.jar:/home/nurufu/repo/create-aquatic-ambitions/.gradle/loom-cache/remapped_mods/loom_mappings_1_20_1_layered_hash_1899487486_v2/io/github/fabricators_of_create/Porting-Lib/accessors/2.3.13+1.20.1/accessors-2.3.13+1.20.1.jar:/home/nurufu/repo/create-aquatic-ambitions/.gradle/loom-cache/remapped_mods/loom_mappings_1_20_1_layered_hash_1899487486_v2/io/github/fabricators_of_create/Porting-Lib/entity/2.3.13+1.20.1/entity-2.3.13+1.20.1.jar:/home/nurufu/repo/create-aquatic-ambitions/.gradle/loom-cache/remapped_mods/loom_mappings_1_20_1_layered_hash_1899487486_v2/io/github/fabricators_of_create/Porting-Lib/networking/2.3.13+1.20.1/networking-2.3.13+1.20.1.jar:/home/nurufu/repo/create-aquatic-ambitions/.gradle/loom-cache/remapped_mods/loom_mappings_1_20_1_layered_hash_1899487486_v2/io/github/fabricators_of_create/Porting-Lib/obj_loader/2.3.13+1.20.1/obj_loader-2.3.13+1.20.1.jar:/home/nurufu/repo/create-aquatic-ambitions/.gradle/loom-cache/remapped_mods/loom_mappings_1_20_1_layered_hash_1899487486_v2/io/github/fabricators_of_create/Porting-Lib/tags/2.3.13+1.20.1/tags-2.3.13+1.20.1.jar:/home/nurufu/repo/create-aquatic-ambitions/.gradle/loom-cache/remapped_mods/loom_mappings_1_20_1_layered_hash_1899487486_v2/io/github/fabricators_of_create/Porting-Lib/models/2.3.13+1.20.1/models-2.3.13+1.20.1.jar:/home/nurufu/repo/create-aquatic-ambitions/.gradle/loom-cache/remapped_mods/loom_mappings_1_20_1_layered_hash_1899487486_v2/io/github/fabricators_of_create/Porting-Lib/transfer/2.3.13+1.20.1/transfer-2.3.13+1.20.1.jar:/home/nurufu/repo/create-aquatic-ambitions/.gradle/loom-cache/remapped_mods/loom_mappings_1_20_1_layered_hash_1899487486_v2/io/github/fabricators_of_create/Porting-Lib/model_generators/2.3.13+1.20.1/model_generators-2.3.13+1.20.1.jar:/home/nurufu/repo/create-aquatic-ambitions/.gradle/loom-cache/remapped_mods/loom_mappings_1_20_1_layered_hash_1899487486_v2/io/github/fabricators_of_create/Porting-Lib/tool_actions/2.3.13+1.20.1/tool_actions-2.3.13+1.20.1.jar:/home/nurufu/repo/create-aquatic-ambitions/.gradle/loom-cache/remapped_mods/loom_mappings_1_20_1_layered_hash_1899487486_v2/io/github/fabricators_of_create/Porting-Lib/client_events/2.3.13+1.20.1/client_events-2.3.13+1.20.1.jar:/home/nurufu/repo/create-aquatic-ambitions/.gradle/loom-cache/remapped_mods/loom_mappings_1_20_1_layered_hash_1899487486_v2/io/github/fabricators_of_create/Porting-Lib/brewing/2.3.13+1.20.1/brewing-2.3.13+1.20.1.jar:/home/nurufu/repo/create-aquatic-ambitions/.gradle/loom-cache/remapped_mods/loom_mappings_1_20_1_layered_hash_1899487486_v2/com/tterrag/registrate_fabric/Registrate/1.3.79-MC1.20.1/Registrate-1.3.79-MC1.20.1.jar:/home/nurufu/repo/create-aquatic-ambitions/.gradle/loom-cache/remapped_mods/loom_mappings_1_20_1_layered_hash_1899487486_v2/fuzs/forgeconfigapiport/forgeconfigapiport-fabric/8.0.0/forgeconfigapiport-fabric-8.0.0.jar:/home/nurufu/repo/create-aquatic-ambitions/.gradle/loom-cache/remapped_mods/loom_mappings_1_20_1_layered_hash_1899487486_v2/io/github/fabricators_of_create/Porting-Lib/attributes/2.3.13+1.20.1/attributes-2.3.13+1.20.1.jar:/home/nurufu/repo/create-aquatic-ambitions/.gradle/loom-cache/remapped_mods/loom_mappings_1_20_1_layered_hash_1899487486_v2/com/jamieswhiteshirt/reach-entity-attributes/2.4.0/reach-entity-attributes-2.4.0.jar:/home/nurufu/repo/create-aquatic-ambitions/.gradle/loom-cache/remapped_mods/loom_mappings_1_20_1_layered_hash_1899487486_v2/io/github/tropheusj/milk-lib/1.2.60/milk-lib-1.2.60.jar:/home/nurufu/repo/create-aquatic-ambitions/.gradle/loom-cache/remapped_mods/loom_mappings_1_20_1_layered_hash_1899487486_v2/io/github/fabricators_of_create/Porting-Lib/lazy_registration/2.3.13+1.20.1/lazy_registration-2.3.13+1.20.1.jar:/home/nurufu/repo/create-aquatic-ambitions/.gradle/loom-cache/remapped_mods/loom_mappings_1_20_1_layered_hash_1899487486_v2/io/github/fabricators_of_create/Porting-Lib/gui_utils/2.3.13+1.20.1/gui_utils-2.3.13+1.20.1.jar:/home/nurufu/repo/create-aquatic-ambitions/.gradle/loom-cache/remapped_mods/loom_mappings_1_20_1_layered_hash_1899487486_v2/io/github/fabricators_of_create/Porting-Lib/data/2.3.13+1.20.1/data-2.3.13+1.20.1.jar:/home/nurufu/repo/create-aquatic-ambitions/.gradle/loom-cache/remapped_mods/loom_mappings_1_20_1_layered_hash_1899487486_v2/io/github/fabricators_of_create/Porting-Lib/utility/2.3.13+1.20.1/utility-2.3.13+1.20.1.jar:/home/nurufu/repo/create-aquatic-ambitions/.gradle/loom-cache/remapped_mods/loom_mappings_1_20_1_layered_hash_1899487486_v2/io/github/fabricators_of_create/Porting-Lib/common/2.3.13+1.20.1/common-2.3.13+1.20.1.jar:/home/nurufu/repo/create-aquatic-ambitions/.gradle/loom-cache/remapped_mods/loom_mappings_1_20_1_layered_hash_1899487486_v2/io/github/fabricators_of_create/Porting-Lib/config/2.3.13+1.20.1/config-2.3.13+1.20.1.jar:/home/nurufu/repo/create-aquatic-ambitions/.gradle/loom-cache/remapped_mods/loom_mappings_1_20_1_layered_hash_1899487486_v2/io/github/fabricators_of_create/Porting-Lib/mixin_extensions/2.3.13+1.20.1/mixin_extensions-2.3.13+1.20.1.jar:/home/nurufu/repo/create-aquatic-ambitions/.gradle/loom-cache/remapped_mods/loom_mappings_1_20_1_layered_hash_1899487486_v2/io/github/fabricators_of_create/Porting-Lib/model_loader/2.3.13+1.20.1/model_loader-2.3.13+1.20.1.jar:/home/nurufu/repo/create-aquatic-ambitions/.gradle/loom-cache/remapped_mods/loom_mappings_1_20_1_layered_hash_1899487486_v2/io/github/fabricators_of_create/Porting-Lib/fluids/2.3.13+1.20.1/fluids-2.3.13+1.20.1.jar:/home/nurufu/repo/create-aquatic-ambitions/.gradle/loom-cache/remapped_mods/loom_mappings_1_20_1_layered_hash_1899487486_v2/io/github/fabricators_of_create/Porting-Lib/model_materials/2.3.13+1.20.1/model_materials-2.3.13+1.20.1.jar:/home/nurufu/repo/create-aquatic-ambitions/.gradle/loom-cache/remapped_mods/loom_mappings_1_20_1_layered_hash_1899487486_v2/io/github/fabricators_of_create/Porting-Lib/core/2.3.13+1.20.1/core-2.3.13+1.20.1.jar:/home/nurufu/repo/create-aquatic-ambitions/.gradle/loom-cache/remapped_mods/loom_mappings_1_20_1_layered_hash_1899487486_v2/io/github/tropheusj/dripstone-fluid-lib/3.0.2/dripstone-fluid-lib-3.0.2.jar:/home/nurufu/repo/create-aquatic-ambitions/.gradle/loom-cache/remapped_mods/loom_mappings_1_20_1_layered_hash_1899487486_v2/net/fabricmc/fabric-api/fabric-api/0.92.9+1.20.1/fabric-api-0.92.9+1.20.1.jar:/home/nurufu/repo/create-aquatic-ambitions/.gradle/loom-cache/remapped_mods/loom_mappings_1_20_1_layered_hash_1899487486_v2/net/fabricmc/fabric-api/fabric-transfer-api-v1/3.3.6+8dd72ea377/fabric-transfer-api-v1-3.3.6+8dd72ea377.jar:/home/nurufu/repo/create-aquatic-ambitions/.gradle/loom-cache/remapped_mods/loom_mappings_1_20_1_layered_hash_1899487486_v2/net/fabricmc/fabric-api/fabric-api-lookup-api-v1/1.6.37+1802ada577/fabric-api-lookup-api-v1-1.6.37+1802ada577.jar:/home/nurufu/repo/create-aquatic-ambitions/.gradle/loom-cache/remapped_mods/loom_mappings_1_20_1_layered_hash_1899487486_v2/net/fabricmc/fabric-api/fabric-blockrenderlayer-v1/1.1.42+1802ada577/fabric-blockrenderlayer-v1-1.1.42+1802ada577.jar:/home/nurufu/repo/create-aquatic-ambitions/.gradle/loom-cache/remapped_mods/loom_mappings_1_20_1_layered_hash_1899487486_v2/net/fabricmc/fabric-api/fabric-client-tags-api-v1/1.1.3+1802ada577/fabric-client-tags-api-v1-1.1.3+1802ada577.jar:/home/nurufu/repo/create-aquatic-ambitions/.gradle/loom-cache/remapped_mods/loom_mappings_1_20_1_layered_hash_1899487486_v2/net/fabricmc/fabric-api/fabric-command-api-v1/1.2.35+f71b366f77/fabric-command-api-v1-1.2.35+f71b366f77.jar:/home/nurufu/repo/create-aquatic-ambitions/.gradle/loom-cache/remapped_mods/loom_mappings_1_20_1_layered_hash_1899487486_v2/net/fabricmc/fabric-api/fabric-commands-v0/0.2.52+df3654b377/fabric-commands-v0-0.2.52+df3654b377.jar:/home/nurufu/repo/create-aquatic-ambitions/.gradle/loom-cache/remapped_mods/loom_mappings_1_20_1_layered_hash_1899487486_v2/net/fabricmc/fabric-api/fabric-command-api-v2/2.2.14+1802ada577/fabric-command-api-v2-2.2.14+1802ada577.jar:/home/nurufu/repo/create-aquatic-ambitions/.gradle/loom-cache/remapped_mods/loom_mappings_1_20_1_layered_hash_1899487486_v2/net/fabricmc/fabric-api/fabric-content-registries-v0/4.0.13+1802ada577/fabric-content-registries-v0-4.0.13+1802ada577.jar:/home/nurufu/repo/create-aquatic-ambitions/.gradle/loom-cache/remapped_mods/loom_mappings_1_20_1_layered_hash_1899487486_v2/net/fabricmc/fabric-api/fabric-convention-tags-v1/1.5.6+1802ada577/fabric-convention-tags-v1-1.5.6+1802ada577.jar:/home/nurufu/repo/create-aquatic-ambitions/.gradle/loom-cache/remapped_mods/loom_mappings_1_20_1_layered_hash_1899487486_v2/net/fabricmc/fabric-api/fabric-data-attachment-api-v1/1.0.2+de0fd6d177/fabric-data-attachment-api-v1-1.0.2+de0fd6d177.jar:/home/nurufu/repo/create-aquatic-ambitions/.gradle/loom-cache/remapped_mods/loom_mappings_1_20_1_layered_hash_1899487486_v2/net/fabricmc/fabric-api/fabric-data-generation-api-v1/12.3.9+1802ada577/fabric-data-generation-api-v1-12.3.9+1802ada577.jar:/home/nurufu/repo/create-aquatic-ambitions/.gradle/loom-cache/remapped_mods/loom_mappings_1_20_1_layered_hash_1899487486_v2/net/fabricmc/fabric-api/fabric-dimensions-v1/2.1.55+1802ada577/fabric-dimensions-v1-2.1.55+1802ada577.jar:/home/nurufu/repo/create-aquatic-ambitions/.gradle/loom-cache/remapped_mods/loom_mappings_1_20_1_layered_hash_1899487486_v2/net/fabricmc/fabric-api/fabric-entity-events-v1/1.6.1+1c78457f77/fabric-entity-events-v1-1.6.1+1c78457f77.jar:/home/nurufu/repo/create-aquatic-ambitions/.gradle/loom-cache/remapped_mods/loom_mappings_1_20_1_layered_hash_1899487486_v2/net/fabricmc/fabric-api/fabric-events-interaction-v0/0.6.6+13a40c6677/fabric-events-interaction-v0-0.6.6+13a40c6677.jar:/home/nurufu/repo/create-aquatic-ambitions/.gradle/loom-cache/remapped_mods/loom_mappings_1_20_1_layered_hash_1899487486_v2/net/fabricmc/fabric-api/fabric-gametest-api-v1/1.2.15+1802ada577/fabric-gametest-api-v1-1.2.15+1802ada577.jar:/home/nurufu/repo/create-aquatic-ambitions/.gradle/loom-cache/remapped_mods/loom_mappings_1_20_1_layered_hash_1899487486_v2/net/fabricmc/fabric-api/fabric-events-lifecycle-v0/0.2.64+df3654b377/fabric-events-lifecycle-v0-0.2.64+df3654b377.jar:/home/nurufu/repo/create-aquatic-ambitions/.gradle/loom-cache/remapped_mods/loom_mappings_1_20_1_layered_hash_1899487486_v2/net/fabricmc/fabric-api/fabric-item-api-v1/2.1.29+1802ada577/fabric-item-api-v1-2.1.29+1802ada577.jar:/home/nurufu/repo/create-aquatic-ambitions/.gradle/loom-cache/remapped_mods/loom_mappings_1_20_1_layered_hash_1899487486_v2/net/fabricmc/fabric-api/fabric-item-group-api-v1/4.0.14+1802ada577/fabric-item-group-api-v1-4.0.14+1802ada577.jar:/home/nurufu/repo/create-aquatic-ambitions/.gradle/loom-cache/remapped_mods/loom_mappings_1_20_1_layered_hash_1899487486_v2/net/fabricmc/fabric-api/fabric-mining-level-api-v1/2.1.52+1802ada577/fabric-mining-level-api-v1-2.1.52+1802ada577.jar:/home/nurufu/repo/create-aquatic-ambitions/.gradle/loom-cache/remapped_mods/loom_mappings_1_20_1_layered_hash_1899487486_v2/net/fabricmc/fabric-api/fabric-lifecycle-events-v1/2.2.23+1802ada577/fabric-lifecycle-events-v1-2.2.23+1802ada577.jar:/home/nurufu/repo/create-aquatic-ambitions/.gradle/loom-cache/remapped_mods/loom_mappings_1_20_1_layered_hash_1899487486_v2/net/fabricmc/fabric-api/fabric-loot-tables-v1/1.1.47+9e7660c677/fabric-loot-tables-v1-1.1.47+9e7660c677.jar:/home/nurufu/repo/create-aquatic-ambitions/.gradle/loom-cache/remapped_mods/loom_mappings_1_20_1_layered_hash_1899487486_v2/net/fabricmc/fabric-api/fabric-loot-api-v2/1.2.3+1802ada577/fabric-loot-api-v2-1.2.3+1802ada577.jar:/home/nurufu/repo/create-aquatic-ambitions/.gradle/loom-cache/remapped_mods/loom_mappings_1_20_1_layered_hash_1899487486_v2/net/fabricmc/fabric-api/fabric-message-api-v1/5.1.10+1802ada577/fabric-message-api-v1-5.1.10+1802ada577.jar:/home/nurufu/repo/create-aquatic-ambitions/.gradle/loom-cache/remapped_mods/loom_mappings_1_20_1_layered_hash_1899487486_v2/net/fabricmc/fabric-api/fabric-models-v0/0.4.3+9386d8a777/fabric-models-v0-0.4.3+9386d8a777.jar:/home/nurufu/repo/create-aquatic-ambitions/.gradle/loom-cache/remapped_mods/loom_mappings_1_20_1_layered_hash_1899487486_v2/net/fabricmc/fabric-api/fabric-model-loading-api-v1/1.0.4+1802ada577/fabric-model-loading-api-v1-1.0.4+1802ada577.jar:/home/nurufu/repo/create-aquatic-ambitions/.gradle/loom-cache/remapped_mods/loom_mappings_1_20_1_layered_hash_1899487486_v2/net/fabricmc/fabric-api/fabric-recipe-api-v1/1.0.25+1802ada577/fabric-recipe-api-v1-1.0.25+1802ada577.jar:/home/nurufu/repo/create-aquatic-ambitions/.gradle/loom-cache/remapped_mods/loom_mappings_1_20_1_layered_hash_1899487486_v2/net/fabricmc/fabric-api/fabric-registry-sync-v0/2.4.1+4c0a70e677/fabric-registry-sync-v0-2.4.1+4c0a70e677.jar:/home/nurufu/repo/create-aquatic-ambitions/.gradle/loom-cache/remapped_mods/loom_mappings_1_20_1_layered_hash_1899487486_v2/net/fabricmc/fabric-api/fabric-screen-handler-api-v1/1.3.34+1802ada577/fabric-screen-handler-api-v1-1.3.34+1802ada577.jar:/home/nurufu/repo/create-aquatic-ambitions/.gradle/loom-cache/remapped_mods/loom_mappings_1_20_1_layered_hash_1899487486_v2/net/fabricmc/fabric-api/fabric-containers-v0/0.1.68+df3654b377/fabric-containers-v0-0.1.68+df3654b377.jar:/home/nurufu/repo/create-aquatic-ambitions/.gradle/loom-cache/remapped_mods/loom_mappings_1_20_1_layered_hash_1899487486_v2/net/fabricmc/fabric-api/fabric-networking-v0/0.3.55+df3654b377/fabric-networking-v0-0.3.55+df3654b377.jar:/home/nurufu/repo/create-aquatic-ambitions/.gradle/loom-cache/remapped_mods/loom_mappings_1_20_1_layered_hash_1899487486_v2/net/fabricmc/fabric-api/fabric-networking-api-v1/1.3.15+0caff8d077/fabric-networking-api-v1-1.3.15+0caff8d077.jar:/home/nurufu/repo/create-aquatic-ambitions/.gradle/loom-cache/remapped_mods/loom_mappings_1_20_1_layered_hash_1899487486_v2/net/fabricmc/fabric-api/fabric-object-builder-api-v1/11.1.5+e35120df77/fabric-object-builder-api-v1-11.1.5+e35120df77.jar:/home/nurufu/repo/create-aquatic-ambitions/.gradle/loom-cache/remapped_mods/loom_mappings_1_20_1_layered_hash_1899487486_v2/net/fabricmc/fabric-api/fabric-particles-v1/1.1.3+1802ada577/fabric-particles-v1-1.1.3+1802ada577.jar:/home/nurufu/repo/create-aquatic-ambitions/.gradle/loom-cache/remapped_mods/loom_mappings_1_20_1_layered_hash_1899487486_v2/net/fabricmc/fabric-api/fabric-renderer-indigo/1.5.3+85287f9f77/fabric-renderer-indigo-1.5.3+85287f9f77.jar:/home/nurufu/repo/create-aquatic-ambitions/.gradle/loom-cache/remapped_mods/loom_mappings_1_20_1_layered_hash_1899487486_v2/net/fabricmc/fabric-api/fabric-renderer-api-v1/3.2.2+1802ada577/fabric-renderer-api-v1-3.2.2+1802ada577.jar:/home/nurufu/repo/create-aquatic-ambitions/.gradle/loom-cache/remapped_mods/loom_mappings_1_20_1_layered_hash_1899487486_v2/net/fabricmc/fabric-api/fabric-rendering-fluids-v1/3.0.29+1802ada577/fabric-rendering-fluids-v1-3.0.29+1802ada577.jar:/home/nurufu/repo/create-aquatic-ambitions/.gradle/loom-cache/remapped_mods/loom_mappings_1_20_1_layered_hash_1899487486_v2/net/fabricmc/fabric-api/fabric-renderer-registries-v1/3.2.47+df3654b377/fabric-renderer-registries-v1-3.2.47+df3654b377.jar:/home/nurufu/repo/create-aquatic-ambitions/.gradle/loom-cache/remapped_mods/loom_mappings_1_20_1_layered_hash_1899487486_v2/net/fabricmc/fabric-api/fabric-rendering-v0/1.1.50+df3654b377/fabric-rendering-v0-1.1.50+df3654b377.jar:/home/nurufu/repo/create-aquatic-ambitions/.gradle/loom-cache/remapped_mods/loom_mappings_1_20_1_layered_hash_1899487486_v2/net/fabricmc/fabric-api/fabric-rendering-v1/3.0.9+1802ada577/fabric-rendering-v1-3.0.9+1802ada577.jar:/home/nurufu/repo/create-aquatic-ambitions/.gradle/loom-cache/remapped_mods/loom_mappings_1_20_1_layered_hash_1899487486_v2/net/fabricmc/fabric-api/fabric-screen-api-v1/2.0.9+1802ada577/fabric-screen-api-v1-2.0.9+1802ada577.jar:/home/nurufu/repo/create-aquatic-ambitions/.gradle/loom-cache/remapped_mods/loom_mappings_1_20_1_layered_hash_1899487486_v2/net/fabricmc/fabric-api/fabric-api-base/0.4.32+1802ada577/fabric-api-base-0.4.32+1802ada577.jar:/home/nurufu/repo/create-aquatic-ambitions/.gradle/loom-cache/remapped_mods/loom_mappings_1_20_1_layered_hash_1899487486_v2/net/fabricmc/fabric-api/fabric-biome-api-v1/13.0.15+93aa238b77/fabric-biome-api-v1-13.0.15+93aa238b77.jar:/home/nurufu/repo/create-aquatic-ambitions/.gradle/loom-cache/remapped_mods/loom_mappings_1_20_1_layered_hash_1899487486_v2/net/fabricmc/fabric-api/fabric-block-api-v1/1.0.12+1802ada577/fabric-block-api-v1-1.0.12+1802ada577.jar:/home/nurufu/repo/create-aquatic-ambitions/.gradle/loom-cache/remapped_mods/loom_mappings_1_20_1_layered_hash_1899487486_v2/net/fabricmc/fabric-api/fabric-rendering-data-attachment-v1/0.3.39+92a0d36777/fabric-rendering-data-attachment-v1-0.3.39+92a0d36777.jar:/home/nurufu/repo/create-aquatic-ambitions/.gradle/loom-cache/remapped_mods/loom_mappings_1_20_1_layered_hash_1899487486_v2/net/fabricmc/fabric-api/fabric-block-view-api-v2/1.0.3+924f046a77/fabric-block-view-api-v2-1.0.3+924f046a77.jar:/home/nurufu/repo/create-aquatic-ambitions/.gradle/loom-cache/remapped_mods/loom_mappings_1_20_1_layered_hash_1899487486_v2/net/fabricmc/fabric-api/fabric-crash-report-info-v1/0.2.20+1802ada577/fabric-crash-report-info-v1-0.2.20+1802ada577.jar:/home/nurufu/repo/create-aquatic-ambitions/.gradle/loom-cache/remapped_mods/loom_mappings_1_20_1_layered_hash_1899487486_v2/net/fabricmc/fabric-api/fabric-game-rule-api-v1/1.0.41+1802ada577/fabric-game-rule-api-v1-1.0.41+1802ada577.jar:/home/nurufu/repo/create-aquatic-ambitions/.gradle/loom-cache/remapped_mods/loom_mappings_1_20_1_layered_hash_1899487486_v2/net/fabricmc/fabric-api/fabric-keybindings-v0/0.2.36+df3654b377/fabric-keybindings-v0-0.2.36+df3654b377.jar:/home/nurufu/repo/create-aquatic-ambitions/.gradle/loom-cache/remapped_mods/loom_mappings_1_20_1_layered_hash_1899487486_v2/net/fabricmc/fabric-api/fabric-key-binding-api-v1/1.0.38+1802ada577/fabric-key-binding-api-v1-1.0.38+1802ada577.jar:/home/nurufu/repo/create-aquatic-ambitions/.gradle/loom-cache/remapped_mods/loom_mappings_1_20_1_layered_hash_1899487486_v2/net/fabricmc/fabric-api/fabric-resource-conditions-api-v1/2.3.9+1802ada577/fabric-resource-conditions-api-v1-2.3.9+1802ada577.jar:/home/nurufu/repo/create-aquatic-ambitions/.gradle/loom-cache/remapped_mods/loom_mappings_1_20_1_layered_hash_1899487486_v2/net/fabricmc/fabric-api/fabric-resource-loader-v0/0.11.12+fb82e9d777/fabric-resource-loader-v0-0.11.12+fb82e9d777.jar:/home/nurufu/repo/create-aquatic-ambitions/.gradle/loom-cache/remapped_mods/loom_mappings_1_20_1_layered_hash_1899487486_v2/net/fabricmc/fabric-api/fabric-sound-api-v1/1.0.14+1802ada577/fabric-sound-api-v1-1.0.14+1802ada577.jar:/home/nurufu/repo/create-aquatic-ambitions/.gradle/loom-cache/remapped_mods/loom_mappings_1_20_1_layered_hash_1899487486_v2/net/fabricmc/fabric-api/fabric-transitive-access-wideners-v1/4.3.2+1802ada577/fabric-transitive-access-wideners-v1-4.3.2+1802ada577.jar:/home/nurufu/repo/create-aquatic-ambitions/.gradle/loom-cache/remapped_mods/loom_mappings_1_20_1_layered_hash_1899487486_v2/dev/engine-room/flywheel/flywheel-fabric-1.20.1/1.0.5-264/flywheel-fabric-1.20.1-1.0.5-264.jar:/home/nurufu/repo/create-aquatic-ambitions/.gradle/loom-cache/remapped_mods/loom_mappings_1_20_1_layered_hash_1899487486_v2/io/github/llamalad7/mixinextras-fabric/0.4.0-beta.2/mixinextras-fabric-0.4.0-beta.2.jar:/home/nurufu/repo/create-aquatic-ambitions/.gradle/loom-cache/remapped_mods/loom_mappings_1_20_1_layered_hash_1899487486_v2/dev/engine-room/flywheel/flywheel-fabric-api-1.20.1/1.0.0-215/flywheel-fabric-api-1.20.1-1.0.0-215.jar:/home/nurufu/repo/create-aquatic-ambitions/.gradle/loom-cache/remapped_mods/loom_mappings_1_20_1_layered_hash_1899487486_v2/com/terraformersmc/modmenu/7.1.0/modmenu-7.1.0.jar:/home/nurufu/repo/create-aquatic-ambitions/.gradle/loom-cache/remapped_mods/loom_mappings_1_20_1_layered_hash_1899487486_v2/me/shedaniel/RoughlyEnoughItems-fabric/12.0.626/RoughlyEnoughItems-fabric-12.0.626.jar:/home/nurufu/repo/create-aquatic-ambitions/.gradle/loom-cache/remapped_mods/loom_mappings_1_20_1_layered_hash_1899487486_v2/me/shedaniel/cloth/cloth-config-fabric/11.0.99/cloth-config-fabric-11.0.99.jar:/home/nurufu/repo/create-aquatic-ambitions/.gradle/loom-cache/remapped_mods/loom_mappings_1_20_1_layered_hash_1899487486_v2/dev/architectury/architectury-fabric/9.0.7/architectury-fabric-9.0.7.jar:/home/nurufu/repo/create-aquatic-ambitions/.gradle/loom-cache/remapped_mods/loom_mappings_1_20_1_layered_hash_1899487486_v2/me/shedaniel/error-notifier-fabric/1.0.9/error-notifier-fabric-1.0.9.jar:/home/nurufu/repo/create-aquatic-ambitions/.gradle/loom-cache/remapped_mods/loom_mappings_1_20_1_layered_hash_1899487486_v2/me/shedaniel/cloth/basic-math/0.6.1/basic-math-0.6.1.jar:/home/nurufu/.gradle/caches/modules-2/files-2.1/org.jline/jline-reader/3.20.0/8f15415b022a25b473e8e16c28ae913186ffb9c4/jline-reader-3.20.0.jar:/home/nurufu/.gradle/caches/modules-2/files-2.1/org.jline/jline-terminal/3.20.0/d0ddcc708ddf527a3454c941b7b9225cc83a15ff/jline-terminal-3.20.0.jar)
	at com.sun.jna.NativeLibrary.loadLibrary(NativeLibrary.java:307) ~[jna-5.12.1.jar:5.12.1 (b0)]
	at com.sun.jna.NativeLibrary.getInstance(NativeLibrary.java:467) ~[jna-5.12.1.jar:5.12.1 (b0)]
	at com.sun.jna.NativeLibrary.getInstance(NativeLibrary.java:409) ~[jna-5.12.1.jar:5.12.1 (b0)]
	at com.mojang.text2speech.NarratorLinux$FliteLibrary.loadNative(NarratorLinux.java:67) ~[text2speech-1.17.9.jar:?]
	... 9 more
	Suppressed: java.lang.UnsatisfiedLinkError: libflite.so: cannot open shared object file: No such file or directory
		at com.sun.jna.Native.open(Native Method) ~[jna-5.12.1.jar:5.12.1 (b0)]
		at com.sun.jna.NativeLibrary.loadLibrary(NativeLibrary.java:197) ~[jna-5.12.1.jar:5.12.1 (b0)]
		at com.sun.jna.NativeLibrary.getInstance(NativeLibrary.java:467) ~[jna-5.12.1.jar:5.12.1 (b0)]
		at com.sun.jna.NativeLibrary.getInstance(NativeLibrary.java:409) ~[jna-5.12.1.jar:5.12.1 (b0)]
		at com.mojang.text2speech.NarratorLinux$FliteLibrary.loadNative(NarratorLinux.java:67) ~[text2speech-1.17.9.jar:?]
		at com.mojang.text2speech.NarratorLinux.<init>(NarratorLinux.java:18) ~[text2speech-1.17.9.jar:?]
		at com.mojang.text2speech.Narrator.getNarrator(Narrator.java:41) ~[text2speech-1.17.9.jar:?]
		at net.minecraft.client.GameNarrator.<init>(GameNarrator.java:19) ~[minecraft-merged-9af5466e56-1.20.1-loom.mappings.1_20_1.layered+hash.1899487486-v2.jar:?]
		at net.minecraft.client.Minecraft.<init>(Minecraft.java:640) ~[minecraft-merged-9af5466e56-1.20.1-loom.mappings.1_20_1.layered+hash.1899487486-v2.jar:?]
		at net.minecraft.client.main.Main.main(Main.java:211) ~[minecraft-merged-9af5466e56-1.20.1-loom.mappings.1_20_1.layered+hash.1899487486-v2.jar:?]
		at net.fabricmc.loader.impl.game.minecraft.MinecraftGameProvider.launch(MinecraftGameProvider.java:506) ~[fabric-loader-0.17.2.jar:?]
		at net.fabricmc.loader.impl.launch.knot.Knot.launch(Knot.java:72) ~[fabric-loader-0.17.2.jar:?]
		at net.fabricmc.loader.impl.launch.knot.KnotClient.main(KnotClient.java:23) ~[fabric-loader-0.17.2.jar:?]
		at net.fabricmc.devlaunchinjector.Main.main(Main.java:86) ~[dev-launch-injector-0.2.1+build.8.jar:?]
	Suppressed: java.lang.UnsatisfiedLinkError: libflite.so: cannot open shared object file: No such file or directory
		at com.sun.jna.Native.open(Native Method) ~[jna-5.12.1.jar:5.12.1 (b0)]
		at com.sun.jna.NativeLibrary.loadLibrary(NativeLibrary.java:210) ~[jna-5.12.1.jar:5.12.1 (b0)]
		at com.sun.jna.NativeLibrary.getInstance(NativeLibrary.java:467) ~[jna-5.12.1.jar:5.12.1 (b0)]
		at com.sun.jna.NativeLibrary.getInstance(NativeLibrary.java:409) ~[jna-5.12.1.jar:5.12.1 (b0)]
		at com.mojang.text2speech.NarratorLinux$FliteLibrary.loadNative(NarratorLinux.java:67) ~[text2speech-1.17.9.jar:?]
		at com.mojang.text2speech.NarratorLinux.<init>(NarratorLinux.java:18) ~[text2speech-1.17.9.jar:?]
		at com.mojang.text2speech.Narrator.getNarrator(Narrator.java:41) ~[text2speech-1.17.9.jar:?]
		at net.minecraft.client.GameNarrator.<init>(GameNarrator.java:19) ~[minecraft-merged-9af5466e56-1.20.1-loom.mappings.1_20_1.layered+hash.1899487486-v2.jar:?]
		at net.minecraft.client.Minecraft.<init>(Minecraft.java:640) ~[minecraft-merged-9af5466e56-1.20.1-loom.mappings.1_20_1.layered+hash.1899487486-v2.jar:?]
		at net.minecraft.client.main.Main.main(Main.java:211) ~[minecraft-merged-9af5466e56-1.20.1-loom.mappings.1_20_1.layered+hash.1899487486-v2.jar:?]
		at net.fabricmc.loader.impl.game.minecraft.MinecraftGameProvider.launch(MinecraftGameProvider.java:506) ~[fabric-loader-0.17.2.jar:?]
		at net.fabricmc.loader.impl.launch.knot.Knot.launch(Knot.java:72) ~[fabric-loader-0.17.2.jar:?]
		at net.fabricmc.loader.impl.launch.knot.KnotClient.main(KnotClient.java:23) ~[fabric-loader-0.17.2.jar:?]
		at net.fabricmc.devlaunchinjector.Main.main(Main.java:86) ~[dev-launch-injector-0.2.1+build.8.jar:?]
	Suppressed: java.io.IOException: Native library (linux-x86-64/libflite.so) not found in resource path (/home/nurufu/repo/create-aquatic-ambitions/build/classes/java/main:/home/nurufu/repo/create-aquatic-ambitions/build/resources/main:/home/nurufu/.gradle/caches/fabric-loom/1.20.1/loom.mappings.1_20_1.layered+hash.1899487486-v2/mappings.jar:/home/nurufu/.gradle/caches/modules-2/files-2.1/org.ow2.asm/asm/9.8/dc19ecb3f7889b7860697215cae99c0f9b6f6b4b/asm-9.8.jar:/home/nurufu/.gradle/caches/modules-2/files-2.1/org.ow2.asm/asm-analysis/9.8/b9747a320844b6cb1eacd90d8ecfd260a16c01d3/asm-analysis-9.8.jar:/home/nurufu/.gradle/caches/modules-2/files-2.1/org.ow2.asm/asm-commons/9.8/36e4d212970388e5bd2c5180292012502df461bb/asm-commons-9.8.jar:/home/nurufu/.gradle/caches/modules-2/files-2.1/org.ow2.asm/asm-tree/9.8/18419ca5b77a2f81097c741e7872e6ab8d2f40d/asm-tree-9.8.jar:/home/nurufu/.gradle/caches/modules-2/files-2.1/org.ow2.asm/asm-util/9.8/395f1c1f035258511f27bc9b2583d76e4b143f59/asm-util-9.8.jar:/home/nurufu/.gradle/caches/modules-2/files-2.1/net.fabricmc/sponge-mixin/0.16.3+mixin.0.8.7/3e535042688d1265447e52ad86950b7d9678a5fa/sponge-mixin-0.16.3+mixin.0.8.7.jar:/home/nurufu/.gradle/caches/modules-2/files-2.1/io.github.llamalad7/mixinextras-fabric/0.5.0/91a83dfb7abd320f6236bd1fcf5c0ff143d59a13/mixinextras-fabric-0.5.0.jar:/home/nurufu/.gradle/caches/modules-2/files-2.1/net.fabricmc/dev-launch-injector/0.2.1+build.8/da8bef7e6e2f952da707f282bdb46882a0fce5e3/dev-launch-injector-0.2.1+build.8.jar:/home/nurufu/.gradle/caches/modules-2/files-2.1/net.minecrell/terminalconsoleappender/1.3.0/b562e9bb61235c9520e26282cdee71f8f802d1fc/terminalconsoleappender-1.3.0.jar:/home/nurufu/.gradle/caches/modules-2/files-2.1/com.github.oshi/oshi-core/6.2.2/54f5efc19bca95d709d9a37d19ffcbba3d21c1a6/oshi-core-6.2.2.jar:/home/nurufu/.gradle/caches/modules-2/files-2.1/com.google.code.gson/gson/2.10/dd9b193aef96e973d5a11ab13cd17430c2e4306b/gson-2.10.jar:/home/nurufu/.gradle/caches/modules-2/files-2.1/com.google.guava/failureaccess/1.0.1/1dcf1de382a0bf95a3d8b0849546c88bac1292c9/failureaccess-1.0.1.jar:/home/nurufu/.gradle/caches/modules-2/files-2.1/com.google.guava/guava/31.1-jre/60458f877d055d0c9114d9e1a2efb737b4bc282c/guava-31.1-jre.jar:/home/nurufu/.gradle/caches/modules-2/files-2.1/com.ibm.icu/icu4j/71.1/9e7d3304c23f9ba5cb71915f7cce23231a57a445/icu4j-71.1.jar:/home/nurufu/.gradle/caches/modules-2/files-2.1/com.mojang/authlib/4.0.43/2ff9d747a77570a07a60d32ac77eb6162ad2a2d9/authlib-4.0.43.jar:/home/nurufu/.gradle/caches/modules-2/files-2.1/com.mojang/blocklist/1.0.10/5c685c5ffa94c4cd39496c7184c1d122e515ecef/blocklist-1.0.10.jar:/home/nurufu/.gradle/caches/modules-2/files-2.1/com.mojang/brigadier/1.1.8/5244ce82c3337bba4a196a3ce858bfaecc74404a/brigadier-1.1.8.jar:/home/nurufu/.gradle/caches/modules-2/files-2.1/com.mojang/datafixerupper/6.0.8/3ba4a30557a9b057760af4011f909ba619fc5125/datafixerupper-6.0.8.jar:/home/nurufu/.gradle/caches/modules-2/files-2.1/com.mojang/logging/1.1.1/832b8e6674a9b325a5175a3a6267dfaf34c85139/logging-1.1.1.jar:/home/nurufu/.gradle/caches/modules-2/files-2.1/com.mojang/patchy/2.2.10/da05971b07cbb379d002cf7eaec6a2048211fefc/patchy-2.2.10.jar:/home/nurufu/.gradle/caches/modules-2/files-2.1/com.mojang/text2speech/1.17.9/3cad216e3a7f0c19b4b394388bc9ffc446f13b14/text2speech-1.17.9.jar:/home/nurufu/.gradle/caches/modules-2/files-2.1/commons-codec/commons-codec/1.15/49d94806b6e3dc933dacbd8acb0fdbab8ebd1e5d/commons-codec-1.15.jar:/home/nurufu/.gradle/caches/modules-2/files-2.1/commons-io/commons-io/2.11.0/a2503f302b11ebde7ebc3df41daebe0e4eea3689/commons-io-2.11.0.jar:/home/nurufu/.gradle/caches/modules-2/files-2.1/commons-logging/commons-logging/1.2/4bfc12adfe4842bf07b657f0369c4cb522955686/commons-logging-1.2.jar:/home/nurufu/.gradle/caches/modules-2/files-2.1/io.netty/netty-buffer/4.1.82.Final/a544270cf1ae8b8077082f5036436a9a9971ea71/netty-buffer-4.1.82.Final.jar:/home/nurufu/.gradle/caches/modules-2/files-2.1/io.netty/netty-codec/4.1.82.Final/b77200379acb345a9ffdece1c605e591ac3e4e0a/netty-codec-4.1.82.Final.jar:/home/nurufu/.gradle/caches/modules-2/files-2.1/io.netty/netty-common/4.1.82.Final/22d148e85c3f5ebdacc0ce1f5aabb1d420f73f3/netty-common-4.1.82.Final.jar:/home/nurufu/.gradle/caches/modules-2/files-2.1/io.netty/netty-handler/4.1.82.Final/644041d1fa96a5d3130a29e8978630d716d76e38/netty-handler-4.1.82.Final.jar:/home/nurufu/.gradle/caches/modules-2/files-2.1/io.netty/netty-resolver/4.1.82.Final/38f665ae8dcd29032eea31245ba7806bed2e0fa8/netty-resolver-4.1.82.Final.jar:/home/nurufu/.gradle/caches/modules-2/files-2.1/io.netty/netty-transport-classes-epoll/4.1.82.Final/e7c7dd18deac93105797f30057c912651ea76521/netty-transport-classes-epoll-4.1.82.Final.jar:/home/nurufu/.gradle/caches/modules-2/files-2.1/io.netty/netty-transport-native-epoll/4.1.82.Final/476409d6255001ca53a55f65b01c13822f8dc93a/netty-transport-native-epoll-4.1.82.Final-linux-aarch_64.jar:/home/nurufu/.gradle/caches/modules-2/files-2.1/io.netty/netty-transport-native-epoll/4.1.82.Final/c7350a71920f3ae9142945e25fed4846cce53374/netty-transport-native-epoll-4.1.82.Final-linux-x86_64.jar:/home/nurufu/.gradle/caches/modules-2/files-2.1/io.netty/netty-transport-native-unix-common/4.1.82.Final/3e895b35ca1b8a0eca56cacff4c2dde5d2c6abce/netty-transport-native-unix-common-4.1.82.Final.jar:/home/nurufu/.gradle/caches/modules-2/files-2.1/io.netty/netty-transport/4.1.82.Final/e431a218d91acb6476ccad5f5aafde50aa3945ca/netty-transport-4.1.82.Final.jar:/home/nurufu/.gradle/caches/modules-2/files-2.1/it.unimi.dsi/fastutil/8.5.9/bb7ea75ecdb216654237830b3a96d87ad91f8cc5/fastutil-8.5.9.jar:/home/nurufu/.gradle/caches/modules-2/files-2.1/net.java.dev.jna/jna-platform/5.12.1/97406a297c852f4a41e688a176ec675f72e8329/jna-platform-5.12.1.jar:/home/nurufu/.gradle/caches/modules-2/files-2.1/net.java.dev.jna/jna/5.12.1/b1e93a735caea94f503e95e6fe79bf9cdc1e985d/jna-5.12.1.jar:/home/nurufu/.gradle/caches/modules-2/files-2.1/net.sf.jopt-simple/jopt-simple/5.0.4/4fdac2fbe92dfad86aa6e9301736f6b4342a3f5c/jopt-simple-5.0.4.jar:/home/nurufu/.gradle/caches/modules-2/files-2.1/org.apache.commons/commons-compress/1.21/4ec95b60d4e86b5c95a0e919cb172a0af98011ef/commons-compress-1.21.jar:/home/nurufu/.gradle/caches/modules-2/files-2.1/org.apache.commons/commons-lang3/3.12.0/c6842c86792ff03b9f1d1fe2aab8dc23aa6c6f0e/commons-lang3-3.12.0.jar:/home/nurufu/.gradle/caches/modules-2/files-2.1/org.apache.httpcomponents/httpclient/4.5.13/e5f6cae5ca7ecaac1ec2827a9e2d65ae2869cada/httpclient-4.5.13.jar:/home/nurufu/.gradle/caches/modules-2/files-2.1/org.apache.httpcomponents/httpcore/4.4.15/7f2e0c573eaa7a74bac2e89b359e1f73d92a0a1d/httpcore-4.4.15.jar:/home/nurufu/.gradle/caches/modules-2/files-2.1/org.apache.logging.log4j/log4j-core/2.19.0/3b6eeb4de4c49c0fe38a4ee27188ff5fee44d0bb/log4j-core-2.19.0.jar:/home/nurufu/.gradle/caches/modules-2/files-2.1/org.apache.logging.log4j/log4j-api/2.19.0/ea1b37f38c327596b216542bc636cfdc0b8036fa/log4j-api-2.19.0.jar:/home/nurufu/.gradle/caches/modules-2/files-2.1/org.apache.logging.log4j/log4j-slf4j2-impl/2.19.0/5c04bfdd63ce9dceb2e284b81e96b6a70010ee10/log4j-slf4j2-impl-2.19.0.jar:/home/nurufu/.gradle/caches/modules-2/files-2.1/org.joml/joml/1.10.5/22566d58af70ad3d72308bab63b8339906deb649/joml-1.10.5.jar:/home/nurufu/.gradle/caches/modules-2/files-2.1/org.lwjgl/lwjgl-glfw/3.3.1/cbac1b8d30cb4795149c1ef540f912671a8616d0/lwjgl-glfw-3.3.1.jar:/home/nurufu/.gradle/caches/modules-2/files-2.1/org.lwjgl/lwjgl-glfw/3.3.1/81716978214ecbda15050ca394b06ef61501a49e/lwjgl-glfw-3.3.1-natives-linux.jar:/home/nurufu/.gradle/caches/modules-2/files-2.1/org.lwjgl/lwjgl-jemalloc/3.3.1/a817bcf213db49f710603677457567c37d53e103/lwjgl-jemalloc-3.3.1.jar:/home/nurufu/.gradle/caches/modules-2/files-2.1/org.lwjgl/lwjgl-jemalloc/3.3.1/33dbb017b6ed6b25f993ad9d56741a49e7937718/lwjgl-jemalloc-3.3.1-natives-linux.jar:/home/nurufu/.gradle/caches/modules-2/files-2.1/org.lwjgl/lwjgl-openal/3.3.1/2623a6b8ae1dfcd880738656a9f0243d2e6840bd/lwjgl-openal-3.3.1.jar:/home/nurufu/.gradle/caches/modules-2/files-2.1/org.lwjgl/lwjgl-openal/3.3.1/f906b6439f6daa66001182ea7727e3467a93681b/lwjgl-openal-3.3.1-natives-linux.jar:/home/nurufu/.gradle/caches/modules-2/files-2.1/org.lwjgl/lwjgl-opengl/3.3.1/831a5533a21a5f4f81bbc51bb13e9899319b5411/lwjgl-opengl-3.3.1.jar:/home/nurufu/.gradle/caches/modules-2/files-2.1/org.lwjgl/lwjgl-opengl/3.3.1/ab9ab6fde3743e3550fa5d46d785ecb45b047d99/lwjgl-opengl-3.3.1-natives-linux.jar:/home/nurufu/.gradle/caches/modules-2/files-2.1/org.lwjgl/lwjgl-stb/3.3.1/b119297cf8ed01f247abe8685857f8e7fcf5980f/lwjgl-stb-3.3.1.jar:/home/nurufu/.gradle/caches/modules-2/files-2.1/org.lwjgl/lwjgl-stb/3.3.1/3ee7aec8686e52867677110415566a5342a80230/lwjgl-stb-3.3.1-natives-linux.jar:/home/nurufu/.gradle/caches/modules-2/files-2.1/org.lwjgl/lwjgl-tinyfd/3.3.1/ff1914111ef2e3e0110ef2dabc8d8cdaad82347/lwjgl-tinyfd-3.3.1.jar:/home/nurufu/.gradle/caches/modules-2/files-2.1/org.lwjgl/lwjgl-tinyfd/3.3.1/a35110b9471bea8cde826ab297550ee8c22f5035/lwjgl-tinyfd-3.3.1-natives-linux.jar:/home/nurufu/.gradle/caches/modules-2/files-2.1/org.lwjgl/lwjgl/3.3.1/ae58664f88e18a9bb2c77b063833ca7aaec484cb/lwjgl-3.3.1.jar:/home/nurufu/.gradle/caches/modules-2/files-2.1/org.lwjgl/lwjgl/3.3.1/1de885aba434f934201b99f2f1afb142036ac189/lwjgl-3.3.1-natives-linux.jar:/home/nurufu/.gradle/caches/modules-2/files-2.1/org.slf4j/slf4j-api/2.0.1/f48d81adce2abf5ad3cfe463df517952749e03bc/slf4j-api-2.0.1.jar:/home/nurufu/repo/create-aquatic-ambitions/.gradle/loom-cache/minecraftMaven/net/minecraft/minecraft-merged-9af5466e56/1.20.1-loom.mappings.1_20_1.layered+hash.1899487486-v2/minecraft-merged-9af5466e56-1.20.1-loom.mappings.1_20_1.layered+hash.1899487486-v2.jar:/home/nurufu/.gradle/caches/modules-2/files-2.1/net.fabricmc/fabric-loader/0.17.2/647622ac4163aad5ed5f79ccb532e31225562aa/fabric-loader-0.17.2.jar:/home/nurufu/.gradle/caches/modules-2/files-2.1/com.google.code.findbugs/jsr305/3.0.2/25ea2e8b0c338a877313bd4672d3fe056ea78f0d/jsr305-3.0.2.jar:/home/nurufu/.gradle/caches/modules-2/files-2.1/net.createmod.ponder/Ponder-Common-1.20.1/1.0.91/8c50e5d95015f2412975b7cf89541e5cb418d69f/Ponder-Common-1.20.1-1.0.91.jar:/home/nurufu/.gradle/caches/modules-2/files-2.1/com.electronwill.night-config/toml/3.6.6/f300021dfeece6a2907a0e7545574598220e4ef0/toml-3.6.6.jar:/home/nurufu/.gradle/caches/modules-2/files-2.1/com.electronwill.night-config/core/3.6.6/1dccdc2c372ad0846561a2bd40c9db0543e55863/core-3.6.6.jar:/home/nurufu/.gradle/caches/modules-2/files-2.1/javax.annotation/javax.annotation-api/1.3.2/934c04d3cfef185a8008e7bf34331b79730a9d43/javax.annotation-api-1.3.2.jar:/home/nurufu/.gradle/caches/modules-2/files-2.1/blue.endless/jankson/1.2.0/3a596049034f2952c0b2d40ca41f9b98856d5fb4/jankson-1.2.0.jar:/home/nurufu/.gradle/caches/modules-2/files-2.1/com.moandjiezana.toml/toml4j/0.7.2/a03337911d0bd2c40932aca3946edb30d0e7d0c/toml4j-0.7.2.jar:/home/nurufu/.gradle/caches/modules-2/files-2.1/org.yaml/snakeyaml/1.27/359d62567480b07a679dc643f82fc926b100eed5/snakeyaml-1.27.jar:/home/nurufu/repo/create-aquatic-ambitions/.gradle/loom-cache/remapped_mods/loom_mappings_1_20_1_layered_hash_1899487486_v2/com/simibubi/create/create-fabric/6.0.8.1+build.1744-mc1.20.1/create-fabric-6.0.8.1+build.1744-mc1.20.1.jar:/home/nurufu/repo/create-aquatic-ambitions/.gradle/loom-cache/remapped_mods/loom_mappings_1_20_1_layered_hash_1899487486_v2/net/createmod/ponder/Ponder-Fabric-1.20.1/1.0.91/Ponder-Fabric-1.20.1-1.0.91.jar:/home/nurufu/repo/create-aquatic-ambitions/.gradle/loom-cache/remapped_mods/loom_mappings_1_20_1_layered_hash_1899487486_v2/io/github/fabricators_of_create/Porting-Lib/base/2.3.13+1.20.1/base-2.3.13+1.20.1.jar:/home/nurufu/repo/create-aquatic-ambitions/.gradle/loom-cache/remapped_mods/loom_mappings_1_20_1_layered_hash_1899487486_v2/io/github/fabricators_of_create/Porting-Lib/extensions/2.3.13+1.20.1/extensions-2.3.13+1.20.1.jar:/home/nurufu/repo/create-aquatic-ambitions/.gradle/loom-cache/remapped_mods/loom_mappings_1_20_1_layered_hash_1899487486_v2/io/github/fabricators_of_create/Porting-Lib/accessors/2.3.13+1.20.1/accessors-2.3.13+1.20.1.jar:/home/nurufu/repo/create-aquatic-ambitions/.gradle/loom-cache/remapped_mods/loom_mappings_1_20_1_layered_hash_1899487486_v2/io/github/fabricators_of_create/Porting-Lib/entity/2.3.13+1.20.1/entity-2.3.13+1.20.1.jar:/home/nurufu/repo/create-aquatic-ambitions/.gradle/loom-cache/remapped_mods/loom_mappings_1_20_1_layered_hash_1899487486_v2/io/github/fabricators_of_create/Porting-Lib/networking/2.3.13+1.20.1/networking-2.3.13+1.20.1.jar:/home/nurufu/repo/create-aquatic-ambitions/.gradle/loom-cache/remapped_mods/loom_mappings_1_20_1_layered_hash_1899487486_v2/io/github/fabricators_of_create/Porting-Lib/obj_loader/2.3.13+1.20.1/obj_loader-2.3.13+1.20.1.jar:/home/nurufu/repo/create-aquatic-ambitions/.gradle/loom-cache/remapped_mods/loom_mappings_1_20_1_layered_hash_1899487486_v2/io/github/fabricators_of_create/Porting-Lib/tags/2.3.13+1.20.1/tags-2.3.13+1.20.1.jar:/home/nurufu/repo/create-aquatic-ambitions/.gradle/loom-cache/remapped_mods/loom_mappings_1_20_1_layered_hash_1899487486_v2/io/github/fabricators_of_create/Porting-Lib/models/2.3.13+1.20.1/models-2.3.13+1.20.1.jar:/home/nurufu/repo/create-aquatic-ambitions/.gradle/loom-cache/remapped_mods/loom_mappings_1_20_1_layered_hash_1899487486_v2/io/github/fabricators_of_create/Porting-Lib/transfer/2.3.13+1.20.1/transfer-2.3.13+1.20.1.jar:/home/nurufu/repo/create-aquatic-ambitions/.gradle/loom-cache/remapped_mods/loom_mappings_1_20_1_layered_hash_1899487486_v2/io/github/fabricators_of_create/Porting-Lib/model_generators/2.3.13+1.20.1/model_generators-2.3.13+1.20.1.jar:/home/nurufu/repo/create-aquatic-ambitions/.gradle/loom-cache/remapped_mods/loom_mappings_1_20_1_layered_hash_1899487486_v2/io/github/fabricators_of_create/Porting-Lib/tool_actions/2.3.13+1.20.1/tool_actions-2.3.13+1.20.1.jar:/home/nurufu/repo/create-aquatic-ambitions/.gradle/loom-cache/remapped_mods/loom_mappings_1_20_1_layered_hash_1899487486_v2/io/github/fabricators_of_create/Porting-Lib/client_events/2.3.13+1.20.1/client_events-2.3.13+1.20.1.jar:/home/nurufu/repo/create-aquatic-ambitions/.gradle/loom-cache/remapped_mods/loom_mappings_1_20_1_layered_hash_1899487486_v2/io/github/fabricators_of_create/Porting-Lib/brewing/2.3.13+1.20.1/brewing-2.3.13+1.20.1.jar:/home/nurufu/repo/create-aquatic-ambitions/.gradle/loom-cache/remapped_mods/loom_mappings_1_20_1_layered_hash_1899487486_v2/com/tterrag/registrate_fabric/Registrate/1.3.79-MC1.20.1/Registrate-1.3.79-MC1.20.1.jar:/home/nurufu/repo/create-aquatic-ambitions/.gradle/loom-cache/remapped_mods/loom_mappings_1_20_1_layered_hash_1899487486_v2/fuzs/forgeconfigapiport/forgeconfigapiport-fabric/8.0.0/forgeconfigapiport-fabric-8.0.0.jar:/home/nurufu/repo/create-aquatic-ambitions/.gradle/loom-cache/remapped_mods/loom_mappings_1_20_1_layered_hash_1899487486_v2/io/github/fabricators_of_create/Porting-Lib/attributes/2.3.13+1.20.1/attributes-2.3.13+1.20.1.jar:/home/nurufu/repo/create-aquatic-ambitions/.gradle/loom-cache/remapped_mods/loom_mappings_1_20_1_layered_hash_1899487486_v2/com/jamieswhiteshirt/reach-entity-attributes/2.4.0/reach-entity-attributes-2.4.0.jar:/home/nurufu/repo/create-aquatic-ambitions/.gradle/loom-cache/remapped_mods/loom_mappings_1_20_1_layered_hash_1899487486_v2/io/github/tropheusj/milk-lib/1.2.60/milk-lib-1.2.60.jar:/home/nurufu/repo/create-aquatic-ambitions/.gradle/loom-cache/remapped_mods/loom_mappings_1_20_1_layered_hash_1899487486_v2/io/github/fabricators_of_create/Porting-Lib/lazy_registration/2.3.13+1.20.1/lazy_registration-2.3.13+1.20.1.jar:/home/nurufu/repo/create-aquatic-ambitions/.gradle/loom-cache/remapped_mods/loom_mappings_1_20_1_layered_hash_1899487486_v2/io/github/fabricators_of_create/Porting-Lib/gui_utils/2.3.13+1.20.1/gui_utils-2.3.13+1.20.1.jar:/home/nurufu/repo/create-aquatic-ambitions/.gradle/loom-cache/remapped_mods/loom_mappings_1_20_1_layered_hash_1899487486_v2/io/github/fabricators_of_create/Porting-Lib/data/2.3.13+1.20.1/data-2.3.13+1.20.1.jar:/home/nurufu/repo/create-aquatic-ambitions/.gradle/loom-cache/remapped_mods/loom_mappings_1_20_1_layered_hash_1899487486_v2/io/github/fabricators_of_create/Porting-Lib/utility/2.3.13+1.20.1/utility-2.3.13+1.20.1.jar:/home/nurufu/repo/create-aquatic-ambitions/.gradle/loom-cache/remapped_mods/loom_mappings_1_20_1_layered_hash_1899487486_v2/io/github/fabricators_of_create/Porting-Lib/common/2.3.13+1.20.1/common-2.3.13+1.20.1.jar:/home/nurufu/repo/create-aquatic-ambitions/.gradle/loom-cache/remapped_mods/loom_mappings_1_20_1_layered_hash_1899487486_v2/io/github/fabricators_of_create/Porting-Lib/config/2.3.13+1.20.1/config-2.3.13+1.20.1.jar:/home/nurufu/repo/create-aquatic-ambitions/.gradle/loom-cache/remapped_mods/loom_mappings_1_20_1_layered_hash_1899487486_v2/io/github/fabricators_of_create/Porting-Lib/mixin_extensions/2.3.13+1.20.1/mixin_extensions-2.3.13+1.20.1.jar:/home/nurufu/repo/create-aquatic-ambitions/.gradle/loom-cache/remapped_mods/loom_mappings_1_20_1_layered_hash_1899487486_v2/io/github/fabricators_of_create/Porting-Lib/model_loader/2.3.13+1.20.1/model_loader-2.3.13+1.20.1.jar:/home/nurufu/repo/create-aquatic-ambitions/.gradle/loom-cache/remapped_mods/loom_mappings_1_20_1_layered_hash_1899487486_v2/io/github/fabricators_of_create/Porting-Lib/fluids/2.3.13+1.20.1/fluids-2.3.13+1.20.1.jar:/home/nurufu/repo/create-aquatic-ambitions/.gradle/loom-cache/remapped_mods/loom_mappings_1_20_1_layered_hash_1899487486_v2/io/github/fabricators_of_create/Porting-Lib/model_materials/2.3.13+1.20.1/model_materials-2.3.13+1.20.1.jar:/home/nurufu/repo/create-aquatic-ambitions/.gradle/loom-cache/remapped_mods/loom_mappings_1_20_1_layered_hash_1899487486_v2/io/github/fabricators_of_create/Porting-Lib/core/2.3.13+1.20.1/core-2.3.13+1.20.1.jar:/home/nurufu/repo/create-aquatic-ambitions/.gradle/loom-cache/remapped_mods/loom_mappings_1_20_1_layered_hash_1899487486_v2/io/github/tropheusj/dripstone-fluid-lib/3.0.2/dripstone-fluid-lib-3.0.2.jar:/home/nurufu/repo/create-aquatic-ambitions/.gradle/loom-cache/remapped_mods/loom_mappings_1_20_1_layered_hash_1899487486_v2/net/fabricmc/fabric-api/fabric-api/0.92.9+1.20.1/fabric-api-0.92.9+1.20.1.jar:/home/nurufu/repo/create-aquatic-ambitions/.gradle/loom-cache/remapped_mods/loom_mappings_1_20_1_layered_hash_1899487486_v2/net/fabricmc/fabric-api/fabric-transfer-api-v1/3.3.6+8dd72ea377/fabric-transfer-api-v1-3.3.6+8dd72ea377.jar:/home/nurufu/repo/create-aquatic-ambitions/.gradle/loom-cache/remapped_mods/loom_mappings_1_20_1_layered_hash_1899487486_v2/net/fabricmc/fabric-api/fabric-api-lookup-api-v1/1.6.37+1802ada577/fabric-api-lookup-api-v1-1.6.37+1802ada577.jar:/home/nurufu/repo/create-aquatic-ambitions/.gradle/loom-cache/remapped_mods/loom_mappings_1_20_1_layered_hash_1899487486_v2/net/fabricmc/fabric-api/fabric-blockrenderlayer-v1/1.1.42+1802ada577/fabric-blockrenderlayer-v1-1.1.42+1802ada577.jar:/home/nurufu/repo/create-aquatic-ambitions/.gradle/loom-cache/remapped_mods/loom_mappings_1_20_1_layered_hash_1899487486_v2/net/fabricmc/fabric-api/fabric-client-tags-api-v1/1.1.3+1802ada577/fabric-client-tags-api-v1-1.1.3+1802ada577.jar:/home/nurufu/repo/create-aquatic-ambitions/.gradle/loom-cache/remapped_mods/loom_mappings_1_20_1_layered_hash_1899487486_v2/net/fabricmc/fabric-api/fabric-command-api-v1/1.2.35+f71b366f77/fabric-command-api-v1-1.2.35+f71b366f77.jar:/home/nurufu/repo/create-aquatic-ambitions/.gradle/loom-cache/remapped_mods/loom_mappings_1_20_1_layered_hash_1899487486_v2/net/fabricmc/fabric-api/fabric-commands-v0/0.2.52+df3654b377/fabric-commands-v0-0.2.52+df3654b377.jar:/home/nurufu/repo/create-aquatic-ambitions/.gradle/loom-cache/remapped_mods/loom_mappings_1_20_1_layered_hash_1899487486_v2/net/fabricmc/fabric-api/fabric-command-api-v2/2.2.14+1802ada577/fabric-command-api-v2-2.2.14+1802ada577.jar:/home/nurufu/repo/create-aquatic-ambitions/.gradle/loom-cache/remapped_mods/loom_mappings_1_20_1_layered_hash_1899487486_v2/net/fabricmc/fabric-api/fabric-content-registries-v0/4.0.13+1802ada577/fabric-content-registries-v0-4.0.13+1802ada577.jar:/home/nurufu/repo/create-aquatic-ambitions/.gradle/loom-cache/remapped_mods/loom_mappings_1_20_1_layered_hash_1899487486_v2/net/fabricmc/fabric-api/fabric-convention-tags-v1/1.5.6+1802ada577/fabric-convention-tags-v1-1.5.6+1802ada577.jar:/home/nurufu/repo/create-aquatic-ambitions/.gradle/loom-cache/remapped_mods/loom_mappings_1_20_1_layered_hash_1899487486_v2/net/fabricmc/fabric-api/fabric-data-attachment-api-v1/1.0.2+de0fd6d177/fabric-data-attachment-api-v1-1.0.2+de0fd6d177.jar:/home/nurufu/repo/create-aquatic-ambitions/.gradle/loom-cache/remapped_mods/loom_mappings_1_20_1_layered_hash_1899487486_v2/net/fabricmc/fabric-api/fabric-data-generation-api-v1/12.3.9+1802ada577/fabric-data-generation-api-v1-12.3.9+1802ada577.jar:/home/nurufu/repo/create-aquatic-ambitions/.gradle/loom-cache/remapped_mods/loom_mappings_1_20_1_layered_hash_1899487486_v2/net/fabricmc/fabric-api/fabric-dimensions-v1/2.1.55+1802ada577/fabric-dimensions-v1-2.1.55+1802ada577.jar:/home/nurufu/repo/create-aquatic-ambitions/.gradle/loom-cache/remapped_mods/loom_mappings_1_20_1_layered_hash_1899487486_v2/net/fabricmc/fabric-api/fabric-entity-events-v1/1.6.1+1c78457f77/fabric-entity-events-v1-1.6.1+1c78457f77.jar:/home/nurufu/repo/create-aquatic-ambitions/.gradle/loom-cache/remapped_mods/loom_mappings_1_20_1_layered_hash_1899487486_v2/net/fabricmc/fabric-api/fabric-events-interaction-v0/0.6.6+13a40c6677/fabric-events-interaction-v0-0.6.6+13a40c6677.jar:/home/nurufu/repo/create-aquatic-ambitions/.gradle/loom-cache/remapped_mods/loom_mappings_1_20_1_layered_hash_1899487486_v2/net/fabricmc/fabric-api/fabric-gametest-api-v1/1.2.15+1802ada577/fabric-gametest-api-v1-1.2.15+1802ada577.jar:/home/nurufu/repo/create-aquatic-ambitions/.gradle/loom-cache/remapped_mods/loom_mappings_1_20_1_layered_hash_1899487486_v2/net/fabricmc/fabric-api/fabric-events-lifecycle-v0/0.2.64+df3654b377/fabric-events-lifecycle-v0-0.2.64+df3654b377.jar:/home/nurufu/repo/create-aquatic-ambitions/.gradle/loom-cache/remapped_mods/loom_mappings_1_20_1_layered_hash_1899487486_v2/net/fabricmc/fabric-api/fabric-item-api-v1/2.1.29+1802ada577/fabric-item-api-v1-2.1.29+1802ada577.jar:/home/nurufu/repo/create-aquatic-ambitions/.gradle/loom-cache/remapped_mods/loom_mappings_1_20_1_layered_hash_1899487486_v2/net/fabricmc/fabric-api/fabric-item-group-api-v1/4.0.14+1802ada577/fabric-item-group-api-v1-4.0.14+1802ada577.jar:/home/nurufu/repo/create-aquatic-ambitions/.gradle/loom-cache/remapped_mods/loom_mappings_1_20_1_layered_hash_1899487486_v2/net/fabricmc/fabric-api/fabric-mining-level-api-v1/2.1.52+1802ada577/fabric-mining-level-api-v1-2.1.52+1802ada577.jar:/home/nurufu/repo/create-aquatic-ambitions/.gradle/loom-cache/remapped_mods/loom_mappings_1_20_1_layered_hash_1899487486_v2/net/fabricmc/fabric-api/fabric-lifecycle-events-v1/2.2.23+1802ada577/fabric-lifecycle-events-v1-2.2.23+1802ada577.jar:/home/nurufu/repo/create-aquatic-ambitions/.gradle/loom-cache/remapped_mods/loom_mappings_1_20_1_layered_hash_1899487486_v2/net/fabricmc/fabric-api/fabric-loot-tables-v1/1.1.47+9e7660c677/fabric-loot-tables-v1-1.1.47+9e7660c677.jar:/home/nurufu/repo/create-aquatic-ambitions/.gradle/loom-cache/remapped_mods/loom_mappings_1_20_1_layered_hash_1899487486_v2/net/fabricmc/fabric-api/fabric-loot-api-v2/1.2.3+1802ada577/fabric-loot-api-v2-1.2.3+1802ada577.jar:/home/nurufu/repo/create-aquatic-ambitions/.gradle/loom-cache/remapped_mods/loom_mappings_1_20_1_layered_hash_1899487486_v2/net/fabricmc/fabric-api/fabric-message-api-v1/5.1.10+1802ada577/fabric-message-api-v1-5.1.10+1802ada577.jar:/home/nurufu/repo/create-aquatic-ambitions/.gradle/loom-cache/remapped_mods/loom_mappings_1_20_1_layered_hash_1899487486_v2/net/fabricmc/fabric-api/fabric-models-v0/0.4.3+9386d8a777/fabric-models-v0-0.4.3+9386d8a777.jar:/home/nurufu/repo/create-aquatic-ambitions/.gradle/loom-cache/remapped_mods/loom_mappings_1_20_1_layered_hash_1899487486_v2/net/fabricmc/fabric-api/fabric-model-loading-api-v1/1.0.4+1802ada577/fabric-model-loading-api-v1-1.0.4+1802ada577.jar:/home/nurufu/repo/create-aquatic-ambitions/.gradle/loom-cache/remapped_mods/loom_mappings_1_20_1_layered_hash_1899487486_v2/net/fabricmc/fabric-api/fabric-recipe-api-v1/1.0.25+1802ada577/fabric-recipe-api-v1-1.0.25+1802ada577.jar:/home/nurufu/repo/create-aquatic-ambitions/.gradle/loom-cache/remapped_mods/loom_mappings_1_20_1_layered_hash_1899487486_v2/net/fabricmc/fabric-api/fabric-registry-sync-v0/2.4.1+4c0a70e677/fabric-registry-sync-v0-2.4.1+4c0a70e677.jar:/home/nurufu/repo/create-aquatic-ambitions/.gradle/loom-cache/remapped_mods/loom_mappings_1_20_1_layered_hash_1899487486_v2/net/fabricmc/fabric-api/fabric-screen-handler-api-v1/1.3.34+1802ada577/fabric-screen-handler-api-v1-1.3.34+1802ada577.jar:/home/nurufu/repo/create-aquatic-ambitions/.gradle/loom-cache/remapped_mods/loom_mappings_1_20_1_layered_hash_1899487486_v2/net/fabricmc/fabric-api/fabric-containers-v0/0.1.68+df3654b377/fabric-containers-v0-0.1.68+df3654b377.jar:/home/nurufu/repo/create-aquatic-ambitions/.gradle/loom-cache/remapped_mods/loom_mappings_1_20_1_layered_hash_1899487486_v2/net/fabricmc/fabric-api/fabric-networking-v0/0.3.55+df3654b377/fabric-networking-v0-0.3.55+df3654b377.jar:/home/nurufu/repo/create-aquatic-ambitions/.gradle/loom-cache/remapped_mods/loom_mappings_1_20_1_layered_hash_1899487486_v2/net/fabricmc/fabric-api/fabric-networking-api-v1/1.3.15+0caff8d077/fabric-networking-api-v1-1.3.15+0caff8d077.jar:/home/nurufu/repo/create-aquatic-ambitions/.gradle/loom-cache/remapped_mods/loom_mappings_1_20_1_layered_hash_1899487486_v2/net/fabricmc/fabric-api/fabric-object-builder-api-v1/11.1.5+e35120df77/fabric-object-builder-api-v1-11.1.5+e35120df77.jar:/home/nurufu/repo/create-aquatic-ambitions/.gradle/loom-cache/remapped_mods/loom_mappings_1_20_1_layered_hash_1899487486_v2/net/fabricmc/fabric-api/fabric-particles-v1/1.1.3+1802ada577/fabric-particles-v1-1.1.3+1802ada577.jar:/home/nurufu/repo/create-aquatic-ambitions/.gradle/loom-cache/remapped_mods/loom_mappings_1_20_1_layered_hash_1899487486_v2/net/fabricmc/fabric-api/fabric-renderer-indigo/1.5.3+85287f9f77/fabric-renderer-indigo-1.5.3+85287f9f77.jar:/home/nurufu/repo/create-aquatic-ambitions/.gradle/loom-cache/remapped_mods/loom_mappings_1_20_1_layered_hash_1899487486_v2/net/fabricmc/fabric-api/fabric-renderer-api-v1/3.2.2+1802ada577/fabric-renderer-api-v1-3.2.2+1802ada577.jar:/home/nurufu/repo/create-aquatic-ambitions/.gradle/loom-cache/remapped_mods/loom_mappings_1_20_1_layered_hash_1899487486_v2/net/fabricmc/fabric-api/fabric-rendering-fluids-v1/3.0.29+1802ada577/fabric-rendering-fluids-v1-3.0.29+1802ada577.jar:/home/nurufu/repo/create-aquatic-ambitions/.gradle/loom-cache/remapped_mods/loom_mappings_1_20_1_layered_hash_1899487486_v2/net/fabricmc/fabric-api/fabric-renderer-registries-v1/3.2.47+df3654b377/fabric-renderer-registries-v1-3.2.47+df3654b377.jar:/home/nurufu/repo/create-aquatic-ambitions/.gradle/loom-cache/remapped_mods/loom_mappings_1_20_1_layered_hash_1899487486_v2/net/fabricmc/fabric-api/fabric-rendering-v0/1.1.50+df3654b377/fabric-rendering-v0-1.1.50+df3654b377.jar:/home/nurufu/repo/create-aquatic-ambitions/.gradle/loom-cache/remapped_mods/loom_mappings_1_20_1_layered_hash_1899487486_v2/net/fabricmc/fabric-api/fabric-rendering-v1/3.0.9+1802ada577/fabric-rendering-v1-3.0.9+1802ada577.jar:/home/nurufu/repo/create-aquatic-ambitions/.gradle/loom-cache/remapped_mods/loom_mappings_1_20_1_layered_hash_1899487486_v2/net/fabricmc/fabric-api/fabric-screen-api-v1/2.0.9+1802ada577/fabric-screen-api-v1-2.0.9+1802ada577.jar:/home/nurufu/repo/create-aquatic-ambitions/.gradle/loom-cache/remapped_mods/loom_mappings_1_20_1_layered_hash_1899487486_v2/net/fabricmc/fabric-api/fabric-api-base/0.4.32+1802ada577/fabric-api-base-0.4.32+1802ada577.jar:/home/nurufu/repo/create-aquatic-ambitions/.gradle/loom-cache/remapped_mods/loom_mappings_1_20_1_layered_hash_1899487486_v2/net/fabricmc/fabric-api/fabric-biome-api-v1/13.0.15+93aa238b77/fabric-biome-api-v1-13.0.15+93aa238b77.jar:/home/nurufu/repo/create-aquatic-ambitions/.gradle/loom-cache/remapped_mods/loom_mappings_1_20_1_layered_hash_1899487486_v2/net/fabricmc/fabric-api/fabric-block-api-v1/1.0.12+1802ada577/fabric-block-api-v1-1.0.12+1802ada577.jar:/home/nurufu/repo/create-aquatic-ambitions/.gradle/loom-cache/remapped_mods/loom_mappings_1_20_1_layered_hash_1899487486_v2/net/fabricmc/fabric-api/fabric-rendering-data-attachment-v1/0.3.39+92a0d36777/fabric-rendering-data-attachment-v1-0.3.39+92a0d36777.jar:/home/nurufu/repo/create-aquatic-ambitions/.gradle/loom-cache/remapped_mods/loom_mappings_1_20_1_layered_hash_1899487486_v2/net/fabricmc/fabric-api/fabric-block-view-api-v2/1.0.3+924f046a77/fabric-block-view-api-v2-1.0.3+924f046a77.jar:/home/nurufu/repo/create-aquatic-ambitions/.gradle/loom-cache/remapped_mods/loom_mappings_1_20_1_layered_hash_1899487486_v2/net/fabricmc/fabric-api/fabric-crash-report-info-v1/0.2.20+1802ada577/fabric-crash-report-info-v1-0.2.20+1802ada577.jar:/home/nurufu/repo/create-aquatic-ambitions/.gradle/loom-cache/remapped_mods/loom_mappings_1_20_1_layered_hash_1899487486_v2/net/fabricmc/fabric-api/fabric-game-rule-api-v1/1.0.41+1802ada577/fabric-game-rule-api-v1-1.0.41+1802ada577.jar:/home/nurufu/repo/create-aquatic-ambitions/.gradle/loom-cache/remapped_mods/loom_mappings_1_20_1_layered_hash_1899487486_v2/net/fabricmc/fabric-api/fabric-keybindings-v0/0.2.36+df3654b377/fabric-keybindings-v0-0.2.36+df3654b377.jar:/home/nurufu/repo/create-aquatic-ambitions/.gradle/loom-cache/remapped_mods/loom_mappings_1_20_1_layered_hash_1899487486_v2/net/fabricmc/fabric-api/fabric-key-binding-api-v1/1.0.38+1802ada577/fabric-key-binding-api-v1-1.0.38+1802ada577.jar:/home/nurufu/repo/create-aquatic-ambitions/.gradle/loom-cache/remapped_mods/loom_mappings_1_20_1_layered_hash_1899487486_v2/net/fabricmc/fabric-api/fabric-resource-conditions-api-v1/2.3.9+1802ada577/fabric-resource-conditions-api-v1-2.3.9+1802ada577.jar:/home/nurufu/repo/create-aquatic-ambitions/.gradle/loom-cache/remapped_mods/loom_mappings_1_20_1_layered_hash_1899487486_v2/net/fabricmc/fabric-api/fabric-resource-loader-v0/0.11.12+fb82e9d777/fabric-resource-loader-v0-0.11.12+fb82e9d777.jar:/home/nurufu/repo/create-aquatic-ambitions/.gradle/loom-cache/remapped_mods/loom_mappings_1_20_1_layered_hash_1899487486_v2/net/fabricmc/fabric-api/fabric-sound-api-v1/1.0.14+1802ada577/fabric-sound-api-v1-1.0.14+1802ada577.jar:/home/nurufu/repo/create-aquatic-ambitions/.gradle/loom-cache/remapped_mods/loom_mappings_1_20_1_layered_hash_1899487486_v2/net/fabricmc/fabric-api/fabric-transitive-access-wideners-v1/4.3.2+1802ada577/fabric-transitive-access-wideners-v1-4.3.2+1802ada577.jar:/home/nurufu/repo/create-aquatic-ambitions/.gradle/loom-cache/remapped_mods/loom_mappings_1_20_1_layered_hash_1899487486_v2/dev/engine-room/flywheel/flywheel-fabric-1.20.1/1.0.5-264/flywheel-fabric-1.20.1-1.0.5-264.jar:/home/nurufu/repo/create-aquatic-ambitions/.gradle/loom-cache/remapped_mods/loom_mappings_1_20_1_layered_hash_1899487486_v2/io/github/llamalad7/mixinextras-fabric/0.4.0-beta.2/mixinextras-fabric-0.4.0-beta.2.jar:/home/nurufu/repo/create-aquatic-ambitions/.gradle/loom-cache/remapped_mods/loom_mappings_1_20_1_layered_hash_1899487486_v2/dev/engine-room/flywheel/flywheel-fabric-api-1.20.1/1.0.0-215/flywheel-fabric-api-1.20.1-1.0.0-215.jar:/home/nurufu/repo/create-aquatic-ambitions/.gradle/loom-cache/remapped_mods/loom_mappings_1_20_1_layered_hash_1899487486_v2/com/terraformersmc/modmenu/7.1.0/modmenu-7.1.0.jar:/home/nurufu/repo/create-aquatic-ambitions/.gradle/loom-cache/remapped_mods/loom_mappings_1_20_1_layered_hash_1899487486_v2/me/shedaniel/RoughlyEnoughItems-fabric/12.0.626/RoughlyEnoughItems-fabric-12.0.626.jar:/home/nurufu/repo/create-aquatic-ambitions/.gradle/loom-cache/remapped_mods/loom_mappings_1_20_1_layered_hash_1899487486_v2/me/shedaniel/cloth/cloth-config-fabric/11.0.99/cloth-config-fabric-11.0.99.jar:/home/nurufu/repo/create-aquatic-ambitions/.gradle/loom-cache/remapped_mods/loom_mappings_1_20_1_layered_hash_1899487486_v2/dev/architectury/architectury-fabric/9.0.7/architectury-fabric-9.0.7.jar:/home/nurufu/repo/create-aquatic-ambitions/.gradle/loom-cache/remapped_mods/loom_mappings_1_20_1_layered_hash_1899487486_v2/me/shedaniel/error-notifier-fabric/1.0.9/error-notifier-fabric-1.0.9.jar:/home/nurufu/repo/create-aquatic-ambitions/.gradle/loom-cache/remapped_mods/loom_mappings_1_20_1_layered_hash_1899487486_v2/me/shedaniel/cloth/basic-math/0.6.1/basic-math-0.6.1.jar:/home/nurufu/.gradle/caches/modules-2/files-2.1/org.jline/jline-reader/3.20.0/8f15415b022a25b473e8e16c28ae913186ffb9c4/jline-reader-3.20.0.jar:/home/nurufu/.gradle/caches/modules-2/files-2.1/org.jline/jline-terminal/3.20.0/d0ddcc708ddf527a3454c941b7b9225cc83a15ff/jline-terminal-3.20.0.jar)
		at com.sun.jna.Native.extractFromResourcePath(Native.java:1145) ~[jna-5.12.1.jar:5.12.1 (b0)]
		at com.sun.jna.NativeLibrary.loadLibrary(NativeLibrary.java:281) ~[jna-5.12.1.jar:5.12.1 (b0)]
		at com.sun.jna.NativeLibrary.getInstance(NativeLibrary.java:467) ~[jna-5.12.1.jar:5.12.1 (b0)]
		at com.sun.jna.NativeLibrary.getInstance(NativeLibrary.java:409) ~[jna-5.12.1.jar:5.12.1 (b0)]
		at com.mojang.text2speech.NarratorLinux$FliteLibrary.loadNative(NarratorLinux.java:67) ~[text2speech-1.17.9.jar:?]
		at com.mojang.text2speech.NarratorLinux.<init>(NarratorLinux.java:18) ~[text2speech-1.17.9.jar:?]
		at com.mojang.text2speech.Narrator.getNarrator(Narrator.java:41) ~[text2speech-1.17.9.jar:?]
		at net.minecraft.client.GameNarrator.<init>(GameNarrator.java:19) ~[minecraft-merged-9af5466e56-1.20.1-loom.mappings.1_20_1.layered+hash.1899487486-v2.jar:?]
		at net.minecraft.client.Minecraft.<init>(Minecraft.java:640) ~[minecraft-merged-9af5466e56-1.20.1-loom.mappings.1_20_1.layered+hash.1899487486-v2.jar:?]
		at net.minecraft.client.main.Main.main(Main.java:211) ~[minecraft-merged-9af5466e56-1.20.1-loom.mappings.1_20_1.layered+hash.1899487486-v2.jar:?]
		at net.fabricmc.loader.impl.game.minecraft.MinecraftGameProvider.launch(MinecraftGameProvider.java:506) ~[fabric-loader-0.17.2.jar:?]
		at net.fabricmc.loader.impl.launch.knot.Knot.launch(Knot.java:72) ~[fabric-loader-0.17.2.jar:?]
		at net.fabricmc.loader.impl.launch.knot.KnotClient.main(KnotClient.java:23) ~[fabric-loader-0.17.2.jar:?]
		at net.fabricmc.devlaunchinjector.Main.main(Main.java:86) ~[dev-launch-injector-0.2.1+build.8.jar:?]
[11:58:28] [Render thread/INFO] (Minecraft) Reloading ResourceManager: vanilla, create:dynamic_data, fabric (porting_lib_networking, porting_lib_mixin_extensions, modmenu, fabric-item-group-api-v1, fabric-particles-v1, roughlyenoughitems, create, dripstone_fluid_lib, fabric-networking-api-v1, fabric-events-lifecycle-v0, fabric-mining-level-api-v1, porting_lib_config, fabric-game-rule-api-v1, fabric-data-attachment-api-v1, fabric-renderer-registries-v1, fabric-sound-api-v1, porting_lib_model_generators, porting_lib_attributes, fabric-loot-tables-v1, fabric-resource-loader-v0, porting_lib_lazy_registration, fabric-dimensions-v1, fabric-blockrenderlayer-v1, porting_lib_accessors, porting_lib_gui_utils, porting_lib_core, fabric-rendering-data-attachment-v1, fabric-data-generation-api-v1, porting_lib_brewing, porting_lib_models, porting_lib_model_materials, fabric-screen-handler-api-v1, fabric-client-tags-api-v1, fabric-api-base, fabric-object-builder-api-v1, fabric-recipe-api-v1, porting_lib_obj_loader, fabric-loot-api-v2, fabric-key-binding-api-v1, fabric-block-api-v1, fabric-api, fabric-item-api-v1, fabric-screen-api-v1, fabric-events-interaction-v0, porting_lib_transfer, fabric-block-view-api-v2, fabric-message-api-v1, fabric-rendering-fluids-v1, fabricloader, fabric-renderer-indigo, porting_lib_fluids, porting_lib_data, fabric-convention-tags-v1, fabric-resource-conditions-api-v1, ponder, porting_lib_entity, fabric-crash-report-info-v1, porting_lib_common, fabric-renderer-api-v1, fabric-api-lookup-api-v1, registrate-fabric, porting_lib_extensions, porting_lib_base, porting_lib_client_events, porting_lib_utility, fabric-model-loading-api-v1, fabric-containers-v0, porting_lib_tags, flywheel, fabric-entity-events-v1, milk, forgeconfigapiport, cloth-config, fabric-biome-api-v1, create_aquatic_ambitions, fabric-gametest-api-v1, fabric-registry-sync-v0, porting_lib_model_loader, fabric-content-registries-v0, fabric-command-api-v1, fabric-rendering-v1, fabric-models-v0, fabric-rendering-v0, fabric-command-api-v2, fabric-transfer-api-v1, fabric-keybindings-v0, fabric-lifecycle-events-v1, fabric-transitive-access-wideners-v1, fabric-commands-v0, porting_lib_tool_actions, fabric-networking-v0, reach-entity-attributes)
[11:58:28] [Worker-Main-13/INFO] (Minecraft) Found unifont_all_no_pua-15.0.06.hex, loading
[11:58:28] [Render thread/INFO] (Create: Aquatic Ambitions) Hello from Create: Aquatic Ambitions
[11:58:28] [Realms Notification Availability checker #1/INFO] (Minecraft) Could not authorize you against Realms server: java.lang.RuntimeException: Failed to parse into SignedJWT: FabricMC
[11:58:28] [Render thread/INFO] (PonderIndex) Registering Ponder Scenes took 140.4 ms
[11:58:28] [Render thread/INFO] (PonderIndex) Registering Ponder Tags took 2.933 ms
[11:58:30] [Render thread/WARN] (Minecraft) Missing sound for event: minecraft:item.goat_horn.play
[11:58:30] [Render thread/WARN] (Minecraft) Missing sound for event: minecraft:entity.goat.screaming.horn_break
[11:58:30] [Render thread/INFO] (Minecraft) OpenAL initialized on device Mpow HC5 Headset in charging mode - HID / Mass Storage Analog Stereo
[11:58:30] [Render thread/INFO] (Minecraft) Sound engine started
[11:58:30] [Render thread/INFO] (Minecraft) Created: 2048x1024x4 minecraft:textures/atlas/blocks.png-atlas
[11:58:30] [Render thread/INFO] (Minecraft) Created: 256x256x4 minecraft:textures/atlas/signs.png-atlas
[11:58:30] [Render thread/INFO] (Minecraft) Created: 512x512x4 minecraft:textures/atlas/shield_patterns.png-atlas
[11:58:30] [Render thread/INFO] (Minecraft) Created: 512x512x4 minecraft:textures/atlas/banner_patterns.png-atlas
[11:58:30] [Render thread/INFO] (Minecraft) Created: 2048x1024x4 minecraft:textures/atlas/armor_trims.png-atlas
[11:58:30] [Render thread/INFO] (Minecraft) Created: 256x256x4 minecraft:textures/atlas/chest.png-atlas
[11:58:30] [Render thread/INFO] (Minecraft) Created: 128x64x4 minecraft:textures/atlas/decorated_pot.png-atlas
[11:58:30] [Render thread/INFO] (Minecraft) Created: 512x256x4 minecraft:textures/atlas/shulker_boxes.png-atlas
[11:58:30] [Render thread/INFO] (Minecraft) Created: 512x256x4 minecraft:textures/atlas/beds.png-atlas
[11:58:30] [Render thread/WARN] (Minecraft) Shader rendertype_entity_translucent_emissive could not find sampler named Sampler2 in the specified shader program.
[11:58:30] [Render thread/INFO] (Minecraft) Created: 512x256x0 minecraft:textures/atlas/particles.png-atlas
[11:58:30] [Render thread/INFO] (Minecraft) Created: 256x256x0 minecraft:textures/atlas/paintings.png-atlas
[11:58:30] [Render thread/INFO] (Minecraft) Created: 128x128x0 minecraft:textures/atlas/mob_effects.png-atlas
[11:58:30] [Render thread/INFO] (Create) Loaded 56 train hat configurations.
[11:58:30] [Render thread/INFO] (flywheel/backend/shaders) Loaded 77 shader sources in 16.032 ms
[11:58:39] [Render thread/INFO] (Create) Created 157 recipes which will be injected into the game
[11:58:39] [Render thread/INFO] (Create) Created 0 tags which will be injected into the game
[11:58:40] [Render thread/ERROR] (Minecraft) Parsing error loading recipe create_aquatic_ambitions:craft/prismarine_alloy_item_to_block
com.google.gson.JsonSyntaxException: Unknown item 'create_aquatic_ambitions:prismarine_alloy_block'
	at net.minecraft.world.item.crafting.ShapedRecipe.method_17878(ShapedRecipe.java:272) ~[minecraft-merged-9af5466e56-1.20.1-loom.mappings.1_20_1.layered+hash.1899487486-v2.jar:?]
	at java.util.Optional.orElseThrow(Optional.java:403) ~[?:?]
	at net.minecraft.world.item.crafting.ShapedRecipe.itemFromJson(ShapedRecipe.java:272) ~[minecraft-merged-9af5466e56-1.20.1-loom.mappings.1_20_1.layered+hash.1899487486-v2.jar:?]
	at net.minecraft.world.item.crafting.ShapedRecipe.itemStackFromJson(ShapedRecipe.java:259) ~[minecraft-merged-9af5466e56-1.20.1-loom.mappings.1_20_1.layered+hash.1899487486-v2.jar:?]
	at net.minecraft.world.item.crafting.ShapedRecipe$Serializer.fromJson(ShapedRecipe.java:293) ~[minecraft-merged-9af5466e56-1.20.1-loom.mappings.1_20_1.layered+hash.1899487486-v2.jar:?]
	at net.minecraft.world.item.crafting.ShapedRecipe$Serializer.fromJson(ShapedRecipe.java:279) ~[minecraft-merged-9af5466e56-1.20.1-loom.mappings.1_20_1.layered+hash.1899487486-v2.jar:?]
	at net.minecraft.world.item.crafting.RecipeManager.fromJson(RecipeManager.java:135) ~[minecraft-merged-9af5466e56-1.20.1-loom.mappings.1_20_1.layered+hash.1899487486-v2.jar:?]
	at net.minecraft.world.item.crafting.RecipeManager.apply(RecipeManager.java:56) ~[minecraft-merged-9af5466e56-1.20.1-loom.mappings.1_20_1.layered+hash.1899487486-v2.jar:?]
	at net.minecraft.world.item.crafting.RecipeManager.apply(RecipeManager.java:35) ~[minecraft-merged-9af5466e56-1.20.1-loom.mappings.1_20_1.layered+hash.1899487486-v2.jar:?]
	at net.minecraft.server.packs.resources.SimplePreparableReloadListener.method_18790(SimplePreparableReloadListener.java:13) ~[minecraft-merged-9af5466e56-1.20.1-loom.mappings.1_20_1.layered+hash.1899487486-v2.jar:?]
	at java.util.concurrent.CompletableFuture$UniAccept.tryFire(CompletableFuture.java:718) ~[?:?]
	at java.util.concurrent.CompletableFuture$Completion.run(CompletableFuture.java:482) ~[?:?]
	at net.minecraft.server.packs.resources.SimpleReloadInstance.method_18365(SimpleReloadInstance.java:69) ~[minecraft-merged-9af5466e56-1.20.1-loom.mappings.1_20_1.layered+hash.1899487486-v2.jar:?]
	at net.minecraft.util.thread.BlockableEventLoop.doRunTask(BlockableEventLoop.java:156) ~[minecraft-merged-9af5466e56-1.20.1-loom.mappings.1_20_1.layered+hash.1899487486-v2.jar:?]
	at net.minecraft.util.thread.ReentrantBlockableEventLoop.doRunTask(ReentrantBlockableEventLoop.java:23) ~[minecraft-merged-9af5466e56-1.20.1-loom.mappings.1_20_1.layered+hash.1899487486-v2.jar:?]
	at net.minecraft.util.thread.BlockableEventLoop.pollTask(BlockableEventLoop.java:130) ~[minecraft-merged-9af5466e56-1.20.1-loom.mappings.1_20_1.layered+hash.1899487486-v2.jar:?]
	at net.minecraft.util.thread.BlockableEventLoop.managedBlock(BlockableEventLoop.java:139) ~[minecraft-merged-9af5466e56-1.20.1-loom.mappings.1_20_1.layered+hash.1899487486-v2.jar:?]
	at net.minecraft.client.gui.screens.worldselection.WorldOpenFlows.loadWorldDataBlocking(WorldOpenFlows.java:188) ~[minecraft-merged-9af5466e56-1.20.1-loom.mappings.1_20_1.layered+hash.1899487486-v2.jar:?]
	at net.minecraft.client.gui.screens.worldselection.WorldOpenFlows.loadWorldStem(WorldOpenFlows.java:123) ~[minecraft-merged-9af5466e56-1.20.1-loom.mappings.1_20_1.layered+hash.1899487486-v2.jar:?]
	at net.minecraft.client.gui.screens.worldselection.WorldOpenFlows.doLoadLevel(WorldOpenFlows.java:202) ~[minecraft-merged-9af5466e56-1.20.1-loom.mappings.1_20_1.layered+hash.1899487486-v2.jar:?]
	at net.minecraft.client.gui.screens.worldselection.WorldOpenFlows.loadLevel(WorldOpenFlows.java:64) ~[minecraft-merged-9af5466e56-1.20.1-loom.mappings.1_20_1.layered+hash.1899487486-v2.jar:?]
	at net.minecraft.client.gui.screens.worldselection.WorldSelectionList$WorldListEntry.loadWorld(WorldSelectionList.java:590) ~[minecraft-merged-9af5466e56-1.20.1-loom.mappings.1_20_1.layered+hash.1899487486-v2.jar:?]
	at net.minecraft.client.gui.screens.worldselection.WorldSelectionList$WorldListEntry.joinWorld(WorldSelectionList.java:480) ~[minecraft-merged-9af5466e56-1.20.1-loom.mappings.1_20_1.layered+hash.1899487486-v2.jar:?]
	at net.minecraft.client.gui.screens.worldselection.WorldSelectionList$WorldListEntry.mouseClicked(WorldSelectionList.java:407) ~[minecraft-merged-9af5466e56-1.20.1-loom.mappings.1_20_1.layered+hash.1899487486-v2.jar:?]
	at net.minecraft.client.gui.components.AbstractSelectionList.mouseClicked(AbstractSelectionList.java:327) ~[minecraft-merged-9af5466e56-1.20.1-loom.mappings.1_20_1.layered+hash.1899487486-v2.jar:?]
	at net.minecraft.client.gui.components.events.ContainerEventHandler.mouseClicked(ContainerEventHandler.java:38) ~[minecraft-merged-9af5466e56-1.20.1-loom.mappings.1_20_1.layered+hash.1899487486-v2.jar:?]
	at net.minecraft.client.MouseHandler.method_1611(MouseHandler.java:98) ~[minecraft-merged-9af5466e56-1.20.1-loom.mappings.1_20_1.layered+hash.1899487486-v2.jar:?]
	at net.minecraft.client.gui.screens.Screen.wrapScreenError(Screen.java:409) ~[minecraft-merged-9af5466e56-1.20.1-loom.mappings.1_20_1.layered+hash.1899487486-v2.jar:?]
	at net.minecraft.client.MouseHandler.onPress(MouseHandler.java:98) ~[minecraft-merged-9af5466e56-1.20.1-loom.mappings.1_20_1.layered+hash.1899487486-v2.jar:?]
	at net.minecraft.client.MouseHandler.method_22686(MouseHandler.java:169) ~[minecraft-merged-9af5466e56-1.20.1-loom.mappings.1_20_1.layered+hash.1899487486-v2.jar:?]
	at net.minecraft.util.thread.BlockableEventLoop.execute(BlockableEventLoop.java:102) ~[minecraft-merged-9af5466e56-1.20.1-loom.mappings.1_20_1.layered+hash.1899487486-v2.jar:?]
	at net.minecraft.client.MouseHandler.method_22684(MouseHandler.java:169) ~[minecraft-merged-9af5466e56-1.20.1-loom.mappings.1_20_1.layered+hash.1899487486-v2.jar:?]
	at org.lwjgl.glfw.GLFWMouseButtonCallbackI.callback(GLFWMouseButtonCallbackI.java:43) ~[lwjgl-glfw-3.3.1.jar:build 7]
	at org.lwjgl.system.JNI.invokeV(Native Method) ~[lwjgl-3.3.1.jar:build 7]
	at org.lwjgl.glfw.GLFW.glfwWaitEventsTimeout(GLFW.java:3474) ~[lwjgl-glfw-3.3.1.jar:build 7]
	at com.mojang.blaze3d.systems.RenderSystem.limitDisplayFPS(RenderSystem.java:237) ~[minecraft-merged-9af5466e56-1.20.1-loom.mappings.1_20_1.layered+hash.1899487486-v2.jar:?]
	at net.minecraft.client.Minecraft.runTick(Minecraft.java:1244) ~[minecraft-merged-9af5466e56-1.20.1-loom.mappings.1_20_1.layered+hash.1899487486-v2.jar:?]
	at net.minecraft.client.Minecraft.run(Minecraft.java:802) ~[minecraft-merged-9af5466e56-1.20.1-loom.mappings.1_20_1.layered+hash.1899487486-v2.jar:?]
	at net.minecraft.client.main.Main.main(Main.java:250) ~[minecraft-merged-9af5466e56-1.20.1-loom.mappings.1_20_1.layered+hash.1899487486-v2.jar:?]
	at net.fabricmc.loader.impl.game.minecraft.MinecraftGameProvider.launch(MinecraftGameProvider.java:506) ~[fabric-loader-0.17.2.jar:?]
	at net.fabricmc.loader.impl.launch.knot.Knot.launch(Knot.java:72) ~[fabric-loader-0.17.2.jar:?]
	at net.fabricmc.loader.impl.launch.knot.KnotClient.main(KnotClient.java:23) ~[fabric-loader-0.17.2.jar:?]
	at net.fabricmc.devlaunchinjector.Main.main(Main.java:86) ~[dev-launch-injector-0.2.1+build.8.jar:?]
[11:58:40] [Render thread/ERROR] (Minecraft) Parsing error loading recipe create_aquatic_ambitions:craft/prismarine_alloy_block_to_item
com.google.gson.JsonSyntaxException: Unknown item 'create_aquatic_ambitions:prismarine_alloy_block'
	at net.minecraft.world.item.crafting.ShapedRecipe.method_17878(ShapedRecipe.java:272) ~[minecraft-merged-9af5466e56-1.20.1-loom.mappings.1_20_1.layered+hash.1899487486-v2.jar:?]
	at java.util.Optional.orElseThrow(Optional.java:403) ~[?:?]
	at net.minecraft.world.item.crafting.ShapedRecipe.itemFromJson(ShapedRecipe.java:272) ~[minecraft-merged-9af5466e56-1.20.1-loom.mappings.1_20_1.layered+hash.1899487486-v2.jar:?]
	at net.minecraft.world.item.crafting.Ingredient.valueFromJson(Ingredient.java:160) ~[minecraft-merged-9af5466e56-1.20.1-loom.mappings.1_20_1.layered+hash.1899487486-v2.jar:?]
	at net.minecraft.world.item.crafting.Ingredient.fromJson(Ingredient.java:143) ~[minecraft-merged-9af5466e56-1.20.1-loom.mappings.1_20_1.layered+hash.1899487486-v2.jar:?]
	at net.minecraft.world.item.crafting.ShapedRecipe.keyFromJson(ShapedRecipe.java:252) ~[minecraft-merged-9af5466e56-1.20.1-loom.mappings.1_20_1.layered+hash.1899487486-v2.jar:?]
	at net.minecraft.world.item.crafting.ShapedRecipe$Serializer.fromJson(ShapedRecipe.java:285) ~[minecraft-merged-9af5466e56-1.20.1-loom.mappings.1_20_1.layered+hash.1899487486-v2.jar:?]
	at net.minecraft.world.item.crafting.ShapedRecipe$Serializer.fromJson(ShapedRecipe.java:279) ~[minecraft-merged-9af5466e56-1.20.1-loom.mappings.1_20_1.layered+hash.1899487486-v2.jar:?]
	at net.minecraft.world.item.crafting.RecipeManager.fromJson(RecipeManager.java:135) ~[minecraft-merged-9af5466e56-1.20.1-loom.mappings.1_20_1.layered+hash.1899487486-v2.jar:?]
	at net.minecraft.world.item.crafting.RecipeManager.apply(RecipeManager.java:56) ~[minecraft-merged-9af5466e56-1.20.1-loom.mappings.1_20_1.layered+hash.1899487486-v2.jar:?]
	at net.minecraft.world.item.crafting.RecipeManager.apply(RecipeManager.java:35) ~[minecraft-merged-9af5466e56-1.20.1-loom.mappings.1_20_1.layered+hash.1899487486-v2.jar:?]
	at net.minecraft.server.packs.resources.SimplePreparableReloadListener.method_18790(SimplePreparableReloadListener.java:13) ~[minecraft-merged-9af5466e56-1.20.1-loom.mappings.1_20_1.layered+hash.1899487486-v2.jar:?]
	at java.util.concurrent.CompletableFuture$UniAccept.tryFire(CompletableFuture.java:718) ~[?:?]
	at java.util.concurrent.CompletableFuture$Completion.run(CompletableFuture.java:482) ~[?:?]
	at net.minecraft.server.packs.resources.SimpleReloadInstance.method_18365(SimpleReloadInstance.java:69) ~[minecraft-merged-9af5466e56-1.20.1-loom.mappings.1_20_1.layered+hash.1899487486-v2.jar:?]
	at net.minecraft.util.thread.BlockableEventLoop.doRunTask(BlockableEventLoop.java:156) ~[minecraft-merged-9af5466e56-1.20.1-loom.mappings.1_20_1.layered+hash.1899487486-v2.jar:?]
	at net.minecraft.util.thread.ReentrantBlockableEventLoop.doRunTask(ReentrantBlockableEventLoop.java:23) ~[minecraft-merged-9af5466e56-1.20.1-loom.mappings.1_20_1.layered+hash.1899487486-v2.jar:?]
	at net.minecraft.util.thread.BlockableEventLoop.pollTask(BlockableEventLoop.java:130) ~[minecraft-merged-9af5466e56-1.20.1-loom.mappings.1_20_1.layered+hash.1899487486-v2.jar:?]
	at net.minecraft.util.thread.BlockableEventLoop.managedBlock(BlockableEventLoop.java:139) ~[minecraft-merged-9af5466e56-1.20.1-loom.mappings.1_20_1.layered+hash.1899487486-v2.jar:?]
	at net.minecraft.client.gui.screens.worldselection.WorldOpenFlows.loadWorldDataBlocking(WorldOpenFlows.java:188) ~[minecraft-merged-9af5466e56-1.20.1-loom.mappings.1_20_1.layered+hash.1899487486-v2.jar:?]
	at net.minecraft.client.gui.screens.worldselection.WorldOpenFlows.loadWorldStem(WorldOpenFlows.java:123) ~[minecraft-merged-9af5466e56-1.20.1-loom.mappings.1_20_1.layered+hash.1899487486-v2.jar:?]
	at net.minecraft.client.gui.screens.worldselection.WorldOpenFlows.doLoadLevel(WorldOpenFlows.java:202) ~[minecraft-merged-9af5466e56-1.20.1-loom.mappings.1_20_1.layered+hash.1899487486-v2.jar:?]
	at net.minecraft.client.gui.screens.worldselection.WorldOpenFlows.loadLevel(WorldOpenFlows.java:64) ~[minecraft-merged-9af5466e56-1.20.1-loom.mappings.1_20_1.layered+hash.1899487486-v2.jar:?]
	at net.minecraft.client.gui.screens.worldselection.WorldSelectionList$WorldListEntry.loadWorld(WorldSelectionList.java:590) ~[minecraft-merged-9af5466e56-1.20.1-loom.mappings.1_20_1.layered+hash.1899487486-v2.jar:?]
	at net.minecraft.client.gui.screens.worldselection.WorldSelectionList$WorldListEntry.joinWorld(WorldSelectionList.java:480) ~[minecraft-merged-9af5466e56-1.20.1-loom.mappings.1_20_1.layered+hash.1899487486-v2.jar:?]
	at net.minecraft.client.gui.screens.worldselection.WorldSelectionList$WorldListEntry.mouseClicked(WorldSelectionList.java:407) ~[minecraft-merged-9af5466e56-1.20.1-loom.mappings.1_20_1.layered+hash.1899487486-v2.jar:?]
	at net.minecraft.client.gui.components.AbstractSelectionList.mouseClicked(AbstractSelectionList.java:327) ~[minecraft-merged-9af5466e56-1.20.1-loom.mappings.1_20_1.layered+hash.1899487486-v2.jar:?]
	at net.minecraft.client.gui.components.events.ContainerEventHandler.mouseClicked(ContainerEventHandler.java:38) ~[minecraft-merged-9af5466e56-1.20.1-loom.mappings.1_20_1.layered+hash.1899487486-v2.jar:?]
	at net.minecraft.client.MouseHandler.method_1611(MouseHandler.java:98) ~[minecraft-merged-9af5466e56-1.20.1-loom.mappings.1_20_1.layered+hash.1899487486-v2.jar:?]
	at net.minecraft.client.gui.screens.Screen.wrapScreenError(Screen.java:409) ~[minecraft-merged-9af5466e56-1.20.1-loom.mappings.1_20_1.layered+hash.1899487486-v2.jar:?]
	at net.minecraft.client.MouseHandler.onPress(MouseHandler.java:98) ~[minecraft-merged-9af5466e56-1.20.1-loom.mappings.1_20_1.layered+hash.1899487486-v2.jar:?]
	at net.minecraft.client.MouseHandler.method_22686(MouseHandler.java:169) ~[minecraft-merged-9af5466e56-1.20.1-loom.mappings.1_20_1.layered+hash.1899487486-v2.jar:?]
	at net.minecraft.util.thread.BlockableEventLoop.execute(BlockableEventLoop.java:102) ~[minecraft-merged-9af5466e56-1.20.1-loom.mappings.1_20_1.layered+hash.1899487486-v2.jar:?]
	at net.minecraft.client.MouseHandler.method_22684(MouseHandler.java:169) ~[minecraft-merged-9af5466e56-1.20.1-loom.mappings.1_20_1.layered+hash.1899487486-v2.jar:?]
	at org.lwjgl.glfw.GLFWMouseButtonCallbackI.callback(GLFWMouseButtonCallbackI.java:43) ~[lwjgl-glfw-3.3.1.jar:build 7]
	at org.lwjgl.system.JNI.invokeV(Native Method) ~[lwjgl-3.3.1.jar:build 7]
	at org.lwjgl.glfw.GLFW.glfwWaitEventsTimeout(GLFW.java:3474) ~[lwjgl-glfw-3.3.1.jar:build 7]
	at com.mojang.blaze3d.systems.RenderSystem.limitDisplayFPS(RenderSystem.java:237) ~[minecraft-merged-9af5466e56-1.20.1-loom.mappings.1_20_1.layered+hash.1899487486-v2.jar:?]
	at net.minecraft.client.Minecraft.runTick(Minecraft.java:1244) ~[minecraft-merged-9af5466e56-1.20.1-loom.mappings.1_20_1.layered+hash.1899487486-v2.jar:?]
	at net.minecraft.client.Minecraft.run(Minecraft.java:802) ~[minecraft-merged-9af5466e56-1.20.1-loom.mappings.1_20_1.layered+hash.1899487486-v2.jar:?]
	at net.minecraft.client.main.Main.main(Main.java:250) ~[minecraft-merged-9af5466e56-1.20.1-loom.mappings.1_20_1.layered+hash.1899487486-v2.jar:?]
	at net.fabricmc.loader.impl.game.minecraft.MinecraftGameProvider.launch(MinecraftGameProvider.java:506) ~[fabric-loader-0.17.2.jar:?]
	at net.fabricmc.loader.impl.launch.knot.Knot.launch(Knot.java:72) ~[fabric-loader-0.17.2.jar:?]
	at net.fabricmc.loader.impl.launch.knot.KnotClient.main(KnotClient.java:23) ~[fabric-loader-0.17.2.jar:?]
	at net.fabricmc.devlaunchinjector.Main.main(Main.java:86) ~[dev-launch-injector-0.2.1+build.8.jar:?]
[11:58:40] [Render thread/INFO] (Minecraft) Loaded 23 recipes
[11:58:40] [Render thread/INFO] (Minecraft) Loaded 2421 advancements
[11:58:41] [Render thread/INFO] (BiomeModificationImpl) Applied 7 biome modifications to 6 of 64 new biomes in 4.166 ms
[11:58:41] [Server thread/INFO] (Minecraft) Starting integrated minecraft server version 1.20.1
[11:58:41] [Server thread/INFO] (Minecraft) Generating keypair
[11:58:41] [Server thread/INFO] (Minecraft) Preparing start region for dimension minecraft:overworld
[11:58:42] [Render thread/INFO] (Minecraft) Preparing spawn area: 0%
[11:58:42] [Render thread/INFO] (Minecraft) Preparing spawn area: 0%
[11:58:42] [Render thread/INFO] (Minecraft) Preparing spawn area: 0%
[11:58:42] [Render thread/INFO] (Minecraft) Time elapsed: 1371 ms
[11:58:42] [Server thread/INFO] (Minecraft) Changing view distance to 12, from 10
[11:58:42] [Server thread/INFO] (Minecraft) Changing simulation distance to 12, from 0
[11:58:42] [Server thread/INFO] (Minecraft) Player187[local:E:44b21c30] logged in with entity id 84 at (-9.594665272014682, -59.0, 12.90066435152787)
[11:58:43] [Server thread/INFO] (Minecraft) Player187 joined the game
[11:58:43] [Render thread/INFO] (flywheel) Started 10 worker threads
[11:58:43] [REI-ReloadPlugins/INFO] (REI) [REI] ========================================
[11:58:43] [REI-ReloadPlugins/INFO] (REI) [REI] REIPlugin starting main-reload for START.
[11:58:43] [REI-ReloadPlugins/INFO] (REI) [REI] Plugins (8):
[11:58:43] [REI-ReloadPlugins/INFO] (REI) [REI]  - (-100.00) DefaultClientPlugin of DefaultClientPlugin [roughlyenoughitems]
[11:58:43] [REI-ReloadPlugins/INFO] (REI) [REI]  - (-100.00) DefaultPlugin of DefaultPlugin [roughlyenoughitems]
[11:58:43] [REI-ReloadPlugins/INFO] (REI) [REI]  - (0.00) FabricFluidAPISupportPlugin
[11:58:43] [REI-ReloadPlugins/INFO] (REI) [REI]  - (0.00) create:rei_plugin of create:rei_plugin [create_aquatic_ambitions]
[11:58:43] [REI-ReloadPlugins/INFO] (REI) [REI]  - (0.00) create:rei_plugin of create:rei_plugin [create]
[11:58:43] [REI-ReloadPlugins/INFO] (REI) [REI]  - (0.00) HideIngredientsFromTagsPlugin of HideIngredientsFromTagsPlugin [roughlyenoughitems]
[11:58:43] [REI-ReloadPlugins/INFO] (REI) [REI]  - (0.00) DefaultClientRuntimePlugin of DefaultClientRuntimePlugin [roughlyenoughitems]
[11:58:43] [REI-ReloadPlugins/INFO] (REI) [REI]  - (0.00) DefaultRuntimePlugin of DefaultRuntimePlugin [roughlyenoughitems]
[11:58:43] [REI-ReloadPlugins/INFO] (REI) [REI] ========================================
[11:58:43] [REI-ReloadPlugins/INFO] (REI) [REI] %%%%%%%%%%%%%%%%%%%%%%%%%%%%%%%%%%%%%%%%
[11:58:43] [REI-ReloadPlugins/INFO] (REI) [REI] REIClientPlugin starting main-reload for START.
[11:58:43] [REI-ReloadPlugins/INFO] (REI) [REI] Plugins (5):
[11:58:43] [REI-ReloadPlugins/INFO] (REI) [REI]  - (-100.00) DefaultClientPlugin of DefaultClientPlugin [roughlyenoughitems]
[11:58:43] [REI-ReloadPlugins/INFO] (REI) [REI]  - (0.00) create:rei_plugin of create:rei_plugin [create_aquatic_ambitions]
[11:58:43] [REI-ReloadPlugins/INFO] (REI) [REI]  - (0.00) create:rei_plugin of create:rei_plugin [create]
[11:58:43] [REI-ReloadPlugins/INFO] (REI) [REI]  - (0.00) HideIngredientsFromTagsPlugin of HideIngredientsFromTagsPlugin [roughlyenoughitems]
[11:58:43] [REI-ReloadPlugins/INFO] (REI) [REI]  - (0.00) DefaultClientRuntimePlugin of DefaultClientRuntimePlugin [roughlyenoughitems]
[11:58:43] [REI-ReloadPlugins/INFO] (REI) [REI] %%%%%%%%%%%%%%%%%%%%%%%%%%%%%%%%%%%%%%%%
[11:58:43] [Render thread/INFO] (Minecraft) Loaded 12 advancements
[11:58:44] [REI-ReloadPlugins/INFO] (REI) [REI] %%%%%%%%%%%%%%%%%%%%%%%%%%%%%%%%%%%%%%%%
[11:58:44] [REI-ReloadPlugins/INFO] (REI) [REI] REIServerPlugin starting main-reload for START.
[11:58:44] [REI-ReloadPlugins/INFO] (REI) [REI] Plugins (3):
[11:58:44] [REI-ReloadPlugins/INFO] (REI) [REI]  - (-100.00) DefaultPlugin of DefaultPlugin [roughlyenoughitems]
[11:58:44] [REI-ReloadPlugins/INFO] (REI) [REI]  - (0.00) FabricFluidAPISupportPlugin
[11:58:44] [REI-ReloadPlugins/INFO] (REI) [REI]  - (0.00) DefaultRuntimePlugin of DefaultRuntimePlugin [roughlyenoughitems]
[11:58:44] [REI-ReloadPlugins/INFO] (REI) [REI] %%%%%%%%%%%%%%%%%%%%%%%%%%%%%%%%%%%%%%%%
[11:58:44] [REI-ReloadPlugins/INFO] (REI) [REI] REIPlugin finished post-reload for START in 839.6 μs, totaling 95.05 ms.
[11:58:44] [REI-ReloadPlugins/INFO] (REI) [REI] REIClientPlugin finished post-reload for START in 263.2 μs, totaling 575.1 ms.
[11:58:44] [REI-ReloadPlugins/INFO] (REI) [REI] REIServerPlugin finished post-reload for START in 182.9 μs, totaling 1.915 ms.
[11:58:44] [REI-ReloadPlugins/INFO] (REI) [REI] %%%%%%%%%%%%%%%%%%%%%%%%%%%%%%%%%%%%%%%%
[11:58:44] [REI-ReloadPlugins/INFO] (REI) [REI] REIPlugin starting main-reload for END.
[11:58:44] [REI-ReloadPlugins/INFO] (REI) [REI] Plugins (8):
[11:58:44] [REI-ReloadPlugins/INFO] (REI) [REI]  - (-100.00) DefaultClientPlugin of DefaultClientPlugin [roughlyenoughitems]
[11:58:44] [REI-ReloadPlugins/INFO] (REI) [REI]  - (-100.00) DefaultPlugin of DefaultPlugin [roughlyenoughitems]
[11:58:44] [REI-ReloadPlugins/INFO] (REI) [REI]  - (0.00) FabricFluidAPISupportPlugin
[11:58:44] [REI-ReloadPlugins/INFO] (REI) [REI]  - (0.00) create:rei_plugin of create:rei_plugin [create_aquatic_ambitions]
[11:58:44] [REI-ReloadPlugins/INFO] (REI) [REI]  - (0.00) create:rei_plugin of create:rei_plugin [create]
[11:58:44] [REI-ReloadPlugins/INFO] (REI) [REI]  - (0.00) HideIngredientsFromTagsPlugin of HideIngredientsFromTagsPlugin [roughlyenoughitems]
[11:58:44] [REI-ReloadPlugins/INFO] (REI) [REI]  - (0.00) DefaultClientRuntimePlugin of DefaultClientRuntimePlugin [roughlyenoughitems]
[11:58:44] [REI-ReloadPlugins/INFO] (REI) [REI]  - (0.00) DefaultRuntimePlugin of DefaultRuntimePlugin [roughlyenoughitems]
[11:58:44] [REI-ReloadPlugins/INFO] (REI) [REI] %%%%%%%%%%%%%%%%%%%%%%%%%%%%%%%%%%%%%%%%
[11:58:44] [REI-ReloadPlugins/INFO] (REI) [REI] @@@@@@@@@@@@@@@@@@@@@@@@@@@@@@@@@@@@@@@@
[11:58:44] [REI-ReloadPlugins/INFO] (REI) [REI] REIClientPlugin starting main-reload for END.
[11:58:44] [REI-ReloadPlugins/INFO] (REI) [REI] Plugins (5):
[11:58:44] [REI-ReloadPlugins/INFO] (REI) [REI]  - (-100.00) DefaultClientPlugin of DefaultClientPlugin [roughlyenoughitems]
[11:58:44] [REI-ReloadPlugins/INFO] (REI) [REI]  - (0.00) create:rei_plugin of create:rei_plugin [create_aquatic_ambitions]
[11:58:44] [REI-ReloadPlugins/INFO] (REI) [REI]  - (0.00) create:rei_plugin of create:rei_plugin [create]
[11:58:44] [REI-ReloadPlugins/INFO] (REI) [REI]  - (0.00) HideIngredientsFromTagsPlugin of HideIngredientsFromTagsPlugin [roughlyenoughitems]
[11:58:44] [REI-ReloadPlugins/INFO] (REI) [REI]  - (0.00) DefaultClientRuntimePlugin of DefaultClientRuntimePlugin [roughlyenoughitems]
[11:58:44] [REI-ReloadPlugins/INFO] (REI) [REI] @@@@@@@@@@@@@@@@@@@@@@@@@@@@@@@@@@@@@@@@
[11:58:44] [REI-ReloadPlugins/INFO] (REI) [REI] ----------------------------------------
[11:58:44] [REI-ReloadPlugins/INFO] (REI) [REI] REIServerPlugin starting main-reload for END.
[11:58:44] [REI-ReloadPlugins/INFO] (REI) [REI] Plugins (3):
[11:58:44] [REI-ReloadPlugins/INFO] (REI) [REI]  - (-100.00) DefaultPlugin of DefaultPlugin [roughlyenoughitems]
[11:58:44] [REI-ReloadPlugins/INFO] (REI) [REI]  - (0.00) FabricFluidAPISupportPlugin
[11:58:44] [REI-ReloadPlugins/INFO] (REI) [REI]  - (0.00) DefaultRuntimePlugin of DefaultRuntimePlugin [roughlyenoughitems]
[11:58:44] [REI-ReloadPlugins/INFO] (REI) [REI] ----------------------------------------
[11:58:44] [REI-ReloadPlugins/INFO] (REI) [REI] REIPlugin finished post-reload for END in 276.0 μs, totaling 14.36 ms.
[11:58:44] [REI-ReloadPlugins/INFO] (REI) [REI] REIClientPlugin finished post-reload for END in 152.0 μs, totaling 512.7 ms.
[11:58:44] [REI-ReloadPlugins/INFO] (REI) [REI] REIServerPlugin finished post-reload for END in 97.55 μs, totaling 4.637 ms.
[11:59:11] [Render thread/INFO] (Minecraft) Loaded 21 advancements
[12:00:18] [Render thread/INFO] (Minecraft) Loaded 24 advancements
[12:00:20] [Server thread/INFO] (Minecraft) Saving and pausing game...
[12:00:20] [Server thread/INFO] (Minecraft) Saving chunks for level 'ServerLevel[New World]'/minecraft:overworld
[12:00:20] [Server thread/INFO] (Minecraft) Saving chunks for level 'ServerLevel[New World]'/minecraft:the_end
[12:00:20] [Server thread/INFO] (Minecraft) Saving chunks for level 'ServerLevel[New World]'/minecraft:the_nether
[12:00:20] [Server thread/INFO] (Minecraft) Player187 lost connection: Disconnected
[12:00:20] [Server thread/INFO] (Minecraft) Player187 left the game
[12:00:20] [Server thread/INFO] (Minecraft) Stopping singleplayer server as player logged out
[12:00:21] [Server thread/INFO] (Minecraft) Stopping server
[12:00:21] [Server thread/INFO] (Minecraft) Saving players
[12:00:21] [Server thread/INFO] (Minecraft) Saving worlds
[12:00:21] [Server thread/INFO] (Minecraft) Saving chunks for level 'ServerLevel[New World]'/minecraft:overworld
[12:00:21] [Server thread/INFO] (Minecraft) Saving chunks for level 'ServerLevel[New World]'/minecraft:the_end
[12:00:21] [Server thread/INFO] (Minecraft) Saving chunks for level 'ServerLevel[New World]'/minecraft:the_nether
[12:00:21] [Server thread/INFO] (Minecraft) ThreadedAnvilChunkStorage (New World): All chunks are saved
[12:00:21] [Server thread/INFO] (Minecraft) ThreadedAnvilChunkStorage (DIM1): All chunks are saved
[12:00:21] [Server thread/INFO] (Minecraft) ThreadedAnvilChunkStorage (DIM-1): All chunks are saved
[12:00:21] [Server thread/INFO] (Minecraft) ThreadedAnvilChunkStorage: All dimensions are saved
[12:00:22] [Render thread/INFO] (Minecraft) Stopping!
