[11:58:25] [Render thread/INFO] ========================================
[11:58:25] [Render thread/INFO] Minecraft: 1.20.1
[11:58:25] [Render thread/INFO] Side: client
[11:58:25] [Render thread/INFO] Development: true
[11:58:25] [Render thread/INFO] Version: 12.0.626
[11:58:25] [Render thread/INFO] Loader:
[11:58:25] [Render thread/INFO] - Fabric: 0.17.2
[11:58:25] [Render thread/INFO] - Fabric API: 0.92.9+1.20.1
[11:58:25] [Render thread/INFO] Dependencies:
[11:58:25] [Render thread/INFO] - Cloth Config: 11.0.99
[11:58:25] [Render thread/INFO] - Architectury: 9.0.7
[11:58:25] [Render thread/INFO] Mixin: 0.8.7
[11:58:25] [Render thread/INFO] OS: Linux 7.0.9-zen1-1-zen (amd64)
[11:58:25] [Render thread/INFO] Java: 17.0.19 (Arch Linux)
[11:58:25] [Render thread/INFO] ========================================
[11:58:25] [Render thread/INFO] Mods:
[11:58:25] [Render thread/INFO] - architectury: 9.0.7
[11:58:25] [Render thread/INFO] - cloth-basic-math: 0.6.1
[11:58:25] [Render thread/INFO] - cloth-config: 11.0.99
[11:58:25] [Render thread/INFO] - cloth-config: 11.0.99
[11:58:25] [Render thread/INFO] - create: 6.0.8.1+build.1744-mc1.20.1
[11:58:25] [Render thread/INFO] - create_aquatic_ambitions: 1.2+1.20.1
[11:58:25] [Render thread/INFO] - dripstone_fluid_lib: 3.0.2
[11:58:25] [Render thread/INFO] - error_notifier: 1.0.9
[11:58:25] [Render thread/INFO] - fabric-api: 0.92.9+1.20.1
[11:58:25] [Render thread/INFO] - fabric-api: 0.92.9+1.20.1
[11:58:25] [Render thread/INFO] - fabric-api-base: 0.4.32+1802ada577
[11:58:25] [Render thread/INFO] - fabric-api-lookup-api-v1: 1.6.37+1802ada577
[11:58:25] [Render thread/INFO] - fabric-biome-api-v1: 13.0.15+93aa238b77
[11:58:25] [Render thread/INFO] - fabric-block-api-v1: 1.0.12+1802ada577
[11:58:25] [Render thread/INFO] - fabric-block-view-api-v2: 1.0.3+924f046a77
[11:58:25] [Render thread/INFO] - fabric-blockrenderlayer-v1: 1.1.42+1802ada577
[11:58:25] [Render thread/INFO] - fabric-client-tags-api-v1: 1.1.3+1802ada577
[11:58:25] [Render thread/INFO] - fabric-command-api-v1: 1.2.35+f71b366f77
[11:58:25] [Render thread/INFO] - fabric-command-api-v2: 2.2.14+1802ada577
[11:58:25] [Render thread/INFO] - fabric-commands-v0: 0.2.52+df3654b377
[11:58:25] [Render thread/INFO] - fabric-containers-v0: 0.1.68+df3654b377
[11:58:25] [Render thread/INFO] - fabric-content-registries-v0: 4.0.13+1802ada577
[11:58:25] [Render thread/INFO] - fabric-convention-tags-v1: 1.5.6+1802ada577
[11:58:25] [Render thread/INFO] - fabric-crash-report-info-v1: 0.2.20+1802ada577
[11:58:25] [Render thread/INFO] - fabric-data-attachment-api-v1: 1.0.2+de0fd6d177
[11:58:25] [Render thread/INFO] - fabric-data-generation-api-v1: 12.3.9+1802ada577
[11:58:25] [Render thread/INFO] - fabric-dimensions-v1: 2.1.55+1802ada577
[11:58:25] [Render thread/INFO] - fabric-entity-events-v1: 1.6.1+1c78457f77
[11:58:25] [Render thread/INFO] - fabric-events-interaction-v0: 0.6.6+13a40c6677
[11:58:25] [Render thread/INFO] - fabric-events-lifecycle-v0: 0.2.64+df3654b377
[11:58:25] [Render thread/INFO] - fabric-game-rule-api-v1: 1.0.41+1802ada577
[11:58:25] [Render thread/INFO] - fabric-gametest-api-v1: 1.2.15+1802ada577
[11:58:25] [Render thread/INFO] - fabric-item-api-v1: 2.1.29+1802ada577
[11:58:25] [Render thread/INFO] - fabric-item-group-api-v1: 4.0.14+1802ada577
[11:58:25] [Render thread/INFO] - fabric-key-binding-api-v1: 1.0.38+1802ada577
[11:58:25] [Render thread/INFO] - fabric-keybindings-v0: 0.2.36+df3654b377
[11:58:25] [Render thread/INFO] - fabric-lifecycle-events-v1: 2.2.23+1802ada577
[11:58:25] [Render thread/INFO] - fabric-loot-api-v2: 1.2.3+1802ada577
[11:58:25] [Render thread/INFO] - fabric-loot-tables-v1: 1.1.47+9e7660c677
[11:58:25] [Render thread/INFO] - fabric-message-api-v1: 5.1.10+1802ada577
[11:58:25] [Render thread/INFO] - fabric-mining-level-api-v1: 2.1.52+1802ada577
[11:58:25] [Render thread/INFO] - fabric-model-loading-api-v1: 1.0.4+1802ada577
[11:58:25] [Render thread/INFO] - fabric-models-v0: 0.4.3+9386d8a777
[11:58:25] [Render thread/INFO] - fabric-networking-api-v1: 1.3.15+0caff8d077
[11:58:25] [Render thread/INFO] - fabric-networking-v0: 0.3.55+df3654b377
[11:58:25] [Render thread/INFO] - fabric-object-builder-api-v1: 11.1.5+e35120df77
[11:58:25] [Render thread/INFO] - fabric-particles-v1: 1.1.3+1802ada577
[11:58:25] [Render thread/INFO] - fabric-recipe-api-v1: 1.0.25+1802ada577
[11:58:25] [Render thread/INFO] - fabric-registry-sync-v0: 2.4.1+4c0a70e677
[11:58:25] [Render thread/INFO] - fabric-renderer-api-v1: 3.2.2+1802ada577
[11:58:25] [Render thread/INFO] - fabric-renderer-indigo: 1.5.3+85287f9f77
[11:58:25] [Render thread/INFO] - fabric-renderer-registries-v1: 3.2.47+df3654b377
[11:58:25] [Render thread/INFO] - fabric-rendering-data-attachment-v1: 0.3.39+92a0d36777
[11:58:25] [Render thread/INFO] - fabric-rendering-fluids-v1: 3.0.29+1802ada577
[11:58:25] [Render thread/INFO] - fabric-rendering-v0: 1.1.50+df3654b377
[11:58:25] [Render thread/INFO] - fabric-rendering-v1: 3.0.9+1802ada577
[11:58:25] [Render thread/INFO] - fabric-resource-conditions-api-v1: 2.3.9+1802ada577
[11:58:25] [Render thread/INFO] - fabric-resource-loader-v0: 0.11.12+fb82e9d777
[11:58:25] [Render thread/INFO] - fabric-screen-api-v1: 2.0.9+1802ada577
[11:58:25] [Render thread/INFO] - fabric-screen-handler-api-v1: 1.3.34+1802ada577
[11:58:25] [Render thread/INFO] - fabric-sound-api-v1: 1.0.14+1802ada577
[11:58:25] [Render thread/INFO] - fabric-transfer-api-v1: 3.3.6+8dd72ea377
[11:58:25] [Render thread/INFO] - fabric-transitive-access-wideners-v1: 4.3.2+1802ada577
[11:58:25] [Render thread/INFO] - fabricloader: 0.17.2
[11:58:25] [Render thread/INFO] - flywheel: 1.0.5+1.20.1.build.264
[11:58:25] [Render thread/INFO] - forgeconfigapiport: 8.0.0
[11:58:25] [Render thread/INFO] - java: 17
[11:58:25] [Render thread/INFO] - milk: 1.2.60
[11:58:25] [Render thread/INFO] - minecraft: 1.20.1
[11:58:25] [Render thread/INFO] - mixinextras: 0.5.0
[11:58:25] [Render thread/INFO] - modmenu: 7.1.0
[11:58:25] [Render thread/INFO] - ponder: 1.0.91
[11:58:25] [Render thread/INFO] - porting_lib_accessors: 2.3.13+1.20.1
[11:58:25] [Render thread/INFO] - porting_lib_attributes: 2.3.13+1.20.1
[11:58:25] [Render thread/INFO] - porting_lib_base: 2.3.13+1.20.1
[11:58:25] [Render thread/INFO] - porting_lib_brewing: 2.3.13+1.20.1
[11:58:25] [Render thread/INFO] - porting_lib_client_events: 2.3.13+1.20.1
[11:58:25] [Render thread/INFO] - porting_lib_common: 2.3.13+1.20.1
[11:58:25] [Render thread/INFO] - porting_lib_config: 2.3.13+1.20.1
[11:58:25] [Render thread/INFO] - porting_lib_core: 2.3.13+1.20.1
[11:58:25] [Render thread/INFO] - porting_lib_data: 2.3.13+1.20.1
[11:58:25] [Render thread/INFO] - porting_lib_entity: 2.3.13+1.20.1
[11:58:25] [Render thread/INFO] - porting_lib_extensions: 2.3.13+1.20.1
[11:58:25] [Render thread/INFO] - porting_lib_fluids: 2.3.13+1.20.1
[11:58:25] [Render thread/INFO] - porting_lib_gui_utils: 2.3.13+1.20.1
[11:58:25] [Render thread/INFO] - porting_lib_lazy_registration: 2.3.13+1.20.1
[11:58:25] [Render thread/INFO] - porting_lib_mixin_extensions: 2.3.13+1.20.1
[11:58:25] [Render thread/INFO] - porting_lib_model_generators: 2.3.13+1.20.1
[11:58:25] [Render thread/INFO] - porting_lib_model_loader: 2.3.13+1.20.1
[11:58:25] [Render thread/INFO] - porting_lib_model_materials: 2.3.13+1.20.1
[11:58:25] [Render thread/INFO] - porting_lib_models: 2.3.13+1.20.1
[11:58:25] [Render thread/INFO] - porting_lib_networking: 2.3.13+1.20.1
[11:58:25] [Render thread/INFO] - porting_lib_obj_loader: 2.3.13+1.20.1
[11:58:25] [Render thread/INFO] - porting_lib_tags: 3.0
[11:58:25] [Render thread/INFO] - porting_lib_tool_actions: 2.3.13+1.20.1
[11:58:25] [Render thread/INFO] - porting_lib_transfer: 2.3.13+1.20.1
[11:58:25] [Render thread/INFO] - porting_lib_utility: 2.3.13+1.20.1
[11:58:25] [Render thread/INFO] - reach-entity-attributes: 2.4.0
[11:58:25] [Render thread/INFO] - registrate-fabric: 1.3.79-MC1.20.1
[11:58:25] [Render thread/INFO] - roughlyenoughitems: 12.0.626
[11:58:25] [Render thread/INFO] ========================================
[11:58:26] [Render thread/DEBUG] [REI] Added filtering rule [roughlyenoughitems:search]: INSTANCE
[11:58:26] [Render thread/DEBUG] [REI] Added filtering rule [roughlyenoughitems:manual]: INSTANCE
[11:58:26] [Render thread/DEBUG] [REI] Added filtering rule [roughlyenoughitems:basic]: INSTANCE
[11:58:26] [Render thread/INFO] [REI] Config loaded
[11:58:26] [Render thread/DEBUG] [REI] Config saved
[11:58:26] [Render thread/INFO] [REI] Registered plugin provider DefaultPlugin [roughlyenoughitems] for REIPlugin
[11:58:26] [Render thread/INFO] [REI] Registered plugin provider DefaultRuntimePlugin [roughlyenoughitems] for REIPlugin
[11:58:26] [Render thread/INFO] [REI] Registered plugin provider DefaultClientPlugin [roughlyenoughitems] for REIPlugin
[11:58:26] [Render thread/INFO] [REI] Registered plugin provider DefaultClientRuntimePlugin [roughlyenoughitems] for REIPlugin
[11:58:26] [Render thread/DEBUG] [REI] Added filtering rule [roughlyenoughitems:hidden_from_recipe_viewers]: INSTANCE
[11:58:26] [Render thread/INFO] [REI] Registered plugin provider HideIngredientsFromTagsPlugin [roughlyenoughitems] for REIPlugin
[11:58:26] [Render thread/INFO] [REI] Registered plugin provider create:rei_plugin [create] for REIPlugin
[11:58:26] [Render thread/INFO] [REI] Registered plugin provider create:rei_plugin [create_aquatic_ambitions] for REIPlugin
[11:58:26] [Render thread/INFO] [REI] Registered plugin provider DefaultPlugin [roughlyenoughitems] for REIServerPlugin
[11:58:26] [Render thread/INFO] [REI] Registered plugin provider DefaultRuntimePlugin [roughlyenoughitems] for REIServerPlugin
[11:58:26] [Render thread/INFO] [REI] Registered plugin provider FabricFluidAPISupportPlugin for REIServerPlugin
[11:58:26] [Render thread/INFO] [REI] Registered plugin provider FabricFluidAPISupportPlugin for REIPlugin
[11:58:27] [Render thread/INFO] [REI] Registered plugin provider DefaultClientPlugin [roughlyenoughitems] for REIClientPlugin
[11:58:27] [Render thread/INFO] [REI] Registered plugin provider DefaultClientRuntimePlugin [roughlyenoughitems] for REIClientPlugin
[11:58:27] [Render thread/INFO] [REI] Registered plugin provider HideIngredientsFromTagsPlugin [roughlyenoughitems] for REIClientPlugin
[11:58:27] [Render thread/INFO] [REI] Registered plugin provider create:rei_plugin [create] for REIClientPlugin
[11:58:27] [Render thread/INFO] [REI] Registered plugin provider create:rei_plugin [create_aquatic_ambitions] for REIClientPlugin
[11:58:40] [Worker-Main-13/DEBUG] [REI] Processed 5 tags in 500.6 μs for minecraft:enchantment
[11:58:40] [Worker-Main-10/DEBUG] [REI] Processed 7 tags in 30.88 μs for minecraft:banner_pattern[11:58:40] [Worker-Main-6/DEBUG] [REI] Processed 3 tags in 15.89 μs for minecraft:point_of_interest_type

[11:58:40] [Worker-Main-5/DEBUG] [REI] Processed 3 tags in 518.6 μs for minecraft:instrument
[11:58:40] [Worker-Main-2/DEBUG] [REI] Processed 14 tags in 310.3 μs for minecraft:fluid
[11:58:40] [Worker-Main-11/DEBUG] [REI] Processed 17 tags in 56.33 μs for minecraft:entity_type
[11:58:40] [Worker-Main-12/DEBUG] [REI] Processed 5 tags in 53.92 μs for minecraft:game_event
[11:58:40] [Worker-Main-5/DEBUG] [REI] Processed 1 tags in 4.940 μs for minecraft:recipe_serializer
[11:58:40] [Worker-Main-8/DEBUG] [REI] Processed 0 tags in 17.96 μs for minecraft:damage_type
[11:58:40] [Worker-Main-10/DEBUG] [REI] Processed 1 tags in 15.90 μs for minecraft:painting_variant
[11:58:40] [Worker-Main-1/DEBUG] [REI] Processed 2 tags in 743.1 μs for create:mounted_item_storage_type
[11:58:40] [Worker-Main-14/DEBUG] [REI] Processed 2 tags in 141.1 μs for minecraft:cat_variant
[11:58:40] [Worker-Main-5/DEBUG] [REI] Processed 0 tags in 10.50 μs for minecraft:worldgen/world_preset
[11:58:40] [Worker-Main-4/DEBUG] [REI] Processed 0 tags in 19.16 μs for minecraft:worldgen/flat_level_generator_preset
[11:58:40] [Worker-Main-12/DEBUG] [REI] Processed 0 tags in 5.020 μs for minecraft:worldgen/structure
[11:58:40] [Worker-Main-7/DEBUG] [REI] Processed 2 tags in 1.052 ms for create:contraption_type
[11:58:40] [Worker-Main-9/DEBUG] [REI] Processed 0 tags in 61.40 μs for minecraft:worldgen/biome
[11:58:40] [Worker-Main-15/DEBUG] [REI] Processed 382 tags in 1.445 ms for minecraft:item
[11:58:40] [Worker-Main-3/DEBUG] [REI] Processed 326 tags in 1.792 ms for minecraft:block
[11:58:42] [Netty Local Client IO #0/DEBUG] [REI] Marking hidden ingredients from tag cache as dirty.
[11:58:43] [REI-ReloadPlugins/DEBUG] [REI] ========================================
[11:58:43] [REI-ReloadPlugins/DEBUG] [REI] REIPlugin starting pre-reload for START.
[11:58:43] [REI-ReloadPlugins/DEBUG] [REI] Reloadables (8):
[11:58:43] [REI-ReloadPlugins/DEBUG] [REI]  - EntryTypeRegistryImpl
[11:58:43] [REI-ReloadPlugins/DEBUG] [REI]  - EntrySettingsAdapterRegistryImpl
[11:58:43] [REI-ReloadPlugins/DEBUG] [REI]  - RecipeManagerContextImpl
[11:58:43] [REI-ReloadPlugins/DEBUG] [REI]  - ItemComparatorRegistryImpl
[11:58:43] [REI-ReloadPlugins/DEBUG] [REI]  - FluidComparatorRegistryImpl
[11:58:43] [REI-ReloadPlugins/DEBUG] [REI]  - DisplaySerializerRegistryImpl
[11:58:43] [REI-ReloadPlugins/DEBUG] [REI]  - FluidSupportProviderImpl
[11:58:43] [REI-ReloadPlugins/DEBUG] [REI]  - me.shedaniel.rei.plugin.client.runtime.PluginStageExecutionWatcher$1
[11:58:43] [REI-ReloadPlugins/DEBUG] [REI] Plugins (8):
[11:58:43] [REI-ReloadPlugins/DEBUG] [REI]  - (-100.00) DefaultClientPlugin of DefaultClientPlugin [roughlyenoughitems]
[11:58:43] [REI-ReloadPlugins/DEBUG] [REI]  - (-100.00) DefaultPlugin of DefaultPlugin [roughlyenoughitems]
[11:58:43] [REI-ReloadPlugins/DEBUG] [REI]  - (0.00) FabricFluidAPISupportPlugin
[11:58:43] [REI-ReloadPlugins/DEBUG] [REI]  - (0.00) create:rei_plugin of create:rei_plugin [create_aquatic_ambitions]
[11:58:43] [REI-ReloadPlugins/DEBUG] [REI]  - (0.00) create:rei_plugin of create:rei_plugin [create]
[11:58:43] [REI-ReloadPlugins/DEBUG] [REI]  - (0.00) HideIngredientsFromTagsPlugin of HideIngredientsFromTagsPlugin [roughlyenoughitems]
[11:58:43] [REI-ReloadPlugins/DEBUG] [REI]  - (0.00) DefaultClientRuntimePlugin of DefaultClientRuntimePlugin [roughlyenoughitems]
[11:58:43] [REI-ReloadPlugins/DEBUG] [REI]  - (0.00) DefaultRuntimePlugin of DefaultRuntimePlugin [roughlyenoughitems]
[11:58:43] [REI-ReloadPlugins/DEBUG] [REI] ========================================
[11:58:43] [REI-ReloadPlugins/TRACE] [REI] [REIPlugin START] Reloading Section: "pre-register/"
[11:58:43] [REI-ReloadPlugins/TRACE] [REI] [REIPlugin START] Reloading Section: "pre-register/DefaultClientPlugin of DefaultClientPlugin [roughlyenoughitems]/"
[11:58:43] [REI-ReloadPlugins/TRACE] [REI] [REIPlugin START] Reloading Section: "pre-register/DefaultClientPlugin of DefaultClientPlugin [roughlyenoughitems]/" done in 1.328 ms
[11:58:43] [REI-ReloadPlugins/TRACE] [REI] [REIPlugin START] Reloading Section: "pre-register/DefaultPlugin of DefaultPlugin [roughlyenoughitems]/"
[11:58:43] [REI-ReloadPlugins/TRACE] [REI] [REIPlugin START] Reloading Section: "pre-register/DefaultPlugin of DefaultPlugin [roughlyenoughitems]/" done in 11.10 μs
[11:58:43] [REI-ReloadPlugins/TRACE] [REI] [REIPlugin START] Reloading Section: "pre-register/FabricFluidAPISupportPlugin/"
[11:58:43] [REI-ReloadPlugins/TRACE] [REI] [REIPlugin START] Reloading Section: "pre-register/FabricFluidAPISupportPlugin/" done in 6.110 μs
[11:58:43] [REI-ReloadPlugins/TRACE] [REI] [REIPlugin START] Reloading Section: "pre-register/create:rei_plugin of create:rei_plugin [create_aquatic_ambitions]/"
[11:58:43] [REI-ReloadPlugins/TRACE] [REI] [REIPlugin START] Reloading Section: "pre-register/create:rei_plugin of create:rei_plugin [create_aquatic_ambitions]/" done in 6.020 μs
[11:58:43] [REI-ReloadPlugins/TRACE] [REI] [REIPlugin START] Reloading Section: "pre-register/create:rei_plugin of create:rei_plugin [create]/"
[11:58:43] [REI-ReloadPlugins/TRACE] [REI] [REIPlugin START] Reloading Section: "pre-register/create:rei_plugin of create:rei_plugin [create]/" done in 5.520 μs
[11:58:43] [REI-ReloadPlugins/TRACE] [REI] [REIPlugin START] Reloading Section: "pre-register/HideIngredientsFromTagsPlugin of HideIngredientsFromTagsPlugin [roughlyenoughitems]/"
[11:58:43] [REI-ReloadPlugins/TRACE] [REI] [REIPlugin START] Reloading Section: "pre-register/HideIngredientsFromTagsPlugin of HideIngredientsFromTagsPlugin [roughlyenoughitems]/" done in 16.45 μs
[11:58:43] [REI-ReloadPlugins/TRACE] [REI] [REIPlugin START] Reloading Section: "pre-register/DefaultClientRuntimePlugin of DefaultClientRuntimePlugin [roughlyenoughitems]/"
[11:58:43] [REI-ReloadPlugins/TRACE] [REI] [REIPlugin START] Reloading Section: "pre-register/DefaultClientRuntimePlugin of DefaultClientRuntimePlugin [roughlyenoughitems]/" done in 5.500 μs
[11:58:43] [REI-ReloadPlugins/TRACE] [REI] [REIPlugin START] Reloading Section: "pre-register/DefaultRuntimePlugin of DefaultRuntimePlugin [roughlyenoughitems]/"
[11:58:43] [REI-ReloadPlugins/TRACE] [REI] [REIPlugin START] Reloading Section: "pre-register/DefaultRuntimePlugin of DefaultRuntimePlugin [roughlyenoughitems]/" done in 5.110 μs
[11:58:43] [REI-ReloadPlugins/TRACE] [REI] [REIPlugin START] Reloading Section: "pre-register/" done in 20.98 ms
[11:58:43] [REI-ReloadPlugins/DEBUG] [REI] ========================================
[11:58:43] [REI-ReloadPlugins/DEBUG] [REI] REIPlugin finished pre-reload for START in 28.04 ms.
[11:58:43] [REI-ReloadPlugins/DEBUG] [REI] ========================================
[11:58:43] [REI-ReloadPlugins/DEBUG] [REI] ========================================
[11:58:43] [REI-ReloadPlugins/DEBUG] [REI] REIClientPlugin starting pre-reload for START.
[11:58:43] [REI-ReloadPlugins/DEBUG] [REI] Reloadables (18):
[11:58:43] [REI-ReloadPlugins/DEBUG] [REI]  - EntryRendererRegistryImpl
[11:58:43] [REI-ReloadPlugins/DEBUG] [REI]  - ViewsImpl
[11:58:43] [REI-ReloadPlugins/DEBUG] [REI]  - InputMethodRegistryImpl
[11:58:43] [REI-ReloadPlugins/DEBUG] [REI]  - SearchProviderImpl
[11:58:43] [REI-ReloadPlugins/DEBUG] [REI]  - ConfigManagerImpl
[11:58:43] [REI-ReloadPlugins/DEBUG] [REI]  - EntryRegistryImpl
[11:58:43] [REI-ReloadPlugins/DEBUG] [REI]  - CollapsibleEntryRegistryImpl
[11:58:43] [REI-ReloadPlugins/DEBUG] [REI]  - BasicFilteringRuleImpl
[11:58:43] [REI-ReloadPlugins/DEBUG] [REI]  - CategoryRegistryImpl
[11:58:43] [REI-ReloadPlugins/DEBUG] [REI]  - DisplayRegistryImpl
[11:58:43] [REI-ReloadPlugins/DEBUG] [REI]  - ScreenRegistryImpl
[11:58:43] [REI-ReloadPlugins/DEBUG] [REI]  - FavoriteEntryTypeRegistryImpl
[11:58:43] [REI-ReloadPlugins/DEBUG] [REI]  - SubsetsRegistryImpl
[11:58:43] [REI-ReloadPlugins/DEBUG] [REI]  - TransferHandlerRegistryImpl
[11:58:43] [REI-ReloadPlugins/DEBUG] [REI]  - SearchRuntime
[11:58:43] [REI-ReloadPlugins/DEBUG] [REI]  - REIRuntimeImpl
[11:58:43] [REI-ReloadPlugins/DEBUG] [REI]  - ConfigAddonRegistryImpl
[11:58:43] [REI-ReloadPlugins/DEBUG] [REI]  - me.shedaniel.rei.plugin.client.runtime.PluginStageExecutionWatcher$1
[11:58:43] [REI-ReloadPlugins/DEBUG] [REI] Plugins (5):
[11:58:43] [REI-ReloadPlugins/DEBUG] [REI]  - (-100.00) DefaultClientPlugin of DefaultClientPlugin [roughlyenoughitems]
[11:58:43] [REI-ReloadPlugins/DEBUG] [REI]  - (0.00) create:rei_plugin of create:rei_plugin [create_aquatic_ambitions]
[11:58:43] [REI-ReloadPlugins/DEBUG] [REI]  - (0.00) create:rei_plugin of create:rei_plugin [create]
[11:58:43] [REI-ReloadPlugins/DEBUG] [REI]  - (0.00) HideIngredientsFromTagsPlugin of HideIngredientsFromTagsPlugin [roughlyenoughitems]
[11:58:43] [REI-ReloadPlugins/DEBUG] [REI]  - (0.00) DefaultClientRuntimePlugin of DefaultClientRuntimePlugin [roughlyenoughitems]
[11:58:43] [REI-ReloadPlugins/DEBUG] [REI] ========================================
[11:58:43] [REI-ReloadPlugins/TRACE] [REI] [REIClientPlugin START] Reloading Section: "pre-register/"
[11:58:43] [REI-ReloadPlugins/TRACE] [REI] [REIClientPlugin START] Reloading Section: "pre-register/DefaultClientPlugin of DefaultClientPlugin [roughlyenoughitems]/"
[11:58:43] [REI-ReloadPlugins/TRACE] [REI] [REIClientPlugin START] Reloading Section: "pre-register/DefaultClientPlugin of DefaultClientPlugin [roughlyenoughitems]/" done in 19.75 μs
[11:58:43] [REI-ReloadPlugins/TRACE] [REI] [REIClientPlugin START] Reloading Section: "pre-register/create:rei_plugin of create:rei_plugin [create_aquatic_ambitions]/"
[11:58:43] [REI-ReloadPlugins/TRACE] [REI] [REIClientPlugin START] Reloading Section: "pre-register/create:rei_plugin of create:rei_plugin [create_aquatic_ambitions]/" done in 7.110 μs
[11:58:43] [REI-ReloadPlugins/TRACE] [REI] [REIClientPlugin START] Reloading Section: "pre-register/create:rei_plugin of create:rei_plugin [create]/"
[11:58:43] [REI-ReloadPlugins/TRACE] [REI] [REIClientPlugin START] Reloading Section: "pre-register/create:rei_plugin of create:rei_plugin [create]/" done in 17.33 μs
[11:58:43] [REI-ReloadPlugins/TRACE] [REI] [REIClientPlugin START] Reloading Section: "pre-register/HideIngredientsFromTagsPlugin of HideIngredientsFromTagsPlugin [roughlyenoughitems]/"
[11:58:43] [REI-ReloadPlugins/TRACE] [REI] [REIClientPlugin START] Reloading Section: "pre-register/HideIngredientsFromTagsPlugin of HideIngredientsFromTagsPlugin [roughlyenoughitems]/" done in 6.660 μs
[11:58:43] [REI-ReloadPlugins/TRACE] [REI] [REIClientPlugin START] Reloading Section: "pre-register/DefaultClientRuntimePlugin of DefaultClientRuntimePlugin [roughlyenoughitems]/"
[11:58:43] [REI-ReloadPlugins/TRACE] [REI] [REIClientPlugin START] Reloading Section: "pre-register/DefaultClientRuntimePlugin of DefaultClientRuntimePlugin [roughlyenoughitems]/" done in 6.750 μs
[11:58:43] [REI-ReloadPlugins/TRACE] [REI] [REIClientPlugin START] Reloading Section: "pre-register/" done in 2.016 ms
[11:58:43] [REI-ReloadPlugins/DEBUG] [REI] ========================================
[11:58:43] [REI-ReloadPlugins/DEBUG] [REI] REIClientPlugin finished pre-reload for START in 2.089 ms.
[11:58:43] [REI-ReloadPlugins/DEBUG] [REI] ========================================
[11:58:43] [REI-ReloadPlugins/DEBUG] [REI] ========================================
[11:58:43] [REI-ReloadPlugins/DEBUG] [REI] REIServerPlugin starting pre-reload for START.
[11:58:43] [REI-ReloadPlugins/DEBUG] [REI] Reloadables (2):
[11:58:43] [REI-ReloadPlugins/DEBUG] [REI]  - MenuInfoRegistryImpl
[11:58:43] [REI-ReloadPlugins/DEBUG] [REI]  - me.shedaniel.rei.plugin.client.runtime.PluginStageExecutionWatcher$1
[11:58:43] [REI-ReloadPlugins/DEBUG] [REI] Plugins (3):
[11:58:43] [REI-ReloadPlugins/DEBUG] [REI]  - (-100.00) DefaultPlugin of DefaultPlugin [roughlyenoughitems]
[11:58:43] [REI-ReloadPlugins/DEBUG] [REI]  - (0.00) FabricFluidAPISupportPlugin
[11:58:43] [REI-ReloadPlugins/DEBUG] [REI]  - (0.00) DefaultRuntimePlugin of DefaultRuntimePlugin [roughlyenoughitems]
[11:58:43] [REI-ReloadPlugins/DEBUG] [REI] ========================================
[11:58:43] [REI-ReloadPlugins/TRACE] [REI] [REIServerPlugin START] Reloading Section: "pre-register/"
[11:58:43] [REI-ReloadPlugins/TRACE] [REI] [REIServerPlugin START] Reloading Section: "pre-register/DefaultPlugin of DefaultPlugin [roughlyenoughitems]/"
[11:58:43] [REI-ReloadPlugins/TRACE] [REI] [REIServerPlugin START] Reloading Section: "pre-register/DefaultPlugin of DefaultPlugin [roughlyenoughitems]/" done in 18.18 μs
[11:58:43] [REI-ReloadPlugins/TRACE] [REI] [REIServerPlugin START] Reloading Section: "pre-register/FabricFluidAPISupportPlugin/"
[11:58:43] [REI-ReloadPlugins/TRACE] [REI] [REIServerPlugin START] Reloading Section: "pre-register/FabricFluidAPISupportPlugin/" done in 5.940 μs
[11:58:43] [REI-ReloadPlugins/TRACE] [REI] [REIServerPlugin START] Reloading Section: "pre-register/DefaultRuntimePlugin of DefaultRuntimePlugin [roughlyenoughitems]/"
[11:58:43] [REI-ReloadPlugins/TRACE] [REI] [REIServerPlugin START] Reloading Section: "pre-register/DefaultRuntimePlugin of DefaultRuntimePlugin [roughlyenoughitems]/" done in 5.350 μs
[11:58:43] [REI-ReloadPlugins/TRACE] [REI] [REIServerPlugin START] Reloading Section: "pre-register/" done in 249.6 μs
[11:58:43] [REI-ReloadPlugins/DEBUG] [REI] ========================================
[11:58:43] [REI-ReloadPlugins/DEBUG] [REI] REIServerPlugin finished pre-reload for START in 319.1 μs.
[11:58:43] [REI-ReloadPlugins/DEBUG] [REI] ========================================
[11:58:43] [REI-ReloadPlugins/INFO] [REI] ========================================
[11:58:43] [REI-ReloadPlugins/INFO] [REI] REIPlugin starting main-reload for START.
[11:58:43] [REI-ReloadPlugins/DEBUG] [REI] Reloadables (8):
[11:58:43] [REI-ReloadPlugins/DEBUG] [REI]  - EntryTypeRegistryImpl
[11:58:43] [REI-ReloadPlugins/DEBUG] [REI]  - EntrySettingsAdapterRegistryImpl
[11:58:43] [REI-ReloadPlugins/DEBUG] [REI]  - RecipeManagerContextImpl
[11:58:43] [REI-ReloadPlugins/DEBUG] [REI]  - ItemComparatorRegistryImpl
[11:58:43] [REI-ReloadPlugins/DEBUG] [REI]  - FluidComparatorRegistryImpl
[11:58:43] [REI-ReloadPlugins/DEBUG] [REI]  - DisplaySerializerRegistryImpl
[11:58:43] [REI-ReloadPlugins/DEBUG] [REI]  - FluidSupportProviderImpl
[11:58:43] [REI-ReloadPlugins/DEBUG] [REI]  - me.shedaniel.rei.plugin.client.runtime.PluginStageExecutionWatcher$1
[11:58:43] [REI-ReloadPlugins/INFO] [REI] Plugins (8):
[11:58:43] [REI-ReloadPlugins/INFO] [REI]  - (-100.00) DefaultClientPlugin of DefaultClientPlugin [roughlyenoughitems]
[11:58:43] [REI-ReloadPlugins/INFO] [REI]  - (-100.00) DefaultPlugin of DefaultPlugin [roughlyenoughitems]
[11:58:43] [REI-ReloadPlugins/INFO] [REI]  - (0.00) FabricFluidAPISupportPlugin
[11:58:43] [REI-ReloadPlugins/INFO] [REI]  - (0.00) create:rei_plugin of create:rei_plugin [create_aquatic_ambitions]
[11:58:43] [REI-ReloadPlugins/INFO] [REI]  - (0.00) create:rei_plugin of create:rei_plugin [create]
[11:58:43] [REI-ReloadPlugins/INFO] [REI]  - (0.00) HideIngredientsFromTagsPlugin of HideIngredientsFromTagsPlugin [roughlyenoughitems]
[11:58:43] [REI-ReloadPlugins/INFO] [REI]  - (0.00) DefaultClientRuntimePlugin of DefaultClientRuntimePlugin [roughlyenoughitems]
[11:58:43] [REI-ReloadPlugins/INFO] [REI]  - (0.00) DefaultRuntimePlugin of DefaultRuntimePlugin [roughlyenoughitems]
[11:58:43] [REI-ReloadPlugins/INFO] [REI] ========================================
[11:58:43] [REI-ReloadPlugins/TRACE] [REI] [REIPlugin START] Reloading Section: "start-reload/"
[11:58:43] [REI-ReloadPlugins/TRACE] [REI] [REIPlugin START] Reloading Section: "start-reload/EntryTypeRegistryImpl/"
[11:58:43] [REI-ReloadPlugins/TRACE] [REI] [REIPlugin START] Reloading Section: "start-reload/EntryTypeRegistryImpl/" done in 2.323 ms
[11:58:43] [REI-ReloadPlugins/TRACE] [REI] [REIPlugin START] Reloading Section: "start-reload/EntrySettingsAdapterRegistryImpl/"
[11:58:43] [REI-ReloadPlugins/TRACE] [REI] [REIPlugin START] Reloading Section: "start-reload/EntrySettingsAdapterRegistryImpl/" done in 9.460 μs
[11:58:43] [REI-ReloadPlugins/TRACE] [REI] [REIPlugin START] Reloading Section: "start-reload/RecipeManagerContextImpl/"
[11:58:43] [REI-ReloadPlugins/TRACE] [REI] [REIPlugin START] Reloading Section: "start-reload/RecipeManagerContextImpl/" done in 4.320 μs
[11:58:43] [REI-ReloadPlugins/TRACE] [REI] [REIPlugin START] Reloading Section: "start-reload/ItemComparatorRegistryImpl/"
[11:58:43] [REI-ReloadPlugins/TRACE] [REI] [REIPlugin START] Reloading Section: "start-reload/ItemComparatorRegistryImpl/" done in 25.39 μs
[11:58:43] [REI-ReloadPlugins/TRACE] [REI] [REIPlugin START] Reloading Section: "start-reload/FluidComparatorRegistryImpl/"
[11:58:43] [REI-ReloadPlugins/TRACE] [REI] [REIPlugin START] Reloading Section: "start-reload/FluidComparatorRegistryImpl/" done in 5.970 μs
[11:58:43] [REI-ReloadPlugins/TRACE] [REI] [REIPlugin START] Reloading Section: "start-reload/DisplaySerializerRegistryImpl/"
[11:58:43] [REI-ReloadPlugins/TRACE] [REI] [REIPlugin START] Reloading Section: "start-reload/DisplaySerializerRegistryImpl/" done in 4.040 μs
[11:58:43] [REI-ReloadPlugins/TRACE] [REI] [REIPlugin START] Reloading Section: "start-reload/FluidSupportProviderImpl/"
[11:58:43] [REI-ReloadPlugins/TRACE] [REI] [REIPlugin START] Reloading Section: "start-reload/FluidSupportProviderImpl/" done in 15.68 μs
[11:58:43] [REI-ReloadPlugins/TRACE] [REI] [REIPlugin START] Reloading Section: "start-reload/me.shedaniel.rei.plugin.client.runtime.PluginStageExecutionWatcher$1/"
[11:58:43] [REI-ReloadPlugins/TRACE] [REI] [REIPlugin START] Reloading Section: "start-reload/me.shedaniel.rei.plugin.client.runtime.PluginStageExecutionWatcher$1/" done in 542.7 μs
[11:58:43] [REI-ReloadPlugins/TRACE] [REI] [REIPlugin START] Reloading Section: "start-reload/" done in 4.260 ms
[11:58:43] [REI-ReloadPlugins/DEBUG] [REI] ========================================
[11:58:43] [REI-ReloadPlugins/DEBUG] [REI] REIPlugin started main-reload for START.
[11:58:43] [REI-ReloadPlugins/DEBUG] [REI] ========================================
[11:58:43] [REI-ReloadPlugins/TRACE] [REI] [REIPlugin START] Reloading Section: "reloadable-plugin/EntryTypeRegistryImpl/"
[11:58:43] [REI-ReloadPlugins/TRACE] [REI] [REIPlugin START] Reloading Section: "reloadable-plugin/EntryTypeRegistryImpl/DefaultClientPlugin of DefaultClientPlugin [roughlyenoughitems]/"
[11:58:43] [REI-ReloadPlugins/TRACE] [REI] [REIPlugin START] Reloading Section: "reloadable-plugin/EntryTypeRegistryImpl/DefaultClientPlugin of DefaultClientPlugin [roughlyenoughitems]/" done in 204.3 μs
[11:58:43] [REI-ReloadPlugins/TRACE] [REI] [REIPlugin START] Reloading Section: "reloadable-plugin/EntryTypeRegistryImpl/DefaultPlugin of DefaultPlugin [roughlyenoughitems]/"
[11:58:43] [REI-ReloadPlugins/TRACE] [REI] [REIPlugin START] Reloading Section: "reloadable-plugin/EntryTypeRegistryImpl/DefaultPlugin of DefaultPlugin [roughlyenoughitems]/" done in 24.62 μs
[11:58:43] [REI-ReloadPlugins/TRACE] [REI] [REIPlugin START] Reloading Section: "reloadable-plugin/EntryTypeRegistryImpl/FabricFluidAPISupportPlugin/"
[11:58:43] [REI-ReloadPlugins/TRACE] [REI] [REIPlugin START] Reloading Section: "reloadable-plugin/EntryTypeRegistryImpl/FabricFluidAPISupportPlugin/" done in 17.94 μs
[11:58:43] [REI-ReloadPlugins/TRACE] [REI] [REIPlugin START] Reloading Section: "reloadable-plugin/EntryTypeRegistryImpl/create:rei_plugin of create:rei_plugin [create_aquatic_ambitions]/"
[11:58:43] [REI-ReloadPlugins/TRACE] [REI] [REIPlugin START] Reloading Section: "reloadable-plugin/EntryTypeRegistryImpl/create:rei_plugin of create:rei_plugin [create_aquatic_ambitions]/" done in 14.84 μs
[11:58:43] [REI-ReloadPlugins/TRACE] [REI] [REIPlugin START] Reloading Section: "reloadable-plugin/EntryTypeRegistryImpl/create:rei_plugin of create:rei_plugin [create]/"
[11:58:43] [REI-ReloadPlugins/TRACE] [REI] [REIPlugin START] Reloading Section: "reloadable-plugin/EntryTypeRegistryImpl/create:rei_plugin of create:rei_plugin [create]/" done in 15.05 μs
[11:58:43] [REI-ReloadPlugins/TRACE] [REI] [REIPlugin START] Reloading Section: "reloadable-plugin/EntryTypeRegistryImpl/HideIngredientsFromTagsPlugin of HideIngredientsFromTagsPlugin [roughlyenoughitems]/"
[11:58:43] [REI-ReloadPlugins/TRACE] [REI] [REIPlugin START] Reloading Section: "reloadable-plugin/EntryTypeRegistryImpl/HideIngredientsFromTagsPlugin of HideIngredientsFromTagsPlugin [roughlyenoughitems]/" done in 12.11 μs
[11:58:43] [REI-ReloadPlugins/TRACE] [REI] [REIPlugin START] Reloading Section: "reloadable-plugin/EntryTypeRegistryImpl/DefaultClientRuntimePlugin of DefaultClientRuntimePlugin [roughlyenoughitems]/"
[11:58:43] [REI-ReloadPlugins/TRACE] [REI] [REIPlugin START] Reloading Section: "reloadable-plugin/EntryTypeRegistryImpl/DefaultClientRuntimePlugin of DefaultClientRuntimePlugin [roughlyenoughitems]/" done in 10.06 μs
[11:58:43] [REI-ReloadPlugins/TRACE] [REI] [REIPlugin START] Reloading Section: "reloadable-plugin/EntryTypeRegistryImpl/DefaultRuntimePlugin of DefaultRuntimePlugin [roughlyenoughitems]/"
[11:58:43] [REI-ReloadPlugins/TRACE] [REI] [REIPlugin START] Reloading Section: "reloadable-plugin/EntryTypeRegistryImpl/DefaultRuntimePlugin of DefaultRuntimePlugin [roughlyenoughitems]/" done in 19.53 ms
[11:58:43] [REI-ReloadPlugins/TRACE] [REI] [REIPlugin START] Reloading Section: "reloadable-plugin/EntryTypeRegistryImpl/" done in 23.68 ms
[11:58:43] [REI-ReloadPlugins/TRACE] [REI] [REIPlugin START] Reloading Section: "reloadable-plugin/EntrySettingsAdapterRegistryImpl/"
[11:58:43] [REI-ReloadPlugins/TRACE] [REI] [REIPlugin START] Reloading Section: "reloadable-plugin/EntrySettingsAdapterRegistryImpl/DefaultClientPlugin of DefaultClientPlugin [roughlyenoughitems]/"
[11:58:43] [REI-ReloadPlugins/TRACE] [REI] [REIPlugin START] Reloading Section: "reloadable-plugin/EntrySettingsAdapterRegistryImpl/DefaultClientPlugin of DefaultClientPlugin [roughlyenoughitems]/" done in 19.36 μs
[11:58:43] [REI-ReloadPlugins/TRACE] [REI] [REIPlugin START] Reloading Section: "reloadable-plugin/EntrySettingsAdapterRegistryImpl/DefaultPlugin of DefaultPlugin [roughlyenoughitems]/"
[11:58:43] [REI-ReloadPlugins/TRACE] [REI] [REIPlugin START] Reloading Section: "reloadable-plugin/EntrySettingsAdapterRegistryImpl/DefaultPlugin of DefaultPlugin [roughlyenoughitems]/" done in 15.45 μs
[11:58:43] [REI-ReloadPlugins/TRACE] [REI] [REIPlugin START] Reloading Section: "reloadable-plugin/EntrySettingsAdapterRegistryImpl/FabricFluidAPISupportPlugin/"
[11:58:43] [REI-ReloadPlugins/TRACE] [REI] [REIPlugin START] Reloading Section: "reloadable-plugin/EntrySettingsAdapterRegistryImpl/FabricFluidAPISupportPlugin/" done in 11.07 μs
[11:58:43] [REI-ReloadPlugins/TRACE] [REI] [REIPlugin START] Reloading Section: "reloadable-plugin/EntrySettingsAdapterRegistryImpl/create:rei_plugin of create:rei_plugin [create_aquatic_ambitions]/"
[11:58:43] [REI-ReloadPlugins/TRACE] [REI] [REIPlugin START] Reloading Section: "reloadable-plugin/EntrySettingsAdapterRegistryImpl/create:rei_plugin of create:rei_plugin [create_aquatic_ambitions]/" done in 11.24 μs
[11:58:43] [REI-ReloadPlugins/TRACE] [REI] [REIPlugin START] Reloading Section: "reloadable-plugin/EntrySettingsAdapterRegistryImpl/create:rei_plugin of create:rei_plugin [create]/"
[11:58:43] [REI-ReloadPlugins/TRACE] [REI] [REIPlugin START] Reloading Section: "reloadable-plugin/EntrySettingsAdapterRegistryImpl/create:rei_plugin of create:rei_plugin [create]/" done in 8.800 μs
[11:58:43] [REI-ReloadPlugins/TRACE] [REI] [REIPlugin START] Reloading Section: "reloadable-plugin/EntrySettingsAdapterRegistryImpl/HideIngredientsFromTagsPlugin of HideIngredientsFromTagsPlugin [roughlyenoughitems]/"
[11:58:43] [REI-ReloadPlugins/TRACE] [REI] [REIPlugin START] Reloading Section: "reloadable-plugin/EntrySettingsAdapterRegistryImpl/HideIngredientsFromTagsPlugin of HideIngredientsFromTagsPlugin [roughlyenoughitems]/" done in 18.27 μs
[11:58:43] [REI-ReloadPlugins/TRACE] [REI] [REIPlugin START] Reloading Section: "reloadable-plugin/EntrySettingsAdapterRegistryImpl/DefaultClientRuntimePlugin of DefaultClientRuntimePlugin [roughlyenoughitems]/"
[11:58:43] [REI-ReloadPlugins/TRACE] [REI] [REIPlugin START] Reloading Section: "reloadable-plugin/EntrySettingsAdapterRegistryImpl/DefaultClientRuntimePlugin of DefaultClientRuntimePlugin [roughlyenoughitems]/" done in 8.470 μs
[11:58:43] [REI-ReloadPlugins/TRACE] [REI] [REIPlugin START] Reloading Section: "reloadable-plugin/EntrySettingsAdapterRegistryImpl/DefaultRuntimePlugin of DefaultRuntimePlugin [roughlyenoughitems]/"
[11:58:43] [REI-ReloadPlugins/TRACE] [REI] [REIPlugin START] Reloading Section: "reloadable-plugin/EntrySettingsAdapterRegistryImpl/DefaultRuntimePlugin of DefaultRuntimePlugin [roughlyenoughitems]/" done in 10.76 μs
[11:58:43] [REI-ReloadPlugins/TRACE] [REI] [REIPlugin START] Reloading Section: "reloadable-plugin/EntrySettingsAdapterRegistryImpl/" done in 762.4 μs
[11:58:43] [REI-ReloadPlugins/TRACE] [REI] [REIPlugin START] Reloading Section: "reloadable-plugin/RecipeManagerContextImpl/"
[11:58:43] [REI-ReloadPlugins/TRACE] [REI] [REIPlugin START] Reloading Section: "reloadable-plugin/RecipeManagerContextImpl/DefaultClientPlugin of DefaultClientPlugin [roughlyenoughitems]/"
[11:58:43] [REI-ReloadPlugins/TRACE] [REI] [REIPlugin START] Reloading Section: "reloadable-plugin/RecipeManagerContextImpl/DefaultClientPlugin of DefaultClientPlugin [roughlyenoughitems]/" done in 8.301 μs
[11:58:43] [REI-ReloadPlugins/TRACE] [REI] [REIPlugin START] Reloading Section: "reloadable-plugin/RecipeManagerContextImpl/DefaultPlugin of DefaultPlugin [roughlyenoughitems]/"
[11:58:43] [REI-ReloadPlugins/TRACE] [REI] [REIPlugin START] Reloading Section: "reloadable-plugin/RecipeManagerContextImpl/DefaultPlugin of DefaultPlugin [roughlyenoughitems]/" done in 9.931 μs
[11:58:43] [REI-ReloadPlugins/TRACE] [REI] [REIPlugin START] Reloading Section: "reloadable-plugin/RecipeManagerContextImpl/FabricFluidAPISupportPlugin/"
[11:58:43] [REI-ReloadPlugins/TRACE] [REI] [REIPlugin START] Reloading Section: "reloadable-plugin/RecipeManagerContextImpl/FabricFluidAPISupportPlugin/" done in 8.640 μs
[11:58:43] [REI-ReloadPlugins/TRACE] [REI] [REIPlugin START] Reloading Section: "reloadable-plugin/RecipeManagerContextImpl/create:rei_plugin of create:rei_plugin [create_aquatic_ambitions]/"
[11:58:43] [REI-ReloadPlugins/TRACE] [REI] [REIPlugin START] Reloading Section: "reloadable-plugin/RecipeManagerContextImpl/create:rei_plugin of create:rei_plugin [create_aquatic_ambitions]/" done in 8.390 μs
[11:58:43] [REI-ReloadPlugins/TRACE] [REI] [REIPlugin START] Reloading Section: "reloadable-plugin/RecipeManagerContextImpl/create:rei_plugin of create:rei_plugin [create]/"
[11:58:43] [REI-ReloadPlugins/TRACE] [REI] [REIPlugin START] Reloading Section: "reloadable-plugin/RecipeManagerContextImpl/create:rei_plugin of create:rei_plugin [create]/" done in 8.650 μs
[11:58:43] [REI-ReloadPlugins/TRACE] [REI] [REIPlugin START] Reloading Section: "reloadable-plugin/RecipeManagerContextImpl/HideIngredientsFromTagsPlugin of HideIngredientsFromTagsPlugin [roughlyenoughitems]/"
[11:58:43] [REI-ReloadPlugins/TRACE] [REI] [REIPlugin START] Reloading Section: "reloadable-plugin/RecipeManagerContextImpl/HideIngredientsFromTagsPlugin of HideIngredientsFromTagsPlugin [roughlyenoughitems]/" done in 9.790 μs
[11:58:43] [REI-ReloadPlugins/TRACE] [REI] [REIPlugin START] Reloading Section: "reloadable-plugin/RecipeManagerContextImpl/DefaultClientRuntimePlugin of DefaultClientRuntimePlugin [roughlyenoughitems]/"
[11:58:43] [REI-ReloadPlugins/TRACE] [REI] [REIPlugin START] Reloading Section: "reloadable-plugin/RecipeManagerContextImpl/DefaultClientRuntimePlugin of DefaultClientRuntimePlugin [roughlyenoughitems]/" done in 8.420 μs
[11:58:43] [REI-ReloadPlugins/TRACE] [REI] [REIPlugin START] Reloading Section: "reloadable-plugin/RecipeManagerContextImpl/DefaultRuntimePlugin of DefaultRuntimePlugin [roughlyenoughitems]/"
[11:58:43] [REI-ReloadPlugins/TRACE] [REI] [REIPlugin START] Reloading Section: "reloadable-plugin/RecipeManagerContextImpl/DefaultRuntimePlugin of DefaultRuntimePlugin [roughlyenoughitems]/" done in 8.160 μs
[11:58:43] [REI-ReloadPlugins/TRACE] [REI] [REIPlugin START] Reloading Section: "reloadable-plugin/RecipeManagerContextImpl/" done in 594.9 μs
[11:58:43] [REI-ReloadPlugins/TRACE] [REI] [REIPlugin START] Reloading Section: "reloadable-plugin/ItemComparatorRegistryImpl/"
[11:58:43] [REI-ReloadPlugins/TRACE] [REI] [REIPlugin START] Reloading Section: "reloadable-plugin/ItemComparatorRegistryImpl/DefaultClientPlugin of DefaultClientPlugin [roughlyenoughitems]/"
[11:58:43] [REI-ReloadPlugins/TRACE] [REI] [REIPlugin START] Reloading Section: "reloadable-plugin/ItemComparatorRegistryImpl/DefaultClientPlugin of DefaultClientPlugin [roughlyenoughitems]/" done in 15.80 μs
[11:58:43] [REI-ReloadPlugins/TRACE] [REI] [REIPlugin START] Reloading Section: "reloadable-plugin/ItemComparatorRegistryImpl/DefaultPlugin of DefaultPlugin [roughlyenoughitems]/"
[11:58:43] [REI-ReloadPlugins/TRACE] [REI] [REIPlugin START] Reloading Section: "reloadable-plugin/ItemComparatorRegistryImpl/DefaultPlugin of DefaultPlugin [roughlyenoughitems]/" done in 686.7 μs
[11:58:43] [REI-ReloadPlugins/TRACE] [REI] [REIPlugin START] Reloading Section: "reloadable-plugin/ItemComparatorRegistryImpl/FabricFluidAPISupportPlugin/"
[11:58:43] [REI-ReloadPlugins/TRACE] [REI] [REIPlugin START] Reloading Section: "reloadable-plugin/ItemComparatorRegistryImpl/FabricFluidAPISupportPlugin/" done in 10.41 μs
[11:58:43] [REI-ReloadPlugins/TRACE] [REI] [REIPlugin START] Reloading Section: "reloadable-plugin/ItemComparatorRegistryImpl/create:rei_plugin of create:rei_plugin [create_aquatic_ambitions]/"
[11:58:43] [REI-ReloadPlugins/TRACE] [REI] [REIPlugin START] Reloading Section: "reloadable-plugin/ItemComparatorRegistryImpl/create:rei_plugin of create:rei_plugin [create_aquatic_ambitions]/" done in 9.250 μs
[11:58:43] [REI-ReloadPlugins/TRACE] [REI] [REIPlugin START] Reloading Section: "reloadable-plugin/ItemComparatorRegistryImpl/create:rei_plugin of create:rei_plugin [create]/"
[11:58:43] [REI-ReloadPlugins/TRACE] [REI] [REIPlugin START] Reloading Section: "reloadable-plugin/ItemComparatorRegistryImpl/create:rei_plugin of create:rei_plugin [create]/" done in 9.890 μs
[11:58:43] [REI-ReloadPlugins/TRACE] [REI] [REIPlugin START] Reloading Section: "reloadable-plugin/ItemComparatorRegistryImpl/HideIngredientsFromTagsPlugin of HideIngredientsFromTagsPlugin [roughlyenoughitems]/"
[11:58:43] [REI-ReloadPlugins/TRACE] [REI] [REIPlugin START] Reloading Section: "reloadable-plugin/ItemComparatorRegistryImpl/HideIngredientsFromTagsPlugin of HideIngredientsFromTagsPlugin [roughlyenoughitems]/" done in 10.61 μs
[11:58:43] [REI-ReloadPlugins/TRACE] [REI] [REIPlugin START] Reloading Section: "reloadable-plugin/ItemComparatorRegistryImpl/DefaultClientRuntimePlugin of DefaultClientRuntimePlugin [roughlyenoughitems]/"
[11:58:43] [REI-ReloadPlugins/TRACE] [REI] [REIPlugin START] Reloading Section: "reloadable-plugin/ItemComparatorRegistryImpl/DefaultClientRuntimePlugin of DefaultClientRuntimePlugin [roughlyenoughitems]/" done in 8.830 μs
[11:58:43] [REI-ReloadPlugins/TRACE] [REI] [REIPlugin START] Reloading Section: "reloadable-plugin/ItemComparatorRegistryImpl/DefaultRuntimePlugin of DefaultRuntimePlugin [roughlyenoughitems]/"
[11:58:43] [REI-ReloadPlugins/TRACE] [REI] [REIPlugin START] Reloading Section: "reloadable-plugin/ItemComparatorRegistryImpl/DefaultRuntimePlugin of DefaultRuntimePlugin [roughlyenoughitems]/" done in 10.18 μs
[11:58:43] [REI-ReloadPlugins/TRACE] [REI] [REIPlugin START] Reloading Section: "reloadable-plugin/ItemComparatorRegistryImpl/" done in 1.526 ms
[11:58:43] [REI-ReloadPlugins/TRACE] [REI] [REIPlugin START] Reloading Section: "reloadable-plugin/FluidComparatorRegistryImpl/"
[11:58:43] [REI-ReloadPlugins/TRACE] [REI] [REIPlugin START] Reloading Section: "reloadable-plugin/FluidComparatorRegistryImpl/DefaultClientPlugin of DefaultClientPlugin [roughlyenoughitems]/"
[11:58:43] [REI-ReloadPlugins/TRACE] [REI] [REIPlugin START] Reloading Section: "reloadable-plugin/FluidComparatorRegistryImpl/DefaultClientPlugin of DefaultClientPlugin [roughlyenoughitems]/" done in 15.17 μs
[11:58:43] [REI-ReloadPlugins/TRACE] [REI] [REIPlugin START] Reloading Section: "reloadable-plugin/FluidComparatorRegistryImpl/DefaultPlugin of DefaultPlugin [roughlyenoughitems]/"
[11:58:43] [REI-ReloadPlugins/TRACE] [REI] [REIPlugin START] Reloading Section: "reloadable-plugin/FluidComparatorRegistryImpl/DefaultPlugin of DefaultPlugin [roughlyenoughitems]/" done in 8.950 μs
[11:58:43] [REI-ReloadPlugins/TRACE] [REI] [REIPlugin START] Reloading Section: "reloadable-plugin/FluidComparatorRegistryImpl/FabricFluidAPISupportPlugin/"
[11:58:43] [REI-ReloadPlugins/TRACE] [REI] [REIPlugin START] Reloading Section: "reloadable-plugin/FluidComparatorRegistryImpl/FabricFluidAPISupportPlugin/" done in 8.650 μs
[11:58:43] [REI-ReloadPlugins/TRACE] [REI] [REIPlugin START] Reloading Section: "reloadable-plugin/FluidComparatorRegistryImpl/create:rei_plugin of create:rei_plugin [create_aquatic_ambitions]/"
[11:58:43] [REI-ReloadPlugins/TRACE] [REI] [REIPlugin START] Reloading Section: "reloadable-plugin/FluidComparatorRegistryImpl/create:rei_plugin of create:rei_plugin [create_aquatic_ambitions]/" done in 8.290 μs
[11:58:43] [REI-ReloadPlugins/TRACE] [REI] [REIPlugin START] Reloading Section: "reloadable-plugin/FluidComparatorRegistryImpl/create:rei_plugin of create:rei_plugin [create]/"
[11:58:43] [REI-ReloadPlugins/TRACE] [REI] [REIPlugin START] Reloading Section: "reloadable-plugin/FluidComparatorRegistryImpl/create:rei_plugin of create:rei_plugin [create]/" done in 7.980 μs
[11:58:43] [REI-ReloadPlugins/TRACE] [REI] [REIPlugin START] Reloading Section: "reloadable-plugin/FluidComparatorRegistryImpl/HideIngredientsFromTagsPlugin of HideIngredientsFromTagsPlugin [roughlyenoughitems]/"
[11:58:43] [REI-ReloadPlugins/TRACE] [REI] [REIPlugin START] Reloading Section: "reloadable-plugin/FluidComparatorRegistryImpl/HideIngredientsFromTagsPlugin of HideIngredientsFromTagsPlugin [roughlyenoughitems]/" done in 12.08 μs
[11:58:43] [REI-ReloadPlugins/TRACE] [REI] [REIPlugin START] Reloading Section: "reloadable-plugin/FluidComparatorRegistryImpl/DefaultClientRuntimePlugin of DefaultClientRuntimePlugin [roughlyenoughitems]/"
[11:58:43] [REI-ReloadPlugins/TRACE] [REI] [REIPlugin START] Reloading Section: "reloadable-plugin/FluidComparatorRegistryImpl/DefaultClientRuntimePlugin of DefaultClientRuntimePlugin [roughlyenoughitems]/" done in 9.540 μs
[11:58:43] [REI-ReloadPlugins/TRACE] [REI] [REIPlugin START] Reloading Section: "reloadable-plugin/FluidComparatorRegistryImpl/DefaultRuntimePlugin of DefaultRuntimePlugin [roughlyenoughitems]/"
[11:58:43] [REI-ReloadPlugins/TRACE] [REI] [REIPlugin START] Reloading Section: "reloadable-plugin/FluidComparatorRegistryImpl/DefaultRuntimePlugin of DefaultRuntimePlugin [roughlyenoughitems]/" done in 8.720 μs
[11:58:43] [REI-ReloadPlugins/TRACE] [REI] [REIPlugin START] Reloading Section: "reloadable-plugin/FluidComparatorRegistryImpl/" done in 1.217 ms
[11:58:43] [REI-ReloadPlugins/TRACE] [REI] [REIPlugin START] Reloading Section: "reloadable-plugin/DisplaySerializerRegistryImpl/"
[11:58:43] [REI-ReloadPlugins/TRACE] [REI] [REIPlugin START] Reloading Section: "reloadable-plugin/DisplaySerializerRegistryImpl/DefaultClientPlugin of DefaultClientPlugin [roughlyenoughitems]/"
[11:58:43] [REI-ReloadPlugins/TRACE] [REI] [REIPlugin START] Reloading Section: "reloadable-plugin/DisplaySerializerRegistryImpl/DefaultClientPlugin of DefaultClientPlugin [roughlyenoughitems]/" done in 8.120 μs
[11:58:43] [REI-ReloadPlugins/TRACE] [REI] [REIPlugin START] Reloading Section: "reloadable-plugin/DisplaySerializerRegistryImpl/DefaultPlugin of DefaultPlugin [roughlyenoughitems]/"
[11:58:43] [REI-ReloadPlugins/TRACE] [REI] [REIPlugin START] Reloading Section: "reloadable-plugin/DisplaySerializerRegistryImpl/DefaultPlugin of DefaultPlugin [roughlyenoughitems]/" done in 8.820 μs
[11:58:43] [REI-ReloadPlugins/TRACE] [REI] [REIPlugin START] Reloading Section: "reloadable-plugin/DisplaySerializerRegistryImpl/FabricFluidAPISupportPlugin/"
[11:58:43] [REI-ReloadPlugins/TRACE] [REI] [REIPlugin START] Reloading Section: "reloadable-plugin/DisplaySerializerRegistryImpl/FabricFluidAPISupportPlugin/" done in 8.400 μs
[11:58:43] [REI-ReloadPlugins/TRACE] [REI] [REIPlugin START] Reloading Section: "reloadable-plugin/DisplaySerializerRegistryImpl/create:rei_plugin of create:rei_plugin [create_aquatic_ambitions]/"
[11:58:43] [REI-ReloadPlugins/TRACE] [REI] [REIPlugin START] Reloading Section: "reloadable-plugin/DisplaySerializerRegistryImpl/create:rei_plugin of create:rei_plugin [create_aquatic_ambitions]/" done in 8.760 μs
[11:58:43] [REI-ReloadPlugins/TRACE] [REI] [REIPlugin START] Reloading Section: "reloadable-plugin/DisplaySerializerRegistryImpl/create:rei_plugin of create:rei_plugin [create]/"
[11:58:43] [REI-ReloadPlugins/TRACE] [REI] [REIPlugin START] Reloading Section: "reloadable-plugin/DisplaySerializerRegistryImpl/create:rei_plugin of create:rei_plugin [create]/" done in 8.120 μs
[11:58:43] [REI-ReloadPlugins/TRACE] [REI] [REIPlugin START] Reloading Section: "reloadable-plugin/DisplaySerializerRegistryImpl/HideIngredientsFromTagsPlugin of HideIngredientsFromTagsPlugin [roughlyenoughitems]/"
[11:58:43] [REI-ReloadPlugins/TRACE] [REI] [REIPlugin START] Reloading Section: "reloadable-plugin/DisplaySerializerRegistryImpl/HideIngredientsFromTagsPlugin of HideIngredientsFromTagsPlugin [roughlyenoughitems]/" done in 9.700 μs
[11:58:43] [REI-ReloadPlugins/TRACE] [REI] [REIPlugin START] Reloading Section: "reloadable-plugin/DisplaySerializerRegistryImpl/DefaultClientRuntimePlugin of DefaultClientRuntimePlugin [roughlyenoughitems]/"
[11:58:43] [REI-ReloadPlugins/TRACE] [REI] [REIPlugin START] Reloading Section: "reloadable-plugin/DisplaySerializerRegistryImpl/DefaultClientRuntimePlugin of DefaultClientRuntimePlugin [roughlyenoughitems]/" done in 8.270 μs
[11:58:43] [REI-ReloadPlugins/TRACE] [REI] [REIPlugin START] Reloading Section: "reloadable-plugin/DisplaySerializerRegistryImpl/DefaultRuntimePlugin of DefaultRuntimePlugin [roughlyenoughitems]/"
[11:58:43] [REI-ReloadPlugins/TRACE] [REI] [REIPlugin START] Reloading Section: "reloadable-plugin/DisplaySerializerRegistryImpl/DefaultRuntimePlugin of DefaultRuntimePlugin [roughlyenoughitems]/" done in 12.13 μs
[11:58:43] [REI-ReloadPlugins/TRACE] [REI] [REIPlugin START] Reloading Section: "reloadable-plugin/DisplaySerializerRegistryImpl/" done in 577.2 μs
[11:58:43] [REI-ReloadPlugins/TRACE] [REI] [REIPlugin START] Reloading Section: "reloadable-plugin/FluidSupportProviderImpl/"
[11:58:43] [REI-ReloadPlugins/TRACE] [REI] [REIPlugin START] Reloading Section: "reloadable-plugin/FluidSupportProviderImpl/DefaultClientPlugin of DefaultClientPlugin [roughlyenoughitems]/"
[11:58:43] [REI-ReloadPlugins/TRACE] [REI] [REIPlugin START] Reloading Section: "reloadable-plugin/FluidSupportProviderImpl/DefaultClientPlugin of DefaultClientPlugin [roughlyenoughitems]/" done in 16.86 μs
[11:58:43] [REI-ReloadPlugins/TRACE] [REI] [REIPlugin START] Reloading Section: "reloadable-plugin/FluidSupportProviderImpl/DefaultPlugin of DefaultPlugin [roughlyenoughitems]/"
[11:58:43] [REI-ReloadPlugins/TRACE] [REI] [REIPlugin START] Reloading Section: "reloadable-plugin/FluidSupportProviderImpl/DefaultPlugin of DefaultPlugin [roughlyenoughitems]/" done in 453.3 μs
[11:58:43] [REI-ReloadPlugins/TRACE] [REI] [REIPlugin START] Reloading Section: "reloadable-plugin/FluidSupportProviderImpl/FabricFluidAPISupportPlugin/"
[11:58:43] [REI-ReloadPlugins/TRACE] [REI] [REIPlugin START] Reloading Section: "reloadable-plugin/FluidSupportProviderImpl/FabricFluidAPISupportPlugin/" done in 4.140 ms
[11:58:43] [REI-ReloadPlugins/TRACE] [REI] [REIPlugin START] Reloading Section: "reloadable-plugin/FluidSupportProviderImpl/create:rei_plugin of create:rei_plugin [create_aquatic_ambitions]/"
[11:58:43] [REI-ReloadPlugins/TRACE] [REI] [REIPlugin START] Reloading Section: "reloadable-plugin/FluidSupportProviderImpl/create:rei_plugin of create:rei_plugin [create_aquatic_ambitions]/" done in 24.27 μs
[11:58:43] [REI-ReloadPlugins/TRACE] [REI] [REIPlugin START] Reloading Section: "reloadable-plugin/FluidSupportProviderImpl/create:rei_plugin of create:rei_plugin [create]/"
[11:58:43] [REI-ReloadPlugins/TRACE] [REI] [REIPlugin START] Reloading Section: "reloadable-plugin/FluidSupportProviderImpl/create:rei_plugin of create:rei_plugin [create]/" done in 7.400 μs
[11:58:43] [REI-ReloadPlugins/TRACE] [REI] [REIPlugin START] Reloading Section: "reloadable-plugin/FluidSupportProviderImpl/HideIngredientsFromTagsPlugin of HideIngredientsFromTagsPlugin [roughlyenoughitems]/"
[11:58:43] [REI-ReloadPlugins/TRACE] [REI] [REIPlugin START] Reloading Section: "reloadable-plugin/FluidSupportProviderImpl/HideIngredientsFromTagsPlugin of HideIngredientsFromTagsPlugin [roughlyenoughitems]/" done in 9.330 μs
[11:58:43] [REI-ReloadPlugins/TRACE] [REI] [REIPlugin START] Reloading Section: "reloadable-plugin/FluidSupportProviderImpl/DefaultClientRuntimePlugin of DefaultClientRuntimePlugin [roughlyenoughitems]/"
[11:58:43] [REI-ReloadPlugins/TRACE] [REI] [REIPlugin START] Reloading Section: "reloadable-plugin/FluidSupportProviderImpl/DefaultClientRuntimePlugin of DefaultClientRuntimePlugin [roughlyenoughitems]/" done in 7.590 μs
[11:58:43] [REI-ReloadPlugins/TRACE] [REI] [REIPlugin START] Reloading Section: "reloadable-plugin/FluidSupportProviderImpl/DefaultRuntimePlugin of DefaultRuntimePlugin [roughlyenoughitems]/"
[11:58:43] [REI-ReloadPlugins/TRACE] [REI] [REIPlugin START] Reloading Section: "reloadable-plugin/FluidSupportProviderImpl/DefaultRuntimePlugin of DefaultRuntimePlugin [roughlyenoughitems]/" done in 7.130 μs
[11:58:43] [REI-ReloadPlugins/TRACE] [REI] [REIPlugin START] Reloading Section: "reloadable-plugin/FluidSupportProviderImpl/" done in 5.398 ms
[11:58:43] [REI-ReloadPlugins/TRACE] [REI] [REIPlugin START] Reloading Section: "reloadable-plugin/me.shedaniel.rei.plugin.client.runtime.PluginStageExecutionWatcher$1/"
[11:58:43] [REI-ReloadPlugins/TRACE] [REI] [REIPlugin START] Reloading Section: "reloadable-plugin/me.shedaniel.rei.plugin.client.runtime.PluginStageExecutionWatcher$1/DefaultClientPlugin of DefaultClientPlugin [roughlyenoughitems]/"
[11:58:43] [REI-ReloadPlugins/TRACE] [REI] [REIPlugin START] Reloading Section: "reloadable-plugin/me.shedaniel.rei.plugin.client.runtime.PluginStageExecutionWatcher$1/DefaultClientPlugin of DefaultClientPlugin [roughlyenoughitems]/" done in 7.060 μs
[11:58:43] [REI-ReloadPlugins/TRACE] [REI] [REIPlugin START] Reloading Section: "reloadable-plugin/me.shedaniel.rei.plugin.client.runtime.PluginStageExecutionWatcher$1/DefaultPlugin of DefaultPlugin [roughlyenoughitems]/"
[11:58:43] [REI-ReloadPlugins/TRACE] [REI] [REIPlugin START] Reloading Section: "reloadable-plugin/me.shedaniel.rei.plugin.client.runtime.PluginStageExecutionWatcher$1/DefaultPlugin of DefaultPlugin [roughlyenoughitems]/" done in 7.710 μs
[11:58:43] [REI-ReloadPlugins/TRACE] [REI] [REIPlugin START] Reloading Section: "reloadable-plugin/me.shedaniel.rei.plugin.client.runtime.PluginStageExecutionWatcher$1/FabricFluidAPISupportPlugin/"
[11:58:43] [REI-ReloadPlugins/TRACE] [REI] [REIPlugin START] Reloading Section: "reloadable-plugin/me.shedaniel.rei.plugin.client.runtime.PluginStageExecutionWatcher$1/FabricFluidAPISupportPlugin/" done in 7.320 μs
[11:58:43] [REI-ReloadPlugins/TRACE] [REI] [REIPlugin START] Reloading Section: "reloadable-plugin/me.shedaniel.rei.plugin.client.runtime.PluginStageExecutionWatcher$1/create:rei_plugin of create:rei_plugin [create_aquatic_ambitions]/"
[11:58:43] [REI-ReloadPlugins/TRACE] [REI] [REIPlugin START] Reloading Section: "reloadable-plugin/me.shedaniel.rei.plugin.client.runtime.PluginStageExecutionWatcher$1/create:rei_plugin of create:rei_plugin [create_aquatic_ambitions]/" done in 7.011 μs
[11:58:43] [REI-ReloadPlugins/TRACE] [REI] [REIPlugin START] Reloading Section: "reloadable-plugin/me.shedaniel.rei.plugin.client.runtime.PluginStageExecutionWatcher$1/create:rei_plugin of create:rei_plugin [create]/"
[11:58:43] [REI-ReloadPlugins/TRACE] [REI] [REIPlugin START] Reloading Section: "reloadable-plugin/me.shedaniel.rei.plugin.client.runtime.PluginStageExecutionWatcher$1/create:rei_plugin of create:rei_plugin [create]/" done in 6.970 μs
[11:58:43] [REI-ReloadPlugins/TRACE] [REI] [REIPlugin START] Reloading Section: "reloadable-plugin/me.shedaniel.rei.plugin.client.runtime.PluginStageExecutionWatcher$1/HideIngredientsFromTagsPlugin of HideIngredientsFromTagsPlugin [roughlyenoughitems]/"
[11:58:43] [REI-ReloadPlugins/TRACE] [REI] [REIPlugin START] Reloading Section: "reloadable-plugin/me.shedaniel.rei.plugin.client.runtime.PluginStageExecutionWatcher$1/HideIngredientsFromTagsPlugin of HideIngredientsFromTagsPlugin [roughlyenoughitems]/" done in 7.240 μs
[11:58:43] [REI-ReloadPlugins/TRACE] [REI] [REIPlugin START] Reloading Section: "reloadable-plugin/me.shedaniel.rei.plugin.client.runtime.PluginStageExecutionWatcher$1/DefaultClientRuntimePlugin of DefaultClientRuntimePlugin [roughlyenoughitems]/"
[11:58:43] [REI-ReloadPlugins/TRACE] [REI] [REIPlugin START] Reloading Section: "reloadable-plugin/me.shedaniel.rei.plugin.client.runtime.PluginStageExecutionWatcher$1/DefaultClientRuntimePlugin of DefaultClientRuntimePlugin [roughlyenoughitems]/" done in 7.250 μs
[11:58:43] [REI-ReloadPlugins/TRACE] [REI] [REIPlugin START] Reloading Section: "reloadable-plugin/me.shedaniel.rei.plugin.client.runtime.PluginStageExecutionWatcher$1/DefaultRuntimePlugin of DefaultRuntimePlugin [roughlyenoughitems]/"
[11:58:43] [REI-ReloadPlugins/TRACE] [REI] [REIPlugin START] Reloading Section: "reloadable-plugin/me.shedaniel.rei.plugin.client.runtime.PluginStageExecutionWatcher$1/DefaultRuntimePlugin of DefaultRuntimePlugin [roughlyenoughitems]/" done in 9.240 μs
[11:58:43] [REI-ReloadPlugins/TRACE] [REI] [REIPlugin START] Reloading Section: "reloadable-plugin/me.shedaniel.rei.plugin.client.runtime.PluginStageExecutionWatcher$1/" done in 525.0 μs
[11:58:43] [REI-ReloadPlugins/DEBUG] [REI] ========================================
[11:58:43] [REI-ReloadPlugins/DEBUG] [REI] REIPlugin ending main-reload for START.
[11:58:43] [REI-ReloadPlugins/DEBUG] [REI] ========================================
[11:58:43] [REI-ReloadPlugins/TRACE] [REI] [REIPlugin START] Reloading Section: "end-reload/"
[11:58:43] [REI-ReloadPlugins/TRACE] [REI] [REIPlugin START] Reloading Section: "end-reload/EntryTypeRegistryImpl/"
[11:58:43] [REI-ReloadPlugins/TRACE] [REI] [REIPlugin START] Reloading Section: "end-reload/EntryTypeRegistryImpl/" done in 12.36 μs
[11:58:43] [REI-ReloadPlugins/TRACE] [REI] [REIPlugin START] Reloading Section: "end-reload/EntrySettingsAdapterRegistryImpl/"
[11:58:43] [REI-ReloadPlugins/TRACE] [REI] [REIPlugin START] Reloading Section: "end-reload/EntrySettingsAdapterRegistryImpl/" done in 4.860 μs
[11:58:43] [REI-ReloadPlugins/TRACE] [REI] [REIPlugin START] Reloading Section: "end-reload/RecipeManagerContextImpl/"
[11:58:43] [REI-ReloadPlugins/TRACE] [REI] [REIPlugin START] Reloading Section: "end-reload/RecipeManagerContextImpl/" done in 20.33 μs
[11:58:43] [REI-ReloadPlugins/TRACE] [REI] [REIPlugin START] Reloading Section: "end-reload/ItemComparatorRegistryImpl/"
[11:58:43] [REI-ReloadPlugins/TRACE] [REI] [REIPlugin START] Reloading Section: "end-reload/ItemComparatorRegistryImpl/" done in 13.60 μs
[11:58:43] [REI-ReloadPlugins/TRACE] [REI] [REIPlugin START] Reloading Section: "end-reload/FluidComparatorRegistryImpl/"
[11:58:43] [REI-ReloadPlugins/TRACE] [REI] [REIPlugin START] Reloading Section: "end-reload/FluidComparatorRegistryImpl/" done in 9.700 μs
[11:58:43] [REI-ReloadPlugins/TRACE] [REI] [REIPlugin START] Reloading Section: "end-reload/DisplaySerializerRegistryImpl/"
[11:58:43] [REI-ReloadPlugins/TRACE] [REI] [REIPlugin START] Reloading Section: "end-reload/DisplaySerializerRegistryImpl/" done in 9.860 μs
[11:58:43] [REI-ReloadPlugins/TRACE] [REI] [REIPlugin START] Reloading Section: "end-reload/FluidSupportProviderImpl/"
[11:58:43] [REI-ReloadPlugins/TRACE] [REI] [REIPlugin START] Reloading Section: "end-reload/FluidSupportProviderImpl/" done in 5.970 μs
[11:58:43] [REI-ReloadPlugins/TRACE] [REI] [REIPlugin START] Reloading Section: "end-reload/me.shedaniel.rei.plugin.client.runtime.PluginStageExecutionWatcher$1/"
[11:58:43] [REI-ReloadPlugins/TRACE] [REI] [REIPlugin START] Reloading Section: "end-reload/me.shedaniel.rei.plugin.client.runtime.PluginStageExecutionWatcher$1/" done in 29.31 μs
[11:58:43] [REI-ReloadPlugins/TRACE] [REI] [REIPlugin START] Reloading Section: "end-reload/" done in 20.24 ms
[11:58:43] [REI-ReloadPlugins/DEBUG] [REI] ========================================
[11:58:43] [REI-ReloadPlugins/DEBUG] [REI] REIPlugin ended main-reload for START in 66.22 ms.
[11:58:43] [REI-ReloadPlugins/DEBUG] [REI] ========================================
[11:58:43] [REI-ReloadPlugins/INFO] [REI] %%%%%%%%%%%%%%%%%%%%%%%%%%%%%%%%%%%%%%%%
[11:58:43] [REI-ReloadPlugins/INFO] [REI] REIClientPlugin starting main-reload for START.
[11:58:43] [REI-ReloadPlugins/DEBUG] [REI] Reloadables (18):
[11:58:43] [REI-ReloadPlugins/DEBUG] [REI]  - EntryRendererRegistryImpl
[11:58:43] [REI-ReloadPlugins/DEBUG] [REI]  - ViewsImpl
[11:58:43] [REI-ReloadPlugins/DEBUG] [REI]  - InputMethodRegistryImpl
[11:58:43] [REI-ReloadPlugins/DEBUG] [REI]  - SearchProviderImpl
[11:58:43] [REI-ReloadPlugins/DEBUG] [REI]  - ConfigManagerImpl
[11:58:43] [REI-ReloadPlugins/DEBUG] [REI]  - EntryRegistryImpl
[11:58:43] [REI-ReloadPlugins/DEBUG] [REI]  - CollapsibleEntryRegistryImpl
[11:58:43] [REI-ReloadPlugins/DEBUG] [REI]  - BasicFilteringRuleImpl
[11:58:43] [REI-ReloadPlugins/DEBUG] [REI]  - CategoryRegistryImpl
[11:58:43] [REI-ReloadPlugins/DEBUG] [REI]  - DisplayRegistryImpl
[11:58:43] [REI-ReloadPlugins/DEBUG] [REI]  - ScreenRegistryImpl
[11:58:43] [REI-ReloadPlugins/DEBUG] [REI]  - FavoriteEntryTypeRegistryImpl
[11:58:43] [REI-ReloadPlugins/DEBUG] [REI]  - SubsetsRegistryImpl
[11:58:43] [REI-ReloadPlugins/DEBUG] [REI]  - TransferHandlerRegistryImpl
[11:58:43] [REI-ReloadPlugins/DEBUG] [REI]  - SearchRuntime
[11:58:43] [REI-ReloadPlugins/DEBUG] [REI]  - REIRuntimeImpl
[11:58:43] [REI-ReloadPlugins/DEBUG] [REI]  - ConfigAddonRegistryImpl
[11:58:43] [REI-ReloadPlugins/DEBUG] [REI]  - me.shedaniel.rei.plugin.client.runtime.PluginStageExecutionWatcher$1
[11:58:43] [REI-ReloadPlugins/INFO] [REI] Plugins (5):
[11:58:43] [REI-ReloadPlugins/INFO] [REI]  - (-100.00) DefaultClientPlugin of DefaultClientPlugin [roughlyenoughitems]
[11:58:43] [REI-ReloadPlugins/INFO] [REI]  - (0.00) create:rei_plugin of create:rei_plugin [create_aquatic_ambitions]
[11:58:43] [REI-ReloadPlugins/INFO] [REI]  - (0.00) create:rei_plugin of create:rei_plugin [create]
[11:58:43] [REI-ReloadPlugins/INFO] [REI]  - (0.00) HideIngredientsFromTagsPlugin of HideIngredientsFromTagsPlugin [roughlyenoughitems]
[11:58:43] [REI-ReloadPlugins/INFO] [REI]  - (0.00) DefaultClientRuntimePlugin of DefaultClientRuntimePlugin [roughlyenoughitems]
[11:58:43] [REI-ReloadPlugins/INFO] [REI] %%%%%%%%%%%%%%%%%%%%%%%%%%%%%%%%%%%%%%%%
[11:58:43] [REI-ReloadPlugins/TRACE] [REI] [REIClientPlugin START] Reloading Section: "start-reload/"
[11:58:43] [REI-ReloadPlugins/TRACE] [REI] [REIClientPlugin START] Reloading Section: "start-reload/EntryRendererRegistryImpl/"
[11:58:43] [REI-ReloadPlugins/TRACE] [REI] [REIClientPlugin START] Reloading Section: "start-reload/EntryRendererRegistryImpl/" done in 26.42 μs
[11:58:43] [REI-ReloadPlugins/TRACE] [REI] [REIClientPlugin START] Reloading Section: "start-reload/ViewsImpl/"
[11:58:43] [REI-ReloadPlugins/TRACE] [REI] [REIClientPlugin START] Reloading Section: "start-reload/ViewsImpl/" done in 9.040 μs
[11:58:43] [REI-ReloadPlugins/TRACE] [REI] [REIClientPlugin START] Reloading Section: "start-reload/InputMethodRegistryImpl/"
[11:58:43] [REI-ReloadPlugins/TRACE] [REI] [REIClientPlugin START] Reloading Section: "start-reload/InputMethodRegistryImpl/" done in 8.450 μs
[11:58:43] [REI-ReloadPlugins/TRACE] [REI] [REIClientPlugin START] Reloading Section: "start-reload/SearchProviderImpl/"
[11:58:43] [REI-ReloadPlugins/TRACE] [REI] [REIClientPlugin START] Reloading Section: "start-reload/SearchProviderImpl/" done in 6.180 μs
[11:58:43] [REI-ReloadPlugins/TRACE] [REI] [REIClientPlugin START] Reloading Section: "start-reload/ConfigManagerImpl/"
[11:58:43] [REI-ReloadPlugins/TRACE] [REI] [REIClientPlugin START] Reloading Section: "start-reload/ConfigManagerImpl/" done in 4.840 μs
[11:58:43] [REI-ReloadPlugins/TRACE] [REI] [REIClientPlugin START] Reloading Section: "start-reload/EntryRegistryImpl/"
[11:58:43] [REI-ReloadPlugins/TRACE] [REI] [REIClientPlugin START] Reloading Section: "start-reload/EntryRegistryImpl/" done in 44.91 μs
[11:58:43] [REI-ReloadPlugins/TRACE] [REI] [REIClientPlugin START] Reloading Section: "start-reload/CollapsibleEntryRegistryImpl/"
[11:58:43] [REI-ReloadPlugins/TRACE] [REI] [REIClientPlugin START] Reloading Section: "start-reload/CollapsibleEntryRegistryImpl/" done in 20.07 μs
[11:58:43] [REI-ReloadPlugins/TRACE] [REI] [REIClientPlugin START] Reloading Section: "start-reload/BasicFilteringRuleImpl/"
[11:58:43] [REI-ReloadPlugins/TRACE] [REI] [REIClientPlugin START] Reloading Section: "start-reload/BasicFilteringRuleImpl/" done in 45.77 μs
[11:58:43] [REI-ReloadPlugins/TRACE] [REI] [REIClientPlugin START] Reloading Section: "start-reload/CategoryRegistryImpl/"
[11:58:43] [REI-ReloadPlugins/TRACE] [REI] [REIClientPlugin START] Reloading Section: "start-reload/CategoryRegistryImpl/" done in 47.63 μs
[11:58:43] [REI-ReloadPlugins/TRACE] [REI] [REIClientPlugin START] Reloading Section: "start-reload/DisplayRegistryImpl/"
[11:58:43] [REI-ReloadPlugins/TRACE] [REI] [REIClientPlugin START] Reloading Section: "start-reload/DisplayRegistryImpl/" done in 16.47 μs
[11:58:43] [REI-ReloadPlugins/TRACE] [REI] [REIClientPlugin START] Reloading Section: "start-reload/ScreenRegistryImpl/"
[11:58:43] [REI-ReloadPlugins/DEBUG] [REI] Added overlay decider: me.shedaniel.rei.impl.client.registry.screen.ExclusionZonesImpl@25d4cd3b [-5.00 priority]
[11:58:43] [REI-ReloadPlugins/DEBUG] [REI] Added overlay decider: me.shedaniel.rei.impl.client.registry.screen.ScreenRegistryImpl$1@3b5e3c97 [-10.00 priority]
[11:58:43] [REI-ReloadPlugins/DEBUG] [REI] Added overlay decider: me.shedaniel.rei.impl.client.registry.screen.ScreenRegistryImpl$2@19cde9e6 [-10.00 priority]
[11:58:43] [REI-ReloadPlugins/DEBUG] [REI] Added overlay decider: me.shedaniel.rei.impl.client.registry.screen.ScreenRegistryImpl$3@6b8a5b9b [-20.00 priority]
[11:58:43] [REI-ReloadPlugins/DEBUG] [REI] Added focused stack provider: me.shedaniel.rei.impl.client.registry.screen.ScreenRegistryImpl$4@4756bd3c [-10.00 priority]
[11:58:43] [REI-ReloadPlugins/DEBUG] [REI] Added draggable component provider: me.shedaniel.rei.api.client.gui.drag.component.DraggableComponentProviderWidget$1@8905038 [0.00 priority]
[11:58:43] [REI-ReloadPlugins/DEBUG] [REI] Added draggable component visitor: me.shedaniel.rei.api.client.gui.drag.component.DraggableComponentVisitorWidget$2@2f774549 [0.00 priority]
[11:58:43] [REI-ReloadPlugins/TRACE] [REI] [REIClientPlugin START] Reloading Section: "start-reload/ScreenRegistryImpl/" done in 4.602 ms
[11:58:43] [REI-ReloadPlugins/TRACE] [REI] [REIClientPlugin START] Reloading Section: "start-reload/FavoriteEntryTypeRegistryImpl/"
[11:58:43] [REI-ReloadPlugins/TRACE] [REI] [REIClientPlugin START] Reloading Section: "start-reload/FavoriteEntryTypeRegistryImpl/" done in 45.58 μs
[11:58:43] [REI-ReloadPlugins/TRACE] [REI] [REIClientPlugin START] Reloading Section: "start-reload/SubsetsRegistryImpl/"
[11:58:43] [REI-ReloadPlugins/TRACE] [REI] [REIClientPlugin START] Reloading Section: "start-reload/SubsetsRegistryImpl/" done in 8.320 μs
[11:58:43] [REI-ReloadPlugins/TRACE] [REI] [REIClientPlugin START] Reloading Section: "start-reload/TransferHandlerRegistryImpl/"
[11:58:43] [REI-ReloadPlugins/TRACE] [REI] [REIClientPlugin START] Reloading Section: "start-reload/TransferHandlerRegistryImpl/" done in 5.040 μs
[11:58:43] [REI-ReloadPlugins/TRACE] [REI] [REIClientPlugin START] Reloading Section: "start-reload/SearchRuntime/"
[11:58:43] [REI-ReloadPlugins/DEBUG] [REI] Preparing collapsed entry groups cache with 0 entries and 0 stacks
[11:58:43] [REI-ReloadPlugins/DEBUG] [REI] Prepared collapsed entry groups cache with 0 entries and 0 stacks
[11:58:43] [REI-ReloadPlugins/TRACE] [REI] [REIClientPlugin START] Reloading Section: "start-reload/SearchRuntime/" done in 2.810 ms
[11:58:43] [REI-ReloadPlugins/TRACE] [REI] [REIClientPlugin START] Reloading Section: "start-reload/REIRuntimeImpl/"
[11:58:43] [REI-ReloadPlugins/TRACE] [REI] [REIClientPlugin START] Reloading Section: "start-reload/REIRuntimeImpl/" done in 1.028 ms
[11:58:43] [REI-ReloadPlugins/TRACE] [REI] [REIClientPlugin START] Reloading Section: "start-reload/ConfigAddonRegistryImpl/"
[11:58:43] [REI-ReloadPlugins/TRACE] [REI] [REIClientPlugin START] Reloading Section: "start-reload/ConfigAddonRegistryImpl/" done in 22.77 μs
[11:58:43] [REI-ReloadPlugins/TRACE] [REI] [REIClientPlugin START] Reloading Section: "start-reload/me.shedaniel.rei.plugin.client.runtime.PluginStageExecutionWatcher$1/"
[11:58:43] [REI-ReloadPlugins/TRACE] [REI] [REIClientPlugin START] Reloading Section: "start-reload/me.shedaniel.rei.plugin.client.runtime.PluginStageExecutionWatcher$1/" done in 14.79 μs
[11:58:43] [REI-ReloadPlugins/TRACE] [REI] [REIClientPlugin START] Reloading Section: "start-reload/" done in 18.07 ms
[11:58:43] [REI-ReloadPlugins/DEBUG] [REI] ========================================
[11:58:43] [REI-ReloadPlugins/DEBUG] [REI] REIClientPlugin started main-reload for START.
[11:58:43] [REI-ReloadPlugins/DEBUG] [REI] ========================================
[11:58:43] [REI-ReloadPlugins/TRACE] [REI] [REIClientPlugin START] Reloading Section: "reloadable-plugin/EntryRendererRegistryImpl/"
[11:58:43] [REI-ReloadPlugins/TRACE] [REI] [REIClientPlugin START] Reloading Section: "reloadable-plugin/EntryRendererRegistryImpl/DefaultClientPlugin of DefaultClientPlugin [roughlyenoughitems]/"
[11:58:43] [REI-ReloadPlugins/TRACE] [REI] [REIClientPlugin START] Reloading Section: "reloadable-plugin/EntryRendererRegistryImpl/DefaultClientPlugin of DefaultClientPlugin [roughlyenoughitems]/" done in 41.09 μs
[11:58:43] [REI-ReloadPlugins/TRACE] [REI] [REIClientPlugin START] Reloading Section: "reloadable-plugin/EntryRendererRegistryImpl/create:rei_plugin of create:rei_plugin [create_aquatic_ambitions]/"
[11:58:43] [REI-ReloadPlugins/TRACE] [REI] [REIClientPlugin START] Reloading Section: "reloadable-plugin/EntryRendererRegistryImpl/create:rei_plugin of create:rei_plugin [create_aquatic_ambitions]/" done in 10.52 μs
[11:58:43] [REI-ReloadPlugins/TRACE] [REI] [REIClientPlugin START] Reloading Section: "reloadable-plugin/EntryRendererRegistryImpl/create:rei_plugin of create:rei_plugin [create]/"
[11:58:43] [REI-ReloadPlugins/TRACE] [REI] [REIClientPlugin START] Reloading Section: "reloadable-plugin/EntryRendererRegistryImpl/create:rei_plugin of create:rei_plugin [create]/" done in 9.360 μs
[11:58:43] [REI-ReloadPlugins/TRACE] [REI] [REIClientPlugin START] Reloading Section: "reloadable-plugin/EntryRendererRegistryImpl/HideIngredientsFromTagsPlugin of HideIngredientsFromTagsPlugin [roughlyenoughitems]/"
[11:58:43] [REI-ReloadPlugins/TRACE] [REI] [REIClientPlugin START] Reloading Section: "reloadable-plugin/EntryRendererRegistryImpl/HideIngredientsFromTagsPlugin of HideIngredientsFromTagsPlugin [roughlyenoughitems]/" done in 9.650 μs
[11:58:43] [REI-ReloadPlugins/TRACE] [REI] [REIClientPlugin START] Reloading Section: "reloadable-plugin/EntryRendererRegistryImpl/DefaultClientRuntimePlugin of DefaultClientRuntimePlugin [roughlyenoughitems]/"
[11:58:43] [REI-ReloadPlugins/TRACE] [REI] [REIClientPlugin START] Reloading Section: "reloadable-plugin/EntryRendererRegistryImpl/DefaultClientRuntimePlugin of DefaultClientRuntimePlugin [roughlyenoughitems]/" done in 9.130 μs
[11:58:43] [REI-ReloadPlugins/TRACE] [REI] [REIClientPlugin START] Reloading Section: "reloadable-plugin/EntryRendererRegistryImpl/" done in 2.883 ms
[11:58:43] [REI-ReloadPlugins/TRACE] [REI] [REIClientPlugin START] Reloading Section: "reloadable-plugin/ViewsImpl/"
[11:58:43] [REI-ReloadPlugins/TRACE] [REI] [REIClientPlugin START] Reloading Section: "reloadable-plugin/ViewsImpl/DefaultClientPlugin of DefaultClientPlugin [roughlyenoughitems]/"
[11:58:43] [REI-ReloadPlugins/TRACE] [REI] [REIClientPlugin START] Reloading Section: "reloadable-plugin/ViewsImpl/DefaultClientPlugin of DefaultClientPlugin [roughlyenoughitems]/" done in 9.450 μs
[11:58:43] [REI-ReloadPlugins/TRACE] [REI] [REIClientPlugin START] Reloading Section: "reloadable-plugin/ViewsImpl/create:rei_plugin of create:rei_plugin [create_aquatic_ambitions]/"
[11:58:43] [REI-ReloadPlugins/TRACE] [REI] [REIClientPlugin START] Reloading Section: "reloadable-plugin/ViewsImpl/create:rei_plugin of create:rei_plugin [create_aquatic_ambitions]/" done in 9.430 μs
[11:58:43] [REI-ReloadPlugins/TRACE] [REI] [REIClientPlugin START] Reloading Section: "reloadable-plugin/ViewsImpl/create:rei_plugin of create:rei_plugin [create]/"
[11:58:43] [REI-ReloadPlugins/TRACE] [REI] [REIClientPlugin START] Reloading Section: "reloadable-plugin/ViewsImpl/create:rei_plugin of create:rei_plugin [create]/" done in 8.930 μs
[11:58:43] [REI-ReloadPlugins/TRACE] [REI] [REIClientPlugin START] Reloading Section: "reloadable-plugin/ViewsImpl/HideIngredientsFromTagsPlugin of HideIngredientsFromTagsPlugin [roughlyenoughitems]/"
[11:58:43] [REI-ReloadPlugins/TRACE] [REI] [REIClientPlugin START] Reloading Section: "reloadable-plugin/ViewsImpl/HideIngredientsFromTagsPlugin of HideIngredientsFromTagsPlugin [roughlyenoughitems]/" done in 8.860 μs
[11:58:43] [REI-ReloadPlugins/TRACE] [REI] [REIClientPlugin START] Reloading Section: "reloadable-plugin/ViewsImpl/DefaultClientRuntimePlugin of DefaultClientRuntimePlugin [roughlyenoughitems]/"
[11:58:43] [REI-ReloadPlugins/TRACE] [REI] [REIClientPlugin START] Reloading Section: "reloadable-plugin/ViewsImpl/DefaultClientRuntimePlugin of DefaultClientRuntimePlugin [roughlyenoughitems]/" done in 8.590 μs
[11:58:43] [REI-ReloadPlugins/TRACE] [REI] [REIClientPlugin START] Reloading Section: "reloadable-plugin/ViewsImpl/" done in 337.3 μs
[11:58:43] [REI-ReloadPlugins/TRACE] [REI] [REIClientPlugin START] Reloading Section: "reloadable-plugin/InputMethodRegistryImpl/"
[11:58:43] [REI-ReloadPlugins/TRACE] [REI] [REIClientPlugin START] Reloading Section: "reloadable-plugin/InputMethodRegistryImpl/DefaultClientPlugin of DefaultClientPlugin [roughlyenoughitems]/"
[11:58:43] [REI-ReloadPlugins/TRACE] [REI] [REIClientPlugin START] Reloading Section: "reloadable-plugin/InputMethodRegistryImpl/DefaultClientPlugin of DefaultClientPlugin [roughlyenoughitems]/" done in 9.361 μs
[11:58:43] [REI-ReloadPlugins/TRACE] [REI] [REIClientPlugin START] Reloading Section: "reloadable-plugin/InputMethodRegistryImpl/create:rei_plugin of create:rei_plugin [create_aquatic_ambitions]/"
[11:58:43] [REI-ReloadPlugins/TRACE] [REI] [REIClientPlugin START] Reloading Section: "reloadable-plugin/InputMethodRegistryImpl/create:rei_plugin of create:rei_plugin [create_aquatic_ambitions]/" done in 9.720 μs
[11:58:43] [REI-ReloadPlugins/TRACE] [REI] [REIClientPlugin START] Reloading Section: "reloadable-plugin/InputMethodRegistryImpl/create:rei_plugin of create:rei_plugin [create]/"
[11:58:43] [REI-ReloadPlugins/TRACE] [REI] [REIClientPlugin START] Reloading Section: "reloadable-plugin/InputMethodRegistryImpl/create:rei_plugin of create:rei_plugin [create]/" done in 26.17 μs
[11:58:43] [REI-ReloadPlugins/TRACE] [REI] [REIClientPlugin START] Reloading Section: "reloadable-plugin/InputMethodRegistryImpl/HideIngredientsFromTagsPlugin of HideIngredientsFromTagsPlugin [roughlyenoughitems]/"
[11:58:43] [REI-ReloadPlugins/TRACE] [REI] [REIClientPlugin START] Reloading Section: "reloadable-plugin/InputMethodRegistryImpl/HideIngredientsFromTagsPlugin of HideIngredientsFromTagsPlugin [roughlyenoughitems]/" done in 9.870 μs
[11:58:43] [REI-ReloadPlugins/TRACE] [REI] [REIClientPlugin START] Reloading Section: "reloadable-plugin/InputMethodRegistryImpl/DefaultClientRuntimePlugin of DefaultClientRuntimePlugin [roughlyenoughitems]/"
[11:58:43] [REI-ReloadPlugins/TRACE] [REI] [REIClientPlugin START] Reloading Section: "reloadable-plugin/InputMethodRegistryImpl/DefaultClientRuntimePlugin of DefaultClientRuntimePlugin [roughlyenoughitems]/" done in 9.650 μs
[11:58:43] [REI-ReloadPlugins/TRACE] [REI] [REIClientPlugin START] Reloading Section: "reloadable-plugin/InputMethodRegistryImpl/" done in 3.385 ms
[11:58:43] [REI-ReloadPlugins/TRACE] [REI] [REIClientPlugin START] Reloading Section: "reloadable-plugin/SearchProviderImpl/"
[11:58:43] [REI-ReloadPlugins/TRACE] [REI] [REIClientPlugin START] Reloading Section: "reloadable-plugin/SearchProviderImpl/DefaultClientPlugin of DefaultClientPlugin [roughlyenoughitems]/"
[11:58:43] [REI-ReloadPlugins/TRACE] [REI] [REIClientPlugin START] Reloading Section: "reloadable-plugin/SearchProviderImpl/DefaultClientPlugin of DefaultClientPlugin [roughlyenoughitems]/" done in 9.190 μs
[11:58:43] [REI-ReloadPlugins/TRACE] [REI] [REIClientPlugin START] Reloading Section: "reloadable-plugin/SearchProviderImpl/create:rei_plugin of create:rei_plugin [create_aquatic_ambitions]/"
[11:58:43] [REI-ReloadPlugins/TRACE] [REI] [REIClientPlugin START] Reloading Section: "reloadable-plugin/SearchProviderImpl/create:rei_plugin of create:rei_plugin [create_aquatic_ambitions]/" done in 12.18 μs
[11:58:43] [REI-ReloadPlugins/TRACE] [REI] [REIClientPlugin START] Reloading Section: "reloadable-plugin/SearchProviderImpl/create:rei_plugin of create:rei_plugin [create]/"
[11:58:43] [REI-ReloadPlugins/TRACE] [REI] [REIClientPlugin START] Reloading Section: "reloadable-plugin/SearchProviderImpl/create:rei_plugin of create:rei_plugin [create]/" done in 8.690 μs
[11:58:43] [REI-ReloadPlugins/TRACE] [REI] [REIClientPlugin START] Reloading Section: "reloadable-plugin/SearchProviderImpl/HideIngredientsFromTagsPlugin of HideIngredientsFromTagsPlugin [roughlyenoughitems]/"
[11:58:43] [REI-ReloadPlugins/TRACE] [REI] [REIClientPlugin START] Reloading Section: "reloadable-plugin/SearchProviderImpl/HideIngredientsFromTagsPlugin of HideIngredientsFromTagsPlugin [roughlyenoughitems]/" done in 9.950 μs
[11:58:43] [REI-ReloadPlugins/TRACE] [REI] [REIClientPlugin START] Reloading Section: "reloadable-plugin/SearchProviderImpl/DefaultClientRuntimePlugin of DefaultClientRuntimePlugin [roughlyenoughitems]/"
[11:58:43] [REI-ReloadPlugins/TRACE] [REI] [REIClientPlugin START] Reloading Section: "reloadable-plugin/SearchProviderImpl/DefaultClientRuntimePlugin of DefaultClientRuntimePlugin [roughlyenoughitems]/" done in 10.70 μs
[11:58:43] [REI-ReloadPlugins/TRACE] [REI] [REIClientPlugin START] Reloading Section: "reloadable-plugin/SearchProviderImpl/" done in 400.8 μs
[11:58:43] [REI-ReloadPlugins/TRACE] [REI] [REIClientPlugin START] Reloading Section: "reloadable-plugin/ConfigManagerImpl/"
[11:58:43] [REI-ReloadPlugins/TRACE] [REI] [REIClientPlugin START] Reloading Section: "reloadable-plugin/ConfigManagerImpl/DefaultClientPlugin of DefaultClientPlugin [roughlyenoughitems]/"
[11:58:43] [REI-ReloadPlugins/TRACE] [REI] [REIClientPlugin START] Reloading Section: "reloadable-plugin/ConfigManagerImpl/DefaultClientPlugin of DefaultClientPlugin [roughlyenoughitems]/" done in 8.670 μs
[11:58:43] [REI-ReloadPlugins/TRACE] [REI] [REIClientPlugin START] Reloading Section: "reloadable-plugin/ConfigManagerImpl/create:rei_plugin of create:rei_plugin [create_aquatic_ambitions]/"
[11:58:43] [REI-ReloadPlugins/TRACE] [REI] [REIClientPlugin START] Reloading Section: "reloadable-plugin/ConfigManagerImpl/create:rei_plugin of create:rei_plugin [create_aquatic_ambitions]/" done in 20.67 μs
[11:58:43] [REI-ReloadPlugins/TRACE] [REI] [REIClientPlugin START] Reloading Section: "reloadable-plugin/ConfigManagerImpl/create:rei_plugin of create:rei_plugin [create]/"
[11:58:43] [REI-ReloadPlugins/TRACE] [REI] [REIClientPlugin START] Reloading Section: "reloadable-plugin/ConfigManagerImpl/create:rei_plugin of create:rei_plugin [create]/" done in 9.200 μs
[11:58:43] [REI-ReloadPlugins/TRACE] [REI] [REIClientPlugin START] Reloading Section: "reloadable-plugin/ConfigManagerImpl/HideIngredientsFromTagsPlugin of HideIngredientsFromTagsPlugin [roughlyenoughitems]/"
[11:58:43] [REI-ReloadPlugins/TRACE] [REI] [REIClientPlugin START] Reloading Section: "reloadable-plugin/ConfigManagerImpl/HideIngredientsFromTagsPlugin of HideIngredientsFromTagsPlugin [roughlyenoughitems]/" done in 9.060 μs
[11:58:43] [REI-ReloadPlugins/TRACE] [REI] [REIClientPlugin START] Reloading Section: "reloadable-plugin/ConfigManagerImpl/DefaultClientRuntimePlugin of DefaultClientRuntimePlugin [roughlyenoughitems]/"
[11:58:43] [REI-ReloadPlugins/TRACE] [REI] [REIClientPlugin START] Reloading Section: "reloadable-plugin/ConfigManagerImpl/DefaultClientRuntimePlugin of DefaultClientRuntimePlugin [roughlyenoughitems]/" done in 9.190 μs
[11:58:43] [REI-ReloadPlugins/TRACE] [REI] [REIClientPlugin START] Reloading Section: "reloadable-plugin/ConfigManagerImpl/" done in 343.6 μs
[11:58:43] [REI-ReloadPlugins/TRACE] [REI] [REIClientPlugin START] Reloading Section: "reloadable-plugin/EntryRegistryImpl/"
[11:58:43] [REI-ReloadPlugins/TRACE] [REI] [REIClientPlugin START] Reloading Section: "reloadable-plugin/EntryRegistryImpl/DefaultClientPlugin of DefaultClientPlugin [roughlyenoughitems]/"
[11:58:43] [Render thread/DEBUG] [REI] Marking hidden ingredients from tag cache as dirty.
[11:58:43] [Render thread/DEBUG] [REI] Config saved
[11:58:43] [Render thread/DEBUG] [REI] Marked 0 hidden ingredients from tag cache as dirty.
[11:58:43] [REI-ReloadPlugins/TRACE] [REI] [REIClientPlugin START] Reloading Section: "reloadable-plugin/EntryRegistryImpl/DefaultClientPlugin of DefaultClientPlugin [roughlyenoughitems]/" done in 426.6 ms
[11:58:43] [REI-ReloadPlugins/TRACE] [REI] [REIClientPlugin START] Reloading Section: "reloadable-plugin/EntryRegistryImpl/create:rei_plugin of create:rei_plugin [create_aquatic_ambitions]/"
[11:58:43] [REI-ReloadPlugins/TRACE] [REI] [REIClientPlugin START] Reloading Section: "reloadable-plugin/EntryRegistryImpl/create:rei_plugin of create:rei_plugin [create_aquatic_ambitions]/" done in 8.932 ms
[11:58:43] [REI-ReloadPlugins/TRACE] [REI] [REIClientPlugin START] Reloading Section: "reloadable-plugin/EntryRegistryImpl/create:rei_plugin of create:rei_plugin [create]/"
[11:58:43] [REI-ReloadPlugins/TRACE] [REI] [REIClientPlugin START] Reloading Section: "reloadable-plugin/EntryRegistryImpl/create:rei_plugin of create:rei_plugin [create]/" done in 4.829 ms
[11:58:43] [REI-ReloadPlugins/TRACE] [REI] [REIClientPlugin START] Reloading Section: "reloadable-plugin/EntryRegistryImpl/HideIngredientsFromTagsPlugin of HideIngredientsFromTagsPlugin [roughlyenoughitems]/"
[11:58:43] [REI-ReloadPlugins/TRACE] [REI] [REIClientPlugin START] Reloading Section: "reloadable-plugin/EntryRegistryImpl/HideIngredientsFromTagsPlugin of HideIngredientsFromTagsPlugin [roughlyenoughitems]/" done in 18.17 μs
[11:58:43] [REI-ReloadPlugins/TRACE] [REI] [REIClientPlugin START] Reloading Section: "reloadable-plugin/EntryRegistryImpl/DefaultClientRuntimePlugin of DefaultClientRuntimePlugin [roughlyenoughitems]/"
[11:58:43] [REI-ReloadPlugins/TRACE] [REI] [REIClientPlugin START] Reloading Section: "reloadable-plugin/EntryRegistryImpl/DefaultClientRuntimePlugin of DefaultClientRuntimePlugin [roughlyenoughitems]/" done in 1.889 ms
[11:58:43] [REI-ReloadPlugins/TRACE] [REI] [REIClientPlugin START] Reloading Section: "reloadable-plugin/EntryRegistryImpl/" done in 442.8 ms
[11:58:43] [REI-ReloadPlugins/TRACE] [REI] [REIClientPlugin START] Reloading Section: "reloadable-plugin/CollapsibleEntryRegistryImpl/"
[11:58:43] [REI-ReloadPlugins/TRACE] [REI] [REIClientPlugin START] Reloading Section: "reloadable-plugin/CollapsibleEntryRegistryImpl/DefaultClientPlugin of DefaultClientPlugin [roughlyenoughitems]/"
[11:58:43] [REI-ReloadPlugins/TRACE] [REI] [REIClientPlugin START] Reloading Section: "reloadable-plugin/CollapsibleEntryRegistryImpl/DefaultClientPlugin of DefaultClientPlugin [roughlyenoughitems]/" done in 7.460 μs
[11:58:43] [REI-ReloadPlugins/TRACE] [REI] [REIClientPlugin START] Reloading Section: "reloadable-plugin/CollapsibleEntryRegistryImpl/create:rei_plugin of create:rei_plugin [create_aquatic_ambitions]/"
[11:58:43] [REI-ReloadPlugins/TRACE] [REI] [REIClientPlugin START] Reloading Section: "reloadable-plugin/CollapsibleEntryRegistryImpl/create:rei_plugin of create:rei_plugin [create_aquatic_ambitions]/" done in 7.831 μs
[11:58:43] [REI-ReloadPlugins/TRACE] [REI] [REIClientPlugin START] Reloading Section: "reloadable-plugin/CollapsibleEntryRegistryImpl/create:rei_plugin of create:rei_plugin [create]/"
[11:58:43] [REI-ReloadPlugins/TRACE] [REI] [REIClientPlugin START] Reloading Section: "reloadable-plugin/CollapsibleEntryRegistryImpl/create:rei_plugin of create:rei_plugin [create]/" done in 7.190 μs
[11:58:43] [REI-ReloadPlugins/TRACE] [REI] [REIClientPlugin START] Reloading Section: "reloadable-plugin/CollapsibleEntryRegistryImpl/HideIngredientsFromTagsPlugin of HideIngredientsFromTagsPlugin [roughlyenoughitems]/"
[11:58:43] [REI-ReloadPlugins/TRACE] [REI] [REIClientPlugin START] Reloading Section: "reloadable-plugin/CollapsibleEntryRegistryImpl/HideIngredientsFromTagsPlugin of HideIngredientsFromTagsPlugin [roughlyenoughitems]/" done in 7.490 μs
[11:58:43] [REI-ReloadPlugins/TRACE] [REI] [REIClientPlugin START] Reloading Section: "reloadable-plugin/CollapsibleEntryRegistryImpl/DefaultClientRuntimePlugin of DefaultClientRuntimePlugin [roughlyenoughitems]/"
[11:58:43] [REI-ReloadPlugins/TRACE] [REI] [REIClientPlugin START] Reloading Section: "reloadable-plugin/CollapsibleEntryRegistryImpl/DefaultClientRuntimePlugin of DefaultClientRuntimePlugin [roughlyenoughitems]/" done in 7.760 μs
[11:58:43] [REI-ReloadPlugins/TRACE] [REI] [REIClientPlugin START] Reloading Section: "reloadable-plugin/CollapsibleEntryRegistryImpl/" done in 273.1 μs
[11:58:43] [REI-ReloadPlugins/TRACE] [REI] [REIClientPlugin START] Reloading Section: "reloadable-plugin/BasicFilteringRuleImpl/"
[11:58:43] [REI-ReloadPlugins/TRACE] [REI] [REIClientPlugin START] Reloading Section: "reloadable-plugin/BasicFilteringRuleImpl/DefaultClientPlugin of DefaultClientPlugin [roughlyenoughitems]/"
[11:58:43] [REI-ReloadPlugins/TRACE] [REI] [REIClientPlugin START] Reloading Section: "reloadable-plugin/BasicFilteringRuleImpl/DefaultClientPlugin of DefaultClientPlugin [roughlyenoughitems]/" done in 25.58 μs
[11:58:43] [REI-ReloadPlugins/TRACE] [REI] [REIClientPlugin START] Reloading Section: "reloadable-plugin/BasicFilteringRuleImpl/create:rei_plugin of create:rei_plugin [create_aquatic_ambitions]/"
[11:58:43] [REI-ReloadPlugins/TRACE] [REI] [REIClientPlugin START] Reloading Section: "reloadable-plugin/BasicFilteringRuleImpl/create:rei_plugin of create:rei_plugin [create_aquatic_ambitions]/" done in 11.50 μs
[11:58:43] [REI-ReloadPlugins/TRACE] [REI] [REIClientPlugin START] Reloading Section: "reloadable-plugin/BasicFilteringRuleImpl/create:rei_plugin of create:rei_plugin [create]/"
[11:58:43] [REI-ReloadPlugins/TRACE] [REI] [REIClientPlugin START] Reloading Section: "reloadable-plugin/BasicFilteringRuleImpl/create:rei_plugin of create:rei_plugin [create]/" done in 11.09 μs
[11:58:43] [REI-ReloadPlugins/TRACE] [REI] [REIClientPlugin START] Reloading Section: "reloadable-plugin/BasicFilteringRuleImpl/HideIngredientsFromTagsPlugin of HideIngredientsFromTagsPlugin [roughlyenoughitems]/"
[11:58:43] [REI-ReloadPlugins/TRACE] [REI] [REIClientPlugin START] Reloading Section: "reloadable-plugin/BasicFilteringRuleImpl/HideIngredientsFromTagsPlugin of HideIngredientsFromTagsPlugin [roughlyenoughitems]/" done in 10.95 μs
[11:58:43] [REI-ReloadPlugins/TRACE] [REI] [REIClientPlugin START] Reloading Section: "reloadable-plugin/BasicFilteringRuleImpl/DefaultClientRuntimePlugin of DefaultClientRuntimePlugin [roughlyenoughitems]/"
[11:58:43] [REI-ReloadPlugins/TRACE] [REI] [REIClientPlugin START] Reloading Section: "reloadable-plugin/BasicFilteringRuleImpl/DefaultClientRuntimePlugin of DefaultClientRuntimePlugin [roughlyenoughitems]/" done in 10.40 μs
[11:58:43] [REI-ReloadPlugins/TRACE] [REI] [REIClientPlugin START] Reloading Section: "reloadable-plugin/BasicFilteringRuleImpl/" done in 394.0 μs
[11:58:43] [REI-ReloadPlugins/TRACE] [REI] [REIClientPlugin START] Reloading Section: "reloadable-plugin/CategoryRegistryImpl/"
[11:58:43] [REI-ReloadPlugins/TRACE] [REI] [REIClientPlugin START] Reloading Section: "reloadable-plugin/CategoryRegistryImpl/DefaultClientPlugin of DefaultClientPlugin [roughlyenoughitems]/"
[11:58:43] [REI-ReloadPlugins/TRACE] [REI] [REIClientPlugin START] Reloading Section: "reloadable-plugin/CategoryRegistryImpl/DefaultClientPlugin of DefaultClientPlugin [roughlyenoughitems]/" done in 8.710 μs
[11:58:43] [REI-ReloadPlugins/TRACE] [REI] [REIClientPlugin START] Reloading Section: "reloadable-plugin/CategoryRegistryImpl/create:rei_plugin of create:rei_plugin [create_aquatic_ambitions]/"
[11:58:43] [REI-ReloadPlugins/TRACE] [REI] [REIClientPlugin START] Reloading Section: "reloadable-plugin/CategoryRegistryImpl/create:rei_plugin of create:rei_plugin [create_aquatic_ambitions]/" done in 9.141 μs
[11:58:43] [REI-ReloadPlugins/TRACE] [REI] [REIClientPlugin START] Reloading Section: "reloadable-plugin/CategoryRegistryImpl/create:rei_plugin of create:rei_plugin [create]/"
[11:58:43] [REI-ReloadPlugins/TRACE] [REI] [REIClientPlugin START] Reloading Section: "reloadable-plugin/CategoryRegistryImpl/create:rei_plugin of create:rei_plugin [create]/" done in 10.20 μs
[11:58:43] [REI-ReloadPlugins/TRACE] [REI] [REIClientPlugin START] Reloading Section: "reloadable-plugin/CategoryRegistryImpl/HideIngredientsFromTagsPlugin of HideIngredientsFromTagsPlugin [roughlyenoughitems]/"
[11:58:43] [REI-ReloadPlugins/TRACE] [REI] [REIClientPlugin START] Reloading Section: "reloadable-plugin/CategoryRegistryImpl/HideIngredientsFromTagsPlugin of HideIngredientsFromTagsPlugin [roughlyenoughitems]/" done in 9.270 μs
[11:58:43] [REI-ReloadPlugins/TRACE] [REI] [REIClientPlugin START] Reloading Section: "reloadable-plugin/CategoryRegistryImpl/DefaultClientRuntimePlugin of DefaultClientRuntimePlugin [roughlyenoughitems]/"
[11:58:43] [REI-ReloadPlugins/TRACE] [REI] [REIClientPlugin START] Reloading Section: "reloadable-plugin/CategoryRegistryImpl/DefaultClientRuntimePlugin of DefaultClientRuntimePlugin [roughlyenoughitems]/" done in 9.180 μs
[11:58:43] [REI-ReloadPlugins/TRACE] [REI] [REIClientPlugin START] Reloading Section: "reloadable-plugin/CategoryRegistryImpl/" done in 343.2 μs
[11:58:43] [REI-ReloadPlugins/TRACE] [REI] [REIClientPlugin START] Reloading Section: "reloadable-plugin/DisplayRegistryImpl/"
[11:58:43] [REI-ReloadPlugins/TRACE] [REI] [REIClientPlugin START] Reloading Section: "reloadable-plugin/DisplayRegistryImpl/DefaultClientPlugin of DefaultClientPlugin [roughlyenoughitems]/"
[11:58:43] [REI-ReloadPlugins/TRACE] [REI] [REIClientPlugin START] Reloading Section: "reloadable-plugin/DisplayRegistryImpl/DefaultClientPlugin of DefaultClientPlugin [roughlyenoughitems]/" done in 8.870 μs
[11:58:43] [REI-ReloadPlugins/TRACE] [REI] [REIClientPlugin START] Reloading Section: "reloadable-plugin/DisplayRegistryImpl/create:rei_plugin of create:rei_plugin [create_aquatic_ambitions]/"
[11:58:43] [REI-ReloadPlugins/TRACE] [REI] [REIClientPlugin START] Reloading Section: "reloadable-plugin/DisplayRegistryImpl/create:rei_plugin of create:rei_plugin [create_aquatic_ambitions]/" done in 9.500 μs
[11:58:43] [REI-ReloadPlugins/TRACE] [REI] [REIClientPlugin START] Reloading Section: "reloadable-plugin/DisplayRegistryImpl/create:rei_plugin of create:rei_plugin [create]/"
[11:58:43] [REI-ReloadPlugins/TRACE] [REI] [REIClientPlugin START] Reloading Section: "reloadable-plugin/DisplayRegistryImpl/create:rei_plugin of create:rei_plugin [create]/" done in 12.41 μs
[11:58:43] [REI-ReloadPlugins/TRACE] [REI] [REIClientPlugin START] Reloading Section: "reloadable-plugin/DisplayRegistryImpl/HideIngredientsFromTagsPlugin of HideIngredientsFromTagsPlugin [roughlyenoughitems]/"
[11:58:43] [REI-ReloadPlugins/TRACE] [REI] [REIClientPlugin START] Reloading Section: "reloadable-plugin/DisplayRegistryImpl/HideIngredientsFromTagsPlugin of HideIngredientsFromTagsPlugin [roughlyenoughitems]/" done in 9.450 μs
[11:58:43] [REI-ReloadPlugins/TRACE] [REI] [REIClientPlugin START] Reloading Section: "reloadable-plugin/DisplayRegistryImpl/DefaultClientRuntimePlugin of DefaultClientRuntimePlugin [roughlyenoughitems]/"
[11:58:43] [REI-ReloadPlugins/TRACE] [REI] [REIClientPlugin START] Reloading Section: "reloadable-plugin/DisplayRegistryImpl/DefaultClientRuntimePlugin of DefaultClientRuntimePlugin [roughlyenoughitems]/" done in 9.321 μs
[11:58:43] [REI-ReloadPlugins/TRACE] [REI] [REIClientPlugin START] Reloading Section: "reloadable-plugin/DisplayRegistryImpl/" done in 412.7 μs
[11:58:43] [REI-ReloadPlugins/TRACE] [REI] [REIClientPlugin START] Reloading Section: "reloadable-plugin/ScreenRegistryImpl/"
[11:58:43] [REI-ReloadPlugins/TRACE] [REI] [REIClientPlugin START] Reloading Section: "reloadable-plugin/ScreenRegistryImpl/DefaultClientPlugin of DefaultClientPlugin [roughlyenoughitems]/"
[11:58:43] [REI-ReloadPlugins/DEBUG] [REI] Added click area provider for net.minecraft.client.gui.screens.inventory.CraftingScreen: me.shedaniel.rei.api.client.registry.screen.SimpleClickArea$$Lambda$12430/0x00007ff44d5cb9a0@2ec090d3
[11:58:43] [REI-ReloadPlugins/DEBUG] [REI] Added click area provider for net.minecraft.client.gui.screens.inventory.InventoryScreen: me.shedaniel.rei.api.client.registry.screen.SimpleClickArea$$Lambda$12430/0x00007ff44d5cb9a0@6a024ee4
[11:58:43] [REI-ReloadPlugins/DEBUG] [REI] Added click area provider for net.minecraft.client.gui.screens.inventory.BrewingStandScreen: me.shedaniel.rei.api.client.registry.screen.SimpleClickArea$$Lambda$12430/0x00007ff44d5cb9a0@434a8571
[11:58:43] [REI-ReloadPlugins/DEBUG] [REI] Added click area provider for net.minecraft.client.gui.screens.inventory.FurnaceScreen: me.shedaniel.rei.api.client.registry.screen.SimpleClickArea$$Lambda$12430/0x00007ff44d5cb9a0@69a6d3c3
[11:58:43] [REI-ReloadPlugins/DEBUG] [REI] Added click area provider for net.minecraft.client.gui.screens.inventory.SmokerScreen: me.shedaniel.rei.api.client.registry.screen.SimpleClickArea$$Lambda$12430/0x00007ff44d5cb9a0@7a00135d
[11:58:43] [REI-ReloadPlugins/DEBUG] [REI] Added click area provider for net.minecraft.client.gui.screens.inventory.BlastFurnaceScreen: me.shedaniel.rei.api.client.registry.screen.SimpleClickArea$$Lambda$12430/0x00007ff44d5cb9a0@28d0797
[11:58:43] [REI-ReloadPlugins/DEBUG] [REI] Added exclusion zones provider: me.shedaniel.rei.plugin.client.exclusionzones.DefaultPotionEffectExclusionZones@805600c for net.minecraft.client.gui.screens.inventory.EffectRenderingInventoryScreen
[11:58:43] [REI-ReloadPlugins/DEBUG] [REI] Added exclusion zones provider: me.shedaniel.rei.plugin.client.exclusionzones.DefaultRecipeBookExclusionZones@7571c9d6 for net.minecraft.client.gui.screens.recipebook.RecipeUpdateListener
[11:58:43] [REI-ReloadPlugins/TRACE] [REI] [REIClientPlugin START] Reloading Section: "reloadable-plugin/ScreenRegistryImpl/DefaultClientPlugin of DefaultClientPlugin [roughlyenoughitems]/" done in 2.039 ms
[11:58:43] [REI-ReloadPlugins/TRACE] [REI] [REIClientPlugin START] Reloading Section: "reloadable-plugin/ScreenRegistryImpl/create:rei_plugin of create:rei_plugin [create_aquatic_ambitions]/"
[11:58:43] [REI-ReloadPlugins/DEBUG] [REI] Added draggable component visitor: com.simibubi.create.compat.rei.GhostIngredientHandler@96027cf [0.00 priority]
[11:58:43] [REI-ReloadPlugins/DEBUG] [REI] Added exclusion zones provider: com.simibubi.create.compat.rei.SlotMover@4dc4bdf for com.simibubi.create.foundation.gui.menu.AbstractSimiContainerScreen
[11:58:43] [REI-ReloadPlugins/TRACE] [REI] [REIClientPlugin START] Reloading Section: "reloadable-plugin/ScreenRegistryImpl/create:rei_plugin of create:rei_plugin [create_aquatic_ambitions]/" done in 711.1 μs
[11:58:43] [REI-ReloadPlugins/TRACE] [REI] [REIClientPlugin START] Reloading Section: "reloadable-plugin/ScreenRegistryImpl/create:rei_plugin of create:rei_plugin [create]/"
[11:58:43] [REI-ReloadPlugins/DEBUG] [REI] Added draggable component visitor: com.simibubi.create.compat.rei.GhostIngredientHandler@5cecc592 [0.00 priority]
[11:58:43] [REI-ReloadPlugins/DEBUG] [REI] Added exclusion zones provider: com.simibubi.create.compat.rei.SlotMover@644ad996 for com.simibubi.create.foundation.gui.menu.AbstractSimiContainerScreen
[11:58:43] [REI-ReloadPlugins/TRACE] [REI] [REIClientPlugin START] Reloading Section: "reloadable-plugin/ScreenRegistryImpl/create:rei_plugin of create:rei_plugin [create]/" done in 78.75 μs
[11:58:43] [REI-ReloadPlugins/TRACE] [REI] [REIClientPlugin START] Reloading Section: "reloadable-plugin/ScreenRegistryImpl/HideIngredientsFromTagsPlugin of HideIngredientsFromTagsPlugin [roughlyenoughitems]/"
[11:58:43] [REI-ReloadPlugins/TRACE] [REI] [REIClientPlugin START] Reloading Section: "reloadable-plugin/ScreenRegistryImpl/HideIngredientsFromTagsPlugin of HideIngredientsFromTagsPlugin [roughlyenoughitems]/" done in 8.700 μs
[11:58:43] [REI-ReloadPlugins/TRACE] [REI] [REIClientPlugin START] Reloading Section: "reloadable-plugin/ScreenRegistryImpl/DefaultClientRuntimePlugin of DefaultClientRuntimePlugin [roughlyenoughitems]/"
[11:58:43] [REI-ReloadPlugins/DEBUG] [REI] Added exclusion zones provider: me.shedaniel.rei.plugin.client.runtime.DefaultClientRuntimePlugin$$Lambda$12433/0x00007ff44d5ce5b8@3ce8d8b7 for me.shedaniel.rei.impl.client.gui.screen.DefaultDisplayViewingScreen
[11:58:43] [REI-ReloadPlugins/DEBUG] [REI] Added exclusion zones provider: me.shedaniel.rei.plugin.client.runtime.DefaultClientRuntimePlugin$$Lambda$12434/0x00007ff44d5ce7d8@3dd75978 for net.minecraft.client.gui.screens.Screen
[11:58:43] [REI-ReloadPlugins/DEBUG] [REI] Added draggable component provider: me.shedaniel.rei.api.client.gui.drag.component.DraggableComponentProviderWidget$1@f29ec46 [0.00 priority]
[11:58:43] [REI-ReloadPlugins/DEBUG] [REI] Added draggable component visitor: me.shedaniel.rei.api.client.gui.drag.component.DraggableComponentVisitorWidget$2@5e9ce690 [0.00 priority]
[11:58:43] [REI-ReloadPlugins/TRACE] [REI] [REIClientPlugin START] Reloading Section: "reloadable-plugin/ScreenRegistryImpl/DefaultClientRuntimePlugin of DefaultClientRuntimePlugin [roughlyenoughitems]/" done in 1.648 ms
[11:58:43] [REI-ReloadPlugins/TRACE] [REI] [REIClientPlugin START] Reloading Section: "reloadable-plugin/ScreenRegistryImpl/" done in 4.825 ms
[11:58:43] [REI-ReloadPlugins/TRACE] [REI] [REIClientPlugin START] Reloading Section: "reloadable-plugin/FavoriteEntryTypeRegistryImpl/"
[11:58:43] [REI-ReloadPlugins/TRACE] [REI] [REIClientPlugin START] Reloading Section: "reloadable-plugin/FavoriteEntryTypeRegistryImpl/DefaultClientPlugin of DefaultClientPlugin [roughlyenoughitems]/"
[11:58:43] [REI-ReloadPlugins/DEBUG] [REI] Added favorite entry type [roughlyenoughitems:gamemode]: INSTANCE
[11:58:43] [REI-ReloadPlugins/DEBUG] [REI] Added favorite entry type [roughlyenoughitems:weather]: INSTANCE
[11:58:43] [REI-ReloadPlugins/DEBUG] [REI] Added favorite entry type [roughlyenoughitems:time]: INSTANCE
[11:58:43] [REI-ReloadPlugins/TRACE] [REI] [REIClientPlugin START] Reloading Section: "reloadable-plugin/FavoriteEntryTypeRegistryImpl/DefaultClientPlugin of DefaultClientPlugin [roughlyenoughitems]/" done in 3.250 ms
[11:58:43] [REI-ReloadPlugins/TRACE] [REI] [REIClientPlugin START] Reloading Section: "reloadable-plugin/FavoriteEntryTypeRegistryImpl/create:rei_plugin of create:rei_plugin [create_aquatic_ambitions]/"
[11:58:43] [REI-ReloadPlugins/TRACE] [REI] [REIClientPlugin START] Reloading Section: "reloadable-plugin/FavoriteEntryTypeRegistryImpl/create:rei_plugin of create:rei_plugin [create_aquatic_ambitions]/" done in 33.59 μs
[11:58:43] [REI-ReloadPlugins/TRACE] [REI] [REIClientPlugin START] Reloading Section: "reloadable-plugin/FavoriteEntryTypeRegistryImpl/create:rei_plugin of create:rei_plugin [create]/"
[11:58:43] [REI-ReloadPlugins/TRACE] [REI] [REIClientPlugin START] Reloading Section: "reloadable-plugin/FavoriteEntryTypeRegistryImpl/create:rei_plugin of create:rei_plugin [create]/" done in 9.660 μs
[11:58:43] [REI-ReloadPlugins/TRACE] [REI] [REIClientPlugin START] Reloading Section: "reloadable-plugin/FavoriteEntryTypeRegistryImpl/HideIngredientsFromTagsPlugin of HideIngredientsFromTagsPlugin [roughlyenoughitems]/"
[11:58:43] [REI-ReloadPlugins/TRACE] [REI] [REIClientPlugin START] Reloading Section: "reloadable-plugin/FavoriteEntryTypeRegistryImpl/HideIngredientsFromTagsPlugin of HideIngredientsFromTagsPlugin [roughlyenoughitems]/" done in 8.461 μs
[11:58:43] [REI-ReloadPlugins/TRACE] [REI] [REIClientPlugin START] Reloading Section: "reloadable-plugin/FavoriteEntryTypeRegistryImpl/DefaultClientRuntimePlugin of DefaultClientRuntimePlugin [roughlyenoughitems]/"
[11:58:43] [REI-ReloadPlugins/DEBUG] [REI] Added favorite entry type [roughlyenoughitems:entry_stack]: INSTANCE
[11:58:43] [REI-ReloadPlugins/TRACE] [REI] [REIClientPlugin START] Reloading Section: "reloadable-plugin/FavoriteEntryTypeRegistryImpl/DefaultClientRuntimePlugin of DefaultClientRuntimePlugin [roughlyenoughitems]/" done in 265.8 μs
[11:58:43] [REI-ReloadPlugins/TRACE] [REI] [REIClientPlugin START] Reloading Section: "reloadable-plugin/FavoriteEntryTypeRegistryImpl/" done in 3.822 ms
[11:58:43] [REI-ReloadPlugins/TRACE] [REI] [REIClientPlugin START] Reloading Section: "reloadable-plugin/SubsetsRegistryImpl/"
[11:58:43] [REI-ReloadPlugins/TRACE] [REI] [REIClientPlugin START] Reloading Section: "reloadable-plugin/SubsetsRegistryImpl/DefaultClientPlugin of DefaultClientPlugin [roughlyenoughitems]/"
[11:58:43] [REI-ReloadPlugins/TRACE] [REI] [REIClientPlugin START] Reloading Section: "reloadable-plugin/SubsetsRegistryImpl/DefaultClientPlugin of DefaultClientPlugin [roughlyenoughitems]/" done in 8.610 μs
[11:58:43] [REI-ReloadPlugins/TRACE] [REI] [REIClientPlugin START] Reloading Section: "reloadable-plugin/SubsetsRegistryImpl/create:rei_plugin of create:rei_plugin [create_aquatic_ambitions]/"
[11:58:43] [REI-ReloadPlugins/TRACE] [REI] [REIClientPlugin START] Reloading Section: "reloadable-plugin/SubsetsRegistryImpl/create:rei_plugin of create:rei_plugin [create_aquatic_ambitions]/" done in 7.150 μs
[11:58:43] [REI-ReloadPlugins/TRACE] [REI] [REIClientPlugin START] Reloading Section: "reloadable-plugin/SubsetsRegistryImpl/create:rei_plugin of create:rei_plugin [create]/"
[11:58:43] [REI-ReloadPlugins/TRACE] [REI] [REIClientPlugin START] Reloading Section: "reloadable-plugin/SubsetsRegistryImpl/create:rei_plugin of create:rei_plugin [create]/" done in 9.500 μs
[11:58:43] [REI-ReloadPlugins/TRACE] [REI] [REIClientPlugin START] Reloading Section: "reloadable-plugin/SubsetsRegistryImpl/HideIngredientsFromTagsPlugin of HideIngredientsFromTagsPlugin [roughlyenoughitems]/"
[11:58:43] [REI-ReloadPlugins/TRACE] [REI] [REIClientPlugin START] Reloading Section: "reloadable-plugin/SubsetsRegistryImpl/HideIngredientsFromTagsPlugin of HideIngredientsFromTagsPlugin [roughlyenoughitems]/" done in 120.9 μs
[11:58:43] [REI-ReloadPlugins/TRACE] [REI] [REIClientPlugin START] Reloading Section: "reloadable-plugin/SubsetsRegistryImpl/DefaultClientRuntimePlugin of DefaultClientRuntimePlugin [roughlyenoughitems]/"
[11:58:43] [REI-ReloadPlugins/TRACE] [REI] [REIClientPlugin START] Reloading Section: "reloadable-plugin/SubsetsRegistryImpl/DefaultClientRuntimePlugin of DefaultClientRuntimePlugin [roughlyenoughitems]/" done in 7.110 μs
[11:58:43] [REI-ReloadPlugins/TRACE] [REI] [REIClientPlugin START] Reloading Section: "reloadable-plugin/SubsetsRegistryImpl/" done in 342.2 μs
[11:58:43] [REI-ReloadPlugins/TRACE] [REI] [REIClientPlugin START] Reloading Section: "reloadable-plugin/TransferHandlerRegistryImpl/"
[11:58:43] [REI-ReloadPlugins/TRACE] [REI] [REIClientPlugin START] Reloading Section: "reloadable-plugin/TransferHandlerRegistryImpl/DefaultClientPlugin of DefaultClientPlugin [roughlyenoughitems]/"
[11:58:43] [REI-ReloadPlugins/TRACE] [REI] [REIClientPlugin START] Reloading Section: "reloadable-plugin/TransferHandlerRegistryImpl/DefaultClientPlugin of DefaultClientPlugin [roughlyenoughitems]/" done in 12.93 μs
[11:58:43] [REI-ReloadPlugins/TRACE] [REI] [REIClientPlugin START] Reloading Section: "reloadable-plugin/TransferHandlerRegistryImpl/create:rei_plugin of create:rei_plugin [create_aquatic_ambitions]/"
[11:58:43] [REI-ReloadPlugins/TRACE] [REI] [REIClientPlugin START] Reloading Section: "reloadable-plugin/TransferHandlerRegistryImpl/create:rei_plugin of create:rei_plugin [create_aquatic_ambitions]/" done in 5.380 μs
[11:58:43] [REI-ReloadPlugins/TRACE] [REI] [REIClientPlugin START] Reloading Section: "reloadable-plugin/TransferHandlerRegistryImpl/create:rei_plugin of create:rei_plugin [create]/"
[11:58:43] [REI-ReloadPlugins/TRACE] [REI] [REIClientPlugin START] Reloading Section: "reloadable-plugin/TransferHandlerRegistryImpl/create:rei_plugin of create:rei_plugin [create]/" done in 6.320 μs
[11:58:43] [REI-ReloadPlugins/TRACE] [REI] [REIClientPlugin START] Reloading Section: "reloadable-plugin/TransferHandlerRegistryImpl/HideIngredientsFromTagsPlugin of HideIngredientsFromTagsPlugin [roughlyenoughitems]/"
[11:58:43] [REI-ReloadPlugins/TRACE] [REI] [REIClientPlugin START] Reloading Section: "reloadable-plugin/TransferHandlerRegistryImpl/HideIngredientsFromTagsPlugin of HideIngredientsFromTagsPlugin [roughlyenoughitems]/" done in 14.30 μs
[11:58:43] [REI-ReloadPlugins/TRACE] [REI] [REIClientPlugin START] Reloading Section: "reloadable-plugin/TransferHandlerRegistryImpl/DefaultClientRuntimePlugin of DefaultClientRuntimePlugin [roughlyenoughitems]/"
[11:58:43] [REI-ReloadPlugins/TRACE] [REI] [REIClientPlugin START] Reloading Section: "reloadable-plugin/TransferHandlerRegistryImpl/DefaultClientRuntimePlugin of DefaultClientRuntimePlugin [roughlyenoughitems]/" done in 5.060 μs
[11:58:43] [REI-ReloadPlugins/TRACE] [REI] [REIClientPlugin START] Reloading Section: "reloadable-plugin/TransferHandlerRegistryImpl/" done in 226.0 μs
[11:58:43] [REI-ReloadPlugins/TRACE] [REI] [REIClientPlugin START] Reloading Section: "reloadable-plugin/SearchRuntime/"
[11:58:43] [REI-ReloadPlugins/TRACE] [REI] [REIClientPlugin START] Reloading Section: "reloadable-plugin/SearchRuntime/DefaultClientPlugin of DefaultClientPlugin [roughlyenoughitems]/"
[11:58:43] [REI-ReloadPlugins/TRACE] [REI] [REIClientPlugin START] Reloading Section: "reloadable-plugin/SearchRuntime/DefaultClientPlugin of DefaultClientPlugin [roughlyenoughitems]/" done in 6.050 μs
[11:58:43] [REI-ReloadPlugins/TRACE] [REI] [REIClientPlugin START] Reloading Section: "reloadable-plugin/SearchRuntime/create:rei_plugin of create:rei_plugin [create_aquatic_ambitions]/"
[11:58:43] [REI-ReloadPlugins/TRACE] [REI] [REIClientPlugin START] Reloading Section: "reloadable-plugin/SearchRuntime/create:rei_plugin of create:rei_plugin [create_aquatic_ambitions]/" done in 5.800 μs
[11:58:43] [REI-ReloadPlugins/TRACE] [REI] [REIClientPlugin START] Reloading Section: "reloadable-plugin/SearchRuntime/create:rei_plugin of create:rei_plugin [create]/"
[11:58:43] [REI-ReloadPlugins/TRACE] [REI] [REIClientPlugin START] Reloading Section: "reloadable-plugin/SearchRuntime/create:rei_plugin of create:rei_plugin [create]/" done in 6.130 μs
[11:58:43] [REI-ReloadPlugins/TRACE] [REI] [REIClientPlugin START] Reloading Section: "reloadable-plugin/SearchRuntime/HideIngredientsFromTagsPlugin of HideIngredientsFromTagsPlugin [roughlyenoughitems]/"
[11:58:43] [REI-ReloadPlugins/TRACE] [REI] [REIClientPlugin START] Reloading Section: "reloadable-plugin/SearchRuntime/HideIngredientsFromTagsPlugin of HideIngredientsFromTagsPlugin [roughlyenoughitems]/" done in 5.040 μs
[11:58:43] [REI-ReloadPlugins/TRACE] [REI] [REIClientPlugin START] Reloading Section: "reloadable-plugin/SearchRuntime/DefaultClientRuntimePlugin of DefaultClientRuntimePlugin [roughlyenoughitems]/"
[11:58:43] [REI-ReloadPlugins/TRACE] [REI] [REIClientPlugin START] Reloading Section: "reloadable-plugin/SearchRuntime/DefaultClientRuntimePlugin of DefaultClientRuntimePlugin [roughlyenoughitems]/" done in 4.600 μs
[11:58:43] [REI-ReloadPlugins/TRACE] [REI] [REIClientPlugin START] Reloading Section: "reloadable-plugin/SearchRuntime/" done in 269.9 μs
[11:58:43] [REI-ReloadPlugins/TRACE] [REI] [REIClientPlugin START] Reloading Section: "reloadable-plugin/REIRuntimeImpl/"
[11:58:43] [REI-ReloadPlugins/TRACE] [REI] [REIClientPlugin START] Reloading Section: "reloadable-plugin/REIRuntimeImpl/DefaultClientPlugin of DefaultClientPlugin [roughlyenoughitems]/"
[11:58:43] [REI-ReloadPlugins/TRACE] [REI] [REIClientPlugin START] Reloading Section: "reloadable-plugin/REIRuntimeImpl/DefaultClientPlugin of DefaultClientPlugin [roughlyenoughitems]/" done in 5.350 μs
[11:58:43] [REI-ReloadPlugins/TRACE] [REI] [REIClientPlugin START] Reloading Section: "reloadable-plugin/REIRuntimeImpl/create:rei_plugin of create:rei_plugin [create_aquatic_ambitions]/"
[11:58:43] [REI-ReloadPlugins/TRACE] [REI] [REIClientPlugin START] Reloading Section: "reloadable-plugin/REIRuntimeImpl/create:rei_plugin of create:rei_plugin [create_aquatic_ambitions]/" done in 5.281 μs
[11:58:43] [REI-ReloadPlugins/TRACE] [REI] [REIClientPlugin START] Reloading Section: "reloadable-plugin/REIRuntimeImpl/create:rei_plugin of create:rei_plugin [create]/"
[11:58:43] [REI-ReloadPlugins/TRACE] [REI] [REIClientPlugin START] Reloading Section: "reloadable-plugin/REIRuntimeImpl/create:rei_plugin of create:rei_plugin [create]/" done in 4.910 μs
[11:58:43] [REI-ReloadPlugins/TRACE] [REI] [REIClientPlugin START] Reloading Section: "reloadable-plugin/REIRuntimeImpl/HideIngredientsFromTagsPlugin of HideIngredientsFromTagsPlugin [roughlyenoughitems]/"
[11:58:43] [REI-ReloadPlugins/TRACE] [REI] [REIClientPlugin START] Reloading Section: "reloadable-plugin/REIRuntimeImpl/HideIngredientsFromTagsPlugin of HideIngredientsFromTagsPlugin [roughlyenoughitems]/" done in 5.560 μs
[11:58:43] [REI-ReloadPlugins/TRACE] [REI] [REIClientPlugin START] Reloading Section: "reloadable-plugin/REIRuntimeImpl/DefaultClientRuntimePlugin of DefaultClientRuntimePlugin [roughlyenoughitems]/"
[11:58:43] [REI-ReloadPlugins/TRACE] [REI] [REIClientPlugin START] Reloading Section: "reloadable-plugin/REIRuntimeImpl/DefaultClientRuntimePlugin of DefaultClientRuntimePlugin [roughlyenoughitems]/" done in 4.710 μs
[11:58:43] [REI-ReloadPlugins/TRACE] [REI] [REIClientPlugin START] Reloading Section: "reloadable-plugin/REIRuntimeImpl/" done in 201.5 μs
[11:58:43] [REI-ReloadPlugins/TRACE] [REI] [REIClientPlugin START] Reloading Section: "reloadable-plugin/ConfigAddonRegistryImpl/"
[11:58:43] [REI-ReloadPlugins/TRACE] [REI] [REIClientPlugin START] Reloading Section: "reloadable-plugin/ConfigAddonRegistryImpl/DefaultClientPlugin of DefaultClientPlugin [roughlyenoughitems]/"
[11:58:43] [REI-ReloadPlugins/TRACE] [REI] [REIClientPlugin START] Reloading Section: "reloadable-plugin/ConfigAddonRegistryImpl/DefaultClientPlugin of DefaultClientPlugin [roughlyenoughitems]/" done in 4.890 μs
[11:58:43] [REI-ReloadPlugins/TRACE] [REI] [REIClientPlugin START] Reloading Section: "reloadable-plugin/ConfigAddonRegistryImpl/create:rei_plugin of create:rei_plugin [create_aquatic_ambitions]/"
[11:58:43] [REI-ReloadPlugins/TRACE] [REI] [REIClientPlugin START] Reloading Section: "reloadable-plugin/ConfigAddonRegistryImpl/create:rei_plugin of create:rei_plugin [create_aquatic_ambitions]/" done in 4.910 μs
[11:58:43] [REI-ReloadPlugins/TRACE] [REI] [REIClientPlugin START] Reloading Section: "reloadable-plugin/ConfigAddonRegistryImpl/create:rei_plugin of create:rei_plugin [create]/"
[11:58:43] [REI-ReloadPlugins/TRACE] [REI] [REIClientPlugin START] Reloading Section: "reloadable-plugin/ConfigAddonRegistryImpl/create:rei_plugin of create:rei_plugin [create]/" done in 4.220 μs
[11:58:43] [REI-ReloadPlugins/TRACE] [REI] [REIClientPlugin START] Reloading Section: "reloadable-plugin/ConfigAddonRegistryImpl/HideIngredientsFromTagsPlugin of HideIngredientsFromTagsPlugin [roughlyenoughitems]/"
[11:58:43] [REI-ReloadPlugins/TRACE] [REI] [REIClientPlugin START] Reloading Section: "reloadable-plugin/ConfigAddonRegistryImpl/HideIngredientsFromTagsPlugin of HideIngredientsFromTagsPlugin [roughlyenoughitems]/" done in 4.230 μs
[11:58:43] [REI-ReloadPlugins/TRACE] [REI] [REIClientPlugin START] Reloading Section: "reloadable-plugin/ConfigAddonRegistryImpl/DefaultClientRuntimePlugin of DefaultClientRuntimePlugin [roughlyenoughitems]/"
[11:58:43] [REI-ReloadPlugins/TRACE] [REI] [REIClientPlugin START] Reloading Section: "reloadable-plugin/ConfigAddonRegistryImpl/DefaultClientRuntimePlugin of DefaultClientRuntimePlugin [roughlyenoughitems]/" done in 6.610 μs
[11:58:43] [REI-ReloadPlugins/TRACE] [REI] [REIClientPlugin START] Reloading Section: "reloadable-plugin/ConfigAddonRegistryImpl/" done in 179.1 μs
[11:58:43] [REI-ReloadPlugins/TRACE] [REI] [REIClientPlugin START] Reloading Section: "reloadable-plugin/me.shedaniel.rei.plugin.client.runtime.PluginStageExecutionWatcher$1/"
[11:58:43] [REI-ReloadPlugins/TRACE] [REI] [REIClientPlugin START] Reloading Section: "reloadable-plugin/me.shedaniel.rei.plugin.client.runtime.PluginStageExecutionWatcher$1/DefaultClientPlugin of DefaultClientPlugin [roughlyenoughitems]/"
[11:58:43] [REI-ReloadPlugins/TRACE] [REI] [REIClientPlugin START] Reloading Section: "reloadable-plugin/me.shedaniel.rei.plugin.client.runtime.PluginStageExecutionWatcher$1/DefaultClientPlugin of DefaultClientPlugin [roughlyenoughitems]/" done in 8.191 μs
[11:58:43] [REI-ReloadPlugins/TRACE] [REI] [REIClientPlugin START] Reloading Section: "reloadable-plugin/me.shedaniel.rei.plugin.client.runtime.PluginStageExecutionWatcher$1/create:rei_plugin of create:rei_plugin [create_aquatic_ambitions]/"
[11:58:43] [REI-ReloadPlugins/TRACE] [REI] [REIClientPlugin START] Reloading Section: "reloadable-plugin/me.shedaniel.rei.plugin.client.runtime.PluginStageExecutionWatcher$1/create:rei_plugin of create:rei_plugin [create_aquatic_ambitions]/" done in 16.82 μs
[11:58:43] [REI-ReloadPlugins/TRACE] [REI] [REIClientPlugin START] Reloading Section: "reloadable-plugin/me.shedaniel.rei.plugin.client.runtime.PluginStageExecutionWatcher$1/create:rei_plugin of create:rei_plugin [create]/"
[11:58:43] [REI-ReloadPlugins/TRACE] [REI] [REIClientPlugin START] Reloading Section: "reloadable-plugin/me.shedaniel.rei.plugin.client.runtime.PluginStageExecutionWatcher$1/create:rei_plugin of create:rei_plugin [create]/" done in 7.841 μs
[11:58:43] [REI-ReloadPlugins/TRACE] [REI] [REIClientPlugin START] Reloading Section: "reloadable-plugin/me.shedaniel.rei.plugin.client.runtime.PluginStageExecutionWatcher$1/HideIngredientsFromTagsPlugin of HideIngredientsFromTagsPlugin [roughlyenoughitems]/"
[11:58:43] [REI-ReloadPlugins/TRACE] [REI] [REIClientPlugin START] Reloading Section: "reloadable-plugin/me.shedaniel.rei.plugin.client.runtime.PluginStageExecutionWatcher$1/HideIngredientsFromTagsPlugin of HideIngredientsFromTagsPlugin [roughlyenoughitems]/" done in 7.290 μs
[11:58:43] [REI-ReloadPlugins/TRACE] [REI] [REIClientPlugin START] Reloading Section: "reloadable-plugin/me.shedaniel.rei.plugin.client.runtime.PluginStageExecutionWatcher$1/DefaultClientRuntimePlugin of DefaultClientRuntimePlugin [roughlyenoughitems]/"
[11:58:43] [REI-ReloadPlugins/TRACE] [REI] [REIClientPlugin START] Reloading Section: "reloadable-plugin/me.shedaniel.rei.plugin.client.runtime.PluginStageExecutionWatcher$1/DefaultClientRuntimePlugin of DefaultClientRuntimePlugin [roughlyenoughitems]/" done in 8.240 μs
[11:58:43] [REI-ReloadPlugins/TRACE] [REI] [REIClientPlugin START] Reloading Section: "reloadable-plugin/me.shedaniel.rei.plugin.client.runtime.PluginStageExecutionWatcher$1/" done in 394.2 μs
[11:58:43] [REI-ReloadPlugins/DEBUG] [REI] ========================================
[11:58:43] [REI-ReloadPlugins/DEBUG] [REI] REIClientPlugin ending main-reload for START.
[11:58:43] [REI-ReloadPlugins/DEBUG] [REI] ========================================
[11:58:43] [REI-ReloadPlugins/TRACE] [REI] [REIClientPlugin START] Reloading Section: "end-reload/"
[11:58:43] [REI-ReloadPlugins/TRACE] [REI] [REIClientPlugin START] Reloading Section: "end-reload/EntryRendererRegistryImpl/"
[11:58:43] [REI-ReloadPlugins/TRACE] [REI] [REIClientPlugin START] Reloading Section: "end-reload/EntryRendererRegistryImpl/" done in 14.37 μs
[11:58:43] [REI-ReloadPlugins/TRACE] [REI] [REIClientPlugin START] Reloading Section: "end-reload/ViewsImpl/"
[11:58:43] [REI-ReloadPlugins/TRACE] [REI] [REIClientPlugin START] Reloading Section: "end-reload/ViewsImpl/" done in 47.42 μs
[11:58:43] [REI-ReloadPlugins/TRACE] [REI] [REIClientPlugin START] Reloading Section: "end-reload/InputMethodRegistryImpl/"
[11:58:43] [REI-ReloadPlugins/TRACE] [REI] [REIClientPlugin START] Reloading Section: "end-reload/InputMethodRegistryImpl/" done in 36.52 μs
[11:58:43] [REI-ReloadPlugins/TRACE] [REI] [REIClientPlugin START] Reloading Section: "end-reload/SearchProviderImpl/"
[11:58:43] [REI-ReloadPlugins/TRACE] [REI] [REIClientPlugin START] Reloading Section: "end-reload/SearchProviderImpl/" done in 3.700 μs
[11:58:43] [REI-ReloadPlugins/TRACE] [REI] [REIClientPlugin START] Reloading Section: "end-reload/ConfigManagerImpl/"
[11:58:43] [REI-ReloadPlugins/TRACE] [REI] [REIClientPlugin START] Reloading Section: "end-reload/ConfigManagerImpl/" done in 2.800 μs
[11:58:43] [REI-ReloadPlugins/TRACE] [REI] [REIClientPlugin START] Reloading Section: "end-reload/EntryRegistryImpl/"
[11:58:43] [REI-ReloadPlugins/DEBUG] [REI] Refiltered rule [INSTANCE] in 3.533 ms.
[11:58:43] [REI-ReloadPlugins/DEBUG] [REI] Refiltered rule [INSTANCE] in 1.365 ms.
[11:58:43] [REI-ReloadPlugins/DEBUG] [REI] Refiltered rule [INSTANCE] in 1.273 ms.
[11:58:43] [REI-ReloadPlugins/DEBUG] [REI] Refiltered 2258 entries with 3 rules in 15.97 ms.
[11:58:43] [REI-ReloadPlugins/DEBUG] [REI] Computed existing filtered displays with 3 rules in 4.586 ms
[11:58:43] [REI-ReloadPlugins/DEBUG] [REI] Reloaded entry registry with 2258 entries and 2257 filtered entries
[11:58:43] [REI-ReloadPlugins/TRACE] [REI] [REIClientPlugin START] Reloading Section: "end-reload/EntryRegistryImpl/" done in 23.66 ms
[11:58:43] [REI-ReloadPlugins/TRACE] [REI] [REIClientPlugin START] Reloading Section: "end-reload/CollapsibleEntryRegistryImpl/"
[11:58:43] [REI-ReloadPlugins/TRACE] [REI] [REIClientPlugin START] Reloading Section: "end-reload/CollapsibleEntryRegistryImpl/" done in 6.890 μs
[11:58:43] [REI-ReloadPlugins/TRACE] [REI] [REIClientPlugin START] Reloading Section: "end-reload/BasicFilteringRuleImpl/"
[11:58:43] [REI-ReloadPlugins/TRACE] [REI] [REIClientPlugin START] Reloading Section: "end-reload/BasicFilteringRuleImpl/" done in 4.550 μs
[11:58:43] [REI-ReloadPlugins/TRACE] [REI] [REIClientPlugin START] Reloading Section: "end-reload/CategoryRegistryImpl/"
[11:58:43] [REI-ReloadPlugins/TRACE] [REI] [REIClientPlugin START] Reloading Section: "end-reload/CategoryRegistryImpl/" done in 3.490 μs
[11:58:43] [REI-ReloadPlugins/TRACE] [REI] [REIClientPlugin START] Reloading Section: "end-reload/DisplayRegistryImpl/"
[11:58:43] [REI-ReloadPlugins/TRACE] [REI] [REIClientPlugin START] Reloading Section: "end-reload/DisplayRegistryImpl/" done in 3.540 μs
[11:58:43] [REI-ReloadPlugins/TRACE] [REI] [REIClientPlugin START] Reloading Section: "end-reload/ScreenRegistryImpl/"
[11:58:43] [REI-ReloadPlugins/DEBUG] [REI] Registered 4 overlay deciders and 6 exclusion zones
[11:58:43] [REI-ReloadPlugins/TRACE] [REI] [REIClientPlugin START] Reloading Section: "end-reload/ScreenRegistryImpl/" done in 45.77 μs
[11:58:43] [REI-ReloadPlugins/TRACE] [REI] [REIClientPlugin START] Reloading Section: "end-reload/FavoriteEntryTypeRegistryImpl/"
[11:58:43] [REI-ReloadPlugins/DEBUG] [REI] Config saved
[11:58:43] [REI-ReloadPlugins/DEBUG] [REI] Registered 4 favorite entry types
[11:58:43] [REI-ReloadPlugins/TRACE] [REI] [REIClientPlugin START] Reloading Section: "end-reload/FavoriteEntryTypeRegistryImpl/" done in 1.689 ms
[11:58:43] [REI-ReloadPlugins/TRACE] [REI] [REIClientPlugin START] Reloading Section: "end-reload/SubsetsRegistryImpl/"
[11:58:43] [REI-ReloadPlugins/TRACE] [REI] [REIClientPlugin START] Reloading Section: "end-reload/SubsetsRegistryImpl/" done in 21.82 μs
[11:58:43] [REI-ReloadPlugins/TRACE] [REI] [REIClientPlugin START] Reloading Section: "end-reload/TransferHandlerRegistryImpl/"
[11:58:43] [REI-ReloadPlugins/TRACE] [REI] [REIClientPlugin START] Reloading Section: "end-reload/TransferHandlerRegistryImpl/" done in 4.780 μs
[11:58:43] [REI-ReloadPlugins/TRACE] [REI] [REIClientPlugin START] Reloading Section: "end-reload/SearchRuntime/"
[11:58:43] [REI-ReloadPlugins/TRACE] [REI] Preparing 15806 stacks for search arguments
[11:58:44] [REI-ReloadPlugins/TRACE] [REI] Prepared 15806 / 15806 stacks for search arguments in 55ms
[11:58:44] [REI-ReloadPlugins/DEBUG] [REI] Preparing collapsed entry groups cache with 0 entries and 2258 stacks
[11:58:44] [REI-ReloadPlugins/DEBUG] [REI] Prepared collapsed entry groups cache with 0 entries and 2258 stacks
[11:58:44] [REI-ReloadPlugins/TRACE] [REI] [REIClientPlugin START] Reloading Section: "end-reload/SearchRuntime/" done in 59.83 ms
[11:58:44] [REI-ReloadPlugins/TRACE] [REI] [REIClientPlugin START] Reloading Section: "end-reload/REIRuntimeImpl/"
[11:58:44] [REI-ReloadPlugins/TRACE] [REI] [REIClientPlugin START] Reloading Section: "end-reload/REIRuntimeImpl/" done in 104.1 μs
[11:58:44] [REI-ReloadPlugins/TRACE] [REI] [REIClientPlugin START] Reloading Section: "end-reload/ConfigAddonRegistryImpl/"
[11:58:44] [REI-ReloadPlugins/TRACE] [REI] [REIClientPlugin START] Reloading Section: "end-reload/ConfigAddonRegistryImpl/" done in 15.97 μs
[11:58:44] [REI-ReloadPlugins/TRACE] [REI] [REIClientPlugin START] Reloading Section: "end-reload/me.shedaniel.rei.plugin.client.runtime.PluginStageExecutionWatcher$1/"
[11:58:44] [REI-ReloadPlugins/TRACE] [REI] [REIClientPlugin START] Reloading Section: "end-reload/me.shedaniel.rei.plugin.client.runtime.PluginStageExecutionWatcher$1/" done in 13.64 μs
[11:58:44] [REI-ReloadPlugins/TRACE] [REI] [REIClientPlugin START] Reloading Section: "end-reload/" done in 86.53 ms
[11:58:44] [REI-ReloadPlugins/DEBUG] [REI] ========================================
[11:58:44] [REI-ReloadPlugins/DEBUG] [REI] REIClientPlugin ended main-reload for START in 572.8 ms.
[11:58:44] [REI-ReloadPlugins/DEBUG] [REI] ========================================
[11:58:44] [REI-ReloadPlugins/INFO] [REI] %%%%%%%%%%%%%%%%%%%%%%%%%%%%%%%%%%%%%%%%
[11:58:44] [REI-ReloadPlugins/INFO] [REI] REIServerPlugin starting main-reload for START.
[11:58:44] [REI-ReloadPlugins/DEBUG] [REI] Reloadables (2):
[11:58:44] [REI-ReloadPlugins/DEBUG] [REI]  - MenuInfoRegistryImpl
[11:58:44] [REI-ReloadPlugins/DEBUG] [REI]  - me.shedaniel.rei.plugin.client.runtime.PluginStageExecutionWatcher$1
[11:58:44] [REI-ReloadPlugins/INFO] [REI] Plugins (3):
[11:58:44] [REI-ReloadPlugins/INFO] [REI]  - (-100.00) DefaultPlugin of DefaultPlugin [roughlyenoughitems]
[11:58:44] [REI-ReloadPlugins/INFO] [REI]  - (0.00) FabricFluidAPISupportPlugin
[11:58:44] [REI-ReloadPlugins/INFO] [REI]  - (0.00) DefaultRuntimePlugin of DefaultRuntimePlugin [roughlyenoughitems]
[11:58:44] [REI-ReloadPlugins/INFO] [REI] %%%%%%%%%%%%%%%%%%%%%%%%%%%%%%%%%%%%%%%%
[11:58:44] [REI-ReloadPlugins/TRACE] [REI] [REIServerPlugin START] Reloading Section: "start-reload/"
[11:58:44] [REI-ReloadPlugins/TRACE] [REI] [REIServerPlugin START] Reloading Section: "start-reload/MenuInfoRegistryImpl/"
[11:58:44] [REI-ReloadPlugins/TRACE] [REI] [REIServerPlugin START] Reloading Section: "start-reload/MenuInfoRegistryImpl/" done in 6.700 μs
[11:58:44] [REI-ReloadPlugins/TRACE] [REI] [REIServerPlugin START] Reloading Section: "start-reload/me.shedaniel.rei.plugin.client.runtime.PluginStageExecutionWatcher$1/"
[11:58:44] [REI-ReloadPlugins/TRACE] [REI] [REIServerPlugin START] Reloading Section: "start-reload/me.shedaniel.rei.plugin.client.runtime.PluginStageExecutionWatcher$1/" done in 8.620 μs
[11:58:44] [REI-ReloadPlugins/TRACE] [REI] [REIServerPlugin START] Reloading Section: "start-reload/" done in 109.3 μs
[11:58:44] [REI-ReloadPlugins/DEBUG] [REI] ========================================
[11:58:44] [REI-ReloadPlugins/DEBUG] [REI] REIServerPlugin started main-reload for START.
[11:58:44] [REI-ReloadPlugins/DEBUG] [REI] ========================================
[11:58:44] [REI-ReloadPlugins/TRACE] [REI] [REIServerPlugin START] Reloading Section: "reloadable-plugin/MenuInfoRegistryImpl/"
[11:58:44] [REI-ReloadPlugins/TRACE] [REI] [REIServerPlugin START] Reloading Section: "reloadable-plugin/MenuInfoRegistryImpl/DefaultPlugin of DefaultPlugin [roughlyenoughitems]/"
[11:58:44] [REI-ReloadPlugins/TRACE] [REI] [REIServerPlugin START] Reloading Section: "reloadable-plugin/MenuInfoRegistryImpl/DefaultPlugin of DefaultPlugin [roughlyenoughitems]/" done in 23.87 μs
[11:58:44] [REI-ReloadPlugins/TRACE] [REI] [REIServerPlugin START] Reloading Section: "reloadable-plugin/MenuInfoRegistryImpl/FabricFluidAPISupportPlugin/"
[11:58:44] [REI-ReloadPlugins/TRACE] [REI] [REIServerPlugin START] Reloading Section: "reloadable-plugin/MenuInfoRegistryImpl/FabricFluidAPISupportPlugin/" done in 5.970 μs
[11:58:44] [REI-ReloadPlugins/TRACE] [REI] [REIServerPlugin START] Reloading Section: "reloadable-plugin/MenuInfoRegistryImpl/DefaultRuntimePlugin of DefaultRuntimePlugin [roughlyenoughitems]/"
[11:58:44] [REI-ReloadPlugins/TRACE] [REI] [REIServerPlugin START] Reloading Section: "reloadable-plugin/MenuInfoRegistryImpl/DefaultRuntimePlugin of DefaultRuntimePlugin [roughlyenoughitems]/" done in 4.890 μs
[11:58:44] [REI-ReloadPlugins/TRACE] [REI] [REIServerPlugin START] Reloading Section: "reloadable-plugin/MenuInfoRegistryImpl/" done in 173.6 μs
[11:58:44] [REI-ReloadPlugins/TRACE] [REI] [REIServerPlugin START] Reloading Section: "reloadable-plugin/me.shedaniel.rei.plugin.client.runtime.PluginStageExecutionWatcher$1/"
[11:58:44] [REI-ReloadPlugins/TRACE] [REI] [REIServerPlugin START] Reloading Section: "reloadable-plugin/me.shedaniel.rei.plugin.client.runtime.PluginStageExecutionWatcher$1/DefaultPlugin of DefaultPlugin [roughlyenoughitems]/"
[11:58:44] [REI-ReloadPlugins/TRACE] [REI] [REIServerPlugin START] Reloading Section: "reloadable-plugin/me.shedaniel.rei.plugin.client.runtime.PluginStageExecutionWatcher$1/DefaultPlugin of DefaultPlugin [roughlyenoughitems]/" done in 16.41 μs
[11:58:44] [REI-ReloadPlugins/TRACE] [REI] [REIServerPlugin START] Reloading Section: "reloadable-plugin/me.shedaniel.rei.plugin.client.runtime.PluginStageExecutionWatcher$1/FabricFluidAPISupportPlugin/"
[11:58:44] [REI-ReloadPlugins/TRACE] [REI] [REIServerPlugin START] Reloading Section: "reloadable-plugin/me.shedaniel.rei.plugin.client.runtime.PluginStageExecutionWatcher$1/FabricFluidAPISupportPlugin/" done in 4.830 μs
[11:58:44] [REI-ReloadPlugins/TRACE] [REI] [REIServerPlugin START] Reloading Section: "reloadable-plugin/me.shedaniel.rei.plugin.client.runtime.PluginStageExecutionWatcher$1/DefaultRuntimePlugin of DefaultRuntimePlugin [roughlyenoughitems]/"
[11:58:44] [REI-ReloadPlugins/TRACE] [REI] [REIServerPlugin START] Reloading Section: "reloadable-plugin/me.shedaniel.rei.plugin.client.runtime.PluginStageExecutionWatcher$1/DefaultRuntimePlugin of DefaultRuntimePlugin [roughlyenoughitems]/" done in 5.460 μs
[11:58:44] [REI-ReloadPlugins/TRACE] [REI] [REIServerPlugin START] Reloading Section: "reloadable-plugin/me.shedaniel.rei.plugin.client.runtime.PluginStageExecutionWatcher$1/" done in 154.7 μs
[11:58:44] [REI-ReloadPlugins/DEBUG] [REI] ========================================
[11:58:44] [REI-ReloadPlugins/DEBUG] [REI] REIServerPlugin ending main-reload for START.
[11:58:44] [REI-ReloadPlugins/DEBUG] [REI] ========================================
[11:58:44] [REI-ReloadPlugins/TRACE] [REI] [REIServerPlugin START] Reloading Section: "end-reload/"
[11:58:44] [REI-ReloadPlugins/TRACE] [REI] [REIServerPlugin START] Reloading Section: "end-reload/MenuInfoRegistryImpl/"
[11:58:44] [REI-ReloadPlugins/TRACE] [REI] [REIServerPlugin START] Reloading Section: "end-reload/MenuInfoRegistryImpl/" done in 3.680 μs
[11:58:44] [REI-ReloadPlugins/TRACE] [REI] [REIServerPlugin START] Reloading Section: "end-reload/me.shedaniel.rei.plugin.client.runtime.PluginStageExecutionWatcher$1/"
[11:58:44] [REI-ReloadPlugins/TRACE] [REI] [REIServerPlugin START] Reloading Section: "end-reload/me.shedaniel.rei.plugin.client.runtime.PluginStageExecutionWatcher$1/" done in 3.510 μs
[11:58:44] [REI-ReloadPlugins/TRACE] [REI] [REIServerPlugin START] Reloading Section: "end-reload/" done in 87.43 μs
[11:58:44] [REI-ReloadPlugins/DEBUG] [REI] ========================================
[11:58:44] [REI-ReloadPlugins/DEBUG] [REI] REIServerPlugin ended main-reload for START in 1.430 ms.
[11:58:44] [REI-ReloadPlugins/DEBUG] [REI] ========================================
[11:58:44] [REI-ReloadPlugins/DEBUG] [REI] ========================================
[11:58:44] [REI-ReloadPlugins/DEBUG] [REI] REIPlugin starting post-reload for START.
[11:58:44] [REI-ReloadPlugins/DEBUG] [REI] Reloadables (8):
[11:58:44] [REI-ReloadPlugins/DEBUG] [REI]  - EntryTypeRegistryImpl
[11:58:44] [REI-ReloadPlugins/DEBUG] [REI]  - EntrySettingsAdapterRegistryImpl
[11:58:44] [REI-ReloadPlugins/DEBUG] [REI]  - RecipeManagerContextImpl
[11:58:44] [REI-ReloadPlugins/DEBUG] [REI]  - ItemComparatorRegistryImpl
[11:58:44] [REI-ReloadPlugins/DEBUG] [REI]  - FluidComparatorRegistryImpl
[11:58:44] [REI-ReloadPlugins/DEBUG] [REI]  - DisplaySerializerRegistryImpl
[11:58:44] [REI-ReloadPlugins/DEBUG] [REI]  - FluidSupportProviderImpl
[11:58:44] [REI-ReloadPlugins/DEBUG] [REI]  - me.shedaniel.rei.plugin.client.runtime.PluginStageExecutionWatcher$1
[11:58:44] [REI-ReloadPlugins/DEBUG] [REI] Plugins (8):
[11:58:44] [REI-ReloadPlugins/DEBUG] [REI]  - (-100.00) DefaultClientPlugin of DefaultClientPlugin [roughlyenoughitems]
[11:58:44] [REI-ReloadPlugins/DEBUG] [REI]  - (-100.00) DefaultPlugin of DefaultPlugin [roughlyenoughitems]
[11:58:44] [REI-ReloadPlugins/DEBUG] [REI]  - (0.00) FabricFluidAPISupportPlugin
[11:58:44] [REI-ReloadPlugins/DEBUG] [REI]  - (0.00) create:rei_plugin of create:rei_plugin [create_aquatic_ambitions]
[11:58:44] [REI-ReloadPlugins/DEBUG] [REI]  - (0.00) create:rei_plugin of create:rei_plugin [create]
[11:58:44] [REI-ReloadPlugins/DEBUG] [REI]  - (0.00) HideIngredientsFromTagsPlugin of HideIngredientsFromTagsPlugin [roughlyenoughitems]
[11:58:44] [REI-ReloadPlugins/DEBUG] [REI]  - (0.00) DefaultClientRuntimePlugin of DefaultClientRuntimePlugin [roughlyenoughitems]
[11:58:44] [REI-ReloadPlugins/DEBUG] [REI]  - (0.00) DefaultRuntimePlugin of DefaultRuntimePlugin [roughlyenoughitems]
[11:58:44] [REI-ReloadPlugins/DEBUG] [REI] ========================================
[11:58:44] [REI-ReloadPlugins/TRACE] [REI] [REIPlugin START] Reloading Section: "post-register/"
[11:58:44] [REI-ReloadPlugins/TRACE] [REI] [REIPlugin START] Reloading Section: "post-register/DefaultClientPlugin of DefaultClientPlugin [roughlyenoughitems]/"
[11:58:44] [REI-ReloadPlugins/TRACE] [REI] [REIPlugin START] Reloading Section: "post-register/DefaultClientPlugin of DefaultClientPlugin [roughlyenoughitems]/" done in 132.9 μs
[11:58:44] [REI-ReloadPlugins/TRACE] [REI] [REIPlugin START] Reloading Section: "post-register/DefaultPlugin of DefaultPlugin [roughlyenoughitems]/"
[11:58:44] [REI-ReloadPlugins/TRACE] [REI] [REIPlugin START] Reloading Section: "post-register/DefaultPlugin of DefaultPlugin [roughlyenoughitems]/" done in 5.640 μs
[11:58:44] [REI-ReloadPlugins/TRACE] [REI] [REIPlugin START] Reloading Section: "post-register/FabricFluidAPISupportPlugin/"
[11:58:44] [REI-ReloadPlugins/TRACE] [REI] [REIPlugin START] Reloading Section: "post-register/FabricFluidAPISupportPlugin/" done in 9.480 μs
[11:58:44] [REI-ReloadPlugins/TRACE] [REI] [REIPlugin START] Reloading Section: "post-register/create:rei_plugin of create:rei_plugin [create_aquatic_ambitions]/"
[11:58:44] [REI-ReloadPlugins/TRACE] [REI] [REIPlugin START] Reloading Section: "post-register/create:rei_plugin of create:rei_plugin [create_aquatic_ambitions]/" done in 4.730 μs
[11:58:44] [REI-ReloadPlugins/TRACE] [REI] [REIPlugin START] Reloading Section: "post-register/create:rei_plugin of create:rei_plugin [create]/"
[11:58:44] [REI-ReloadPlugins/TRACE] [REI] [REIPlugin START] Reloading Section: "post-register/create:rei_plugin of create:rei_plugin [create]/" done in 4.570 μs
[11:58:44] [REI-ReloadPlugins/TRACE] [REI] [REIPlugin START] Reloading Section: "post-register/HideIngredientsFromTagsPlugin of HideIngredientsFromTagsPlugin [roughlyenoughitems]/"
[11:58:44] [REI-ReloadPlugins/TRACE] [REI] [REIPlugin START] Reloading Section: "post-register/HideIngredientsFromTagsPlugin of HideIngredientsFromTagsPlugin [roughlyenoughitems]/" done in 4.790 μs
[11:58:44] [REI-ReloadPlugins/TRACE] [REI] [REIPlugin START] Reloading Section: "post-register/DefaultClientRuntimePlugin of DefaultClientRuntimePlugin [roughlyenoughitems]/"
[11:58:44] [REI-ReloadPlugins/TRACE] [REI] [REIPlugin START] Reloading Section: "post-register/DefaultClientRuntimePlugin of DefaultClientRuntimePlugin [roughlyenoughitems]/" done in 3.910 μs
[11:58:44] [REI-ReloadPlugins/TRACE] [REI] [REIPlugin START] Reloading Section: "post-register/DefaultRuntimePlugin of DefaultRuntimePlugin [roughlyenoughitems]/"
[11:58:44] [REI-ReloadPlugins/TRACE] [REI] [REIPlugin START] Reloading Section: "post-register/DefaultRuntimePlugin of DefaultRuntimePlugin [roughlyenoughitems]/" done in 3.530 μs
[11:58:44] [REI-ReloadPlugins/TRACE] [REI] [REIPlugin START] Reloading Section: "post-register/" done in 810.3 μs
[11:58:44] [REI-ReloadPlugins/DEBUG] [REI] ========================================
[11:58:44] [REI-ReloadPlugins/INFO] [REI] REIPlugin finished post-reload for START in 839.6 μs, totaling 95.05 ms.
[11:58:44] [REI-ReloadPlugins/DEBUG] [REI] ========================================
[11:58:44] [REI-ReloadPlugins/DEBUG] [REI] ========================================
[11:58:44] [REI-ReloadPlugins/DEBUG] [REI] REIClientPlugin starting post-reload for START.
[11:58:44] [REI-ReloadPlugins/DEBUG] [REI] Reloadables (18):
[11:58:44] [REI-ReloadPlugins/DEBUG] [REI]  - EntryRendererRegistryImpl
[11:58:44] [REI-ReloadPlugins/DEBUG] [REI]  - ViewsImpl
[11:58:44] [REI-ReloadPlugins/DEBUG] [REI]  - InputMethodRegistryImpl
[11:58:44] [REI-ReloadPlugins/DEBUG] [REI]  - SearchProviderImpl
[11:58:44] [REI-ReloadPlugins/DEBUG] [REI]  - ConfigManagerImpl
[11:58:44] [REI-ReloadPlugins/DEBUG] [REI]  - EntryRegistryImpl
[11:58:44] [REI-ReloadPlugins/DEBUG] [REI]  - CollapsibleEntryRegistryImpl
[11:58:44] [REI-ReloadPlugins/DEBUG] [REI]  - BasicFilteringRuleImpl
[11:58:44] [REI-ReloadPlugins/DEBUG] [REI]  - CategoryRegistryImpl
[11:58:44] [REI-ReloadPlugins/DEBUG] [REI]  - DisplayRegistryImpl
[11:58:44] [REI-ReloadPlugins/DEBUG] [REI]  - ScreenRegistryImpl
[11:58:44] [REI-ReloadPlugins/DEBUG] [REI]  - FavoriteEntryTypeRegistryImpl
[11:58:44] [REI-ReloadPlugins/DEBUG] [REI]  - SubsetsRegistryImpl
[11:58:44] [REI-ReloadPlugins/DEBUG] [REI]  - TransferHandlerRegistryImpl
[11:58:44] [REI-ReloadPlugins/DEBUG] [REI]  - SearchRuntime
[11:58:44] [REI-ReloadPlugins/DEBUG] [REI]  - REIRuntimeImpl
[11:58:44] [REI-ReloadPlugins/DEBUG] [REI]  - ConfigAddonRegistryImpl
[11:58:44] [REI-ReloadPlugins/DEBUG] [REI]  - me.shedaniel.rei.plugin.client.runtime.PluginStageExecutionWatcher$1
[11:58:44] [REI-ReloadPlugins/DEBUG] [REI] Plugins (5):
[11:58:44] [REI-ReloadPlugins/DEBUG] [REI]  - (-100.00) DefaultClientPlugin of DefaultClientPlugin [roughlyenoughitems]
[11:58:44] [REI-ReloadPlugins/DEBUG] [REI]  - (0.00) create:rei_plugin of create:rei_plugin [create_aquatic_ambitions]
[11:58:44] [REI-ReloadPlugins/DEBUG] [REI]  - (0.00) create:rei_plugin of create:rei_plugin [create]
[11:58:44] [REI-ReloadPlugins/DEBUG] [REI]  - (0.00) HideIngredientsFromTagsPlugin of HideIngredientsFromTagsPlugin [roughlyenoughitems]
[11:58:44] [REI-ReloadPlugins/DEBUG] [REI]  - (0.00) DefaultClientRuntimePlugin of DefaultClientRuntimePlugin [roughlyenoughitems]
[11:58:44] [REI-ReloadPlugins/DEBUG] [REI] ========================================
[11:58:44] [REI-ReloadPlugins/TRACE] [REI] [REIClientPlugin START] Reloading Section: "post-register/"
[11:58:44] [REI-ReloadPlugins/TRACE] [REI] [REIClientPlugin START] Reloading Section: "post-register/DefaultClientPlugin of DefaultClientPlugin [roughlyenoughitems]/"
[11:58:44] [REI-ReloadPlugins/TRACE] [REI] [REIClientPlugin START] Reloading Section: "post-register/DefaultClientPlugin of DefaultClientPlugin [roughlyenoughitems]/" done in 6.690 μs
[11:58:44] [REI-ReloadPlugins/TRACE] [REI] [REIClientPlugin START] Reloading Section: "post-register/create:rei_plugin of create:rei_plugin [create_aquatic_ambitions]/"
[11:58:44] [REI-ReloadPlugins/TRACE] [REI] [REIClientPlugin START] Reloading Section: "post-register/create:rei_plugin of create:rei_plugin [create_aquatic_ambitions]/" done in 5.330 μs
[11:58:44] [REI-ReloadPlugins/TRACE] [REI] [REIClientPlugin START] Reloading Section: "post-register/create:rei_plugin of create:rei_plugin [create]/"
[11:58:44] [REI-ReloadPlugins/TRACE] [REI] [REIClientPlugin START] Reloading Section: "post-register/create:rei_plugin of create:rei_plugin [create]/" done in 3.770 μs
[11:58:44] [REI-ReloadPlugins/TRACE] [REI] [REIClientPlugin START] Reloading Section: "post-register/HideIngredientsFromTagsPlugin of HideIngredientsFromTagsPlugin [roughlyenoughitems]/"
[11:58:44] [REI-ReloadPlugins/TRACE] [REI] [REIClientPlugin START] Reloading Section: "post-register/HideIngredientsFromTagsPlugin of HideIngredientsFromTagsPlugin [roughlyenoughitems]/" done in 4.480 μs
[11:58:44] [REI-ReloadPlugins/TRACE] [REI] [REIClientPlugin START] Reloading Section: "post-register/DefaultClientRuntimePlugin of DefaultClientRuntimePlugin [roughlyenoughitems]/"
[11:58:44] [REI-ReloadPlugins/TRACE] [REI] [REIClientPlugin START] Reloading Section: "post-register/DefaultClientRuntimePlugin of DefaultClientRuntimePlugin [roughlyenoughitems]/" done in 15.95 μs
[11:58:44] [REI-ReloadPlugins/TRACE] [REI] [REIClientPlugin START] Reloading Section: "post-register/" done in 236.4 μs
[11:58:44] [REI-ReloadPlugins/DEBUG] [REI] ========================================
[11:58:44] [REI-ReloadPlugins/INFO] [REI] REIClientPlugin finished post-reload for START in 263.2 μs, totaling 575.1 ms.
[11:58:44] [REI-ReloadPlugins/DEBUG] [REI] ========================================
[11:58:44] [REI-ReloadPlugins/DEBUG] [REI] ========================================
[11:58:44] [REI-ReloadPlugins/DEBUG] [REI] REIServerPlugin starting post-reload for START.
[11:58:44] [REI-ReloadPlugins/DEBUG] [REI] Reloadables (2):
[11:58:44] [REI-ReloadPlugins/DEBUG] [REI]  - MenuInfoRegistryImpl
[11:58:44] [REI-ReloadPlugins/DEBUG] [REI]  - me.shedaniel.rei.plugin.client.runtime.PluginStageExecutionWatcher$1
[11:58:44] [REI-ReloadPlugins/DEBUG] [REI] Plugins (3):
[11:58:44] [REI-ReloadPlugins/DEBUG] [REI]  - (-100.00) DefaultPlugin of DefaultPlugin [roughlyenoughitems]
[11:58:44] [REI-ReloadPlugins/DEBUG] [REI]  - (0.00) FabricFluidAPISupportPlugin
[11:58:44] [REI-ReloadPlugins/DEBUG] [REI]  - (0.00) DefaultRuntimePlugin of DefaultRuntimePlugin [roughlyenoughitems]
[11:58:44] [REI-ReloadPlugins/DEBUG] [REI] ========================================
[11:58:44] [REI-ReloadPlugins/TRACE] [REI] [REIServerPlugin START] Reloading Section: "post-register/"
[11:58:44] [REI-ReloadPlugins/TRACE] [REI] [REIServerPlugin START] Reloading Section: "post-register/DefaultPlugin of DefaultPlugin [roughlyenoughitems]/"
[11:58:44] [REI-ReloadPlugins/TRACE] [REI] [REIServerPlugin START] Reloading Section: "post-register/DefaultPlugin of DefaultPlugin [roughlyenoughitems]/" done in 5.470 μs
[11:58:44] [REI-ReloadPlugins/TRACE] [REI] [REIServerPlugin START] Reloading Section: "post-register/FabricFluidAPISupportPlugin/"
[11:58:44] [REI-ReloadPlugins/TRACE] [REI] [REIServerPlugin START] Reloading Section: "post-register/FabricFluidAPISupportPlugin/" done in 4.280 μs
[11:58:44] [REI-ReloadPlugins/TRACE] [REI] [REIServerPlugin START] Reloading Section: "post-register/DefaultRuntimePlugin of DefaultRuntimePlugin [roughlyenoughitems]/"
[11:58:44] [REI-ReloadPlugins/TRACE] [REI] [REIServerPlugin START] Reloading Section: "post-register/DefaultRuntimePlugin of DefaultRuntimePlugin [roughlyenoughitems]/" done in 4.710 μs
[11:58:44] [REI-ReloadPlugins/TRACE] [REI] [REIServerPlugin START] Reloading Section: "post-register/" done in 151.8 μs
[11:58:44] [REI-ReloadPlugins/DEBUG] [REI] ========================================
[11:58:44] [REI-ReloadPlugins/INFO] [REI] REIServerPlugin finished post-reload for START in 182.9 μs, totaling 1.915 ms.
[11:58:44] [REI-ReloadPlugins/DEBUG] [REI] ========================================
[11:58:44] [REI-ReloadPlugins/DEBUG] [REI] ========================================
[11:58:44] [REI-ReloadPlugins/DEBUG] [REI] REIPlugin starting pre-reload for END.
[11:58:44] [REI-ReloadPlugins/DEBUG] [REI] Reloadables (8):
[11:58:44] [REI-ReloadPlugins/DEBUG] [REI]  - EntryTypeRegistryImpl
[11:58:44] [REI-ReloadPlugins/DEBUG] [REI]  - EntrySettingsAdapterRegistryImpl
[11:58:44] [REI-ReloadPlugins/DEBUG] [REI]  - RecipeManagerContextImpl
[11:58:44] [REI-ReloadPlugins/DEBUG] [REI]  - ItemComparatorRegistryImpl
[11:58:44] [REI-ReloadPlugins/DEBUG] [REI]  - FluidComparatorRegistryImpl
[11:58:44] [REI-ReloadPlugins/DEBUG] [REI]  - DisplaySerializerRegistryImpl
[11:58:44] [REI-ReloadPlugins/DEBUG] [REI]  - FluidSupportProviderImpl
[11:58:44] [REI-ReloadPlugins/DEBUG] [REI]  - me.shedaniel.rei.plugin.client.runtime.PluginStageExecutionWatcher$1
[11:58:44] [REI-ReloadPlugins/DEBUG] [REI] Plugins (8):
[11:58:44] [REI-ReloadPlugins/DEBUG] [REI]  - (-100.00) DefaultClientPlugin of DefaultClientPlugin [roughlyenoughitems]
[11:58:44] [REI-ReloadPlugins/DEBUG] [REI]  - (-100.00) DefaultPlugin of DefaultPlugin [roughlyenoughitems]
[11:58:44] [REI-ReloadPlugins/DEBUG] [REI]  - (0.00) FabricFluidAPISupportPlugin
[11:58:44] [REI-ReloadPlugins/DEBUG] [REI]  - (0.00) create:rei_plugin of create:rei_plugin [create_aquatic_ambitions]
[11:58:44] [REI-ReloadPlugins/DEBUG] [REI]  - (0.00) create:rei_plugin of create:rei_plugin [create]
[11:58:44] [REI-ReloadPlugins/DEBUG] [REI]  - (0.00) HideIngredientsFromTagsPlugin of HideIngredientsFromTagsPlugin [roughlyenoughitems]
[11:58:44] [REI-ReloadPlugins/DEBUG] [REI]  - (0.00) DefaultClientRuntimePlugin of DefaultClientRuntimePlugin [roughlyenoughitems]
[11:58:44] [REI-ReloadPlugins/DEBUG] [REI]  - (0.00) DefaultRuntimePlugin of DefaultRuntimePlugin [roughlyenoughitems]
[11:58:44] [REI-ReloadPlugins/DEBUG] [REI] ========================================
[11:58:44] [REI-ReloadPlugins/TRACE] [REI] [REIPlugin END] Reloading Section: "pre-register/"
[11:58:44] [REI-ReloadPlugins/TRACE] [REI] [REIPlugin END] Reloading Section: "pre-register/DefaultClientPlugin of DefaultClientPlugin [roughlyenoughitems]/"
[11:58:44] [REI-ReloadPlugins/TRACE] [REI] [REIPlugin END] Reloading Section: "pre-register/DefaultClientPlugin of DefaultClientPlugin [roughlyenoughitems]/" done in 5.970 μs
[11:58:44] [REI-ReloadPlugins/TRACE] [REI] [REIPlugin END] Reloading Section: "pre-register/DefaultPlugin of DefaultPlugin [roughlyenoughitems]/"
[11:58:44] [REI-ReloadPlugins/TRACE] [REI] [REIPlugin END] Reloading Section: "pre-register/DefaultPlugin of DefaultPlugin [roughlyenoughitems]/" done in 4.540 μs
[11:58:44] [REI-ReloadPlugins/TRACE] [REI] [REIPlugin END] Reloading Section: "pre-register/FabricFluidAPISupportPlugin/"
[11:58:44] [REI-ReloadPlugins/TRACE] [REI] [REIPlugin END] Reloading Section: "pre-register/FabricFluidAPISupportPlugin/" done in 4.260 μs
[11:58:44] [REI-ReloadPlugins/TRACE] [REI] [REIPlugin END] Reloading Section: "pre-register/create:rei_plugin of create:rei_plugin [create_aquatic_ambitions]/"
[11:58:44] [REI-ReloadPlugins/TRACE] [REI] [REIPlugin END] Reloading Section: "pre-register/create:rei_plugin of create:rei_plugin [create_aquatic_ambitions]/" done in 4.220 μs
[11:58:44] [REI-ReloadPlugins/TRACE] [REI] [REIPlugin END] Reloading Section: "pre-register/create:rei_plugin of create:rei_plugin [create]/"
[11:58:44] [REI-ReloadPlugins/TRACE] [REI] [REIPlugin END] Reloading Section: "pre-register/create:rei_plugin of create:rei_plugin [create]/" done in 3.710 μs
[11:58:44] [REI-ReloadPlugins/TRACE] [REI] [REIPlugin END] Reloading Section: "pre-register/HideIngredientsFromTagsPlugin of HideIngredientsFromTagsPlugin [roughlyenoughitems]/"
[11:58:44] [REI-ReloadPlugins/TRACE] [REI] [REIPlugin END] Reloading Section: "pre-register/HideIngredientsFromTagsPlugin of HideIngredientsFromTagsPlugin [roughlyenoughitems]/" done in 4.410 μs
[11:58:44] [REI-ReloadPlugins/TRACE] [REI] [REIPlugin END] Reloading Section: "pre-register/DefaultClientRuntimePlugin of DefaultClientRuntimePlugin [roughlyenoughitems]/"
[11:58:44] [REI-ReloadPlugins/TRACE] [REI] [REIPlugin END] Reloading Section: "pre-register/DefaultClientRuntimePlugin of DefaultClientRuntimePlugin [roughlyenoughitems]/" done in 3.490 μs
[11:58:44] [REI-ReloadPlugins/TRACE] [REI] [REIPlugin END] Reloading Section: "pre-register/DefaultRuntimePlugin of DefaultRuntimePlugin [roughlyenoughitems]/"
[11:58:44] [REI-ReloadPlugins/TRACE] [REI] [REIPlugin END] Reloading Section: "pre-register/DefaultRuntimePlugin of DefaultRuntimePlugin [roughlyenoughitems]/" done in 3.850 μs
[11:58:44] [REI-ReloadPlugins/TRACE] [REI] [REIPlugin END] Reloading Section: "pre-register/" done in 324.2 μs
[11:58:44] [REI-ReloadPlugins/DEBUG] [REI] ========================================
[11:58:44] [REI-ReloadPlugins/DEBUG] [REI] REIPlugin finished pre-reload for END in 348.2 μs.
[11:58:44] [REI-ReloadPlugins/DEBUG] [REI] ========================================
[11:58:44] [REI-ReloadPlugins/DEBUG] [REI] ========================================
[11:58:44] [REI-ReloadPlugins/DEBUG] [REI] REIClientPlugin starting pre-reload for END.
[11:58:44] [REI-ReloadPlugins/DEBUG] [REI] Reloadables (18):
[11:58:44] [REI-ReloadPlugins/DEBUG] [REI]  - EntryRendererRegistryImpl
[11:58:44] [REI-ReloadPlugins/DEBUG] [REI]  - ViewsImpl
[11:58:44] [REI-ReloadPlugins/DEBUG] [REI]  - InputMethodRegistryImpl
[11:58:44] [REI-ReloadPlugins/DEBUG] [REI]  - SearchProviderImpl
[11:58:44] [REI-ReloadPlugins/DEBUG] [REI]  - ConfigManagerImpl
[11:58:44] [REI-ReloadPlugins/DEBUG] [REI]  - EntryRegistryImpl
[11:58:44] [REI-ReloadPlugins/DEBUG] [REI]  - CollapsibleEntryRegistryImpl
[11:58:44] [REI-ReloadPlugins/DEBUG] [REI]  - BasicFilteringRuleImpl
[11:58:44] [REI-ReloadPlugins/DEBUG] [REI]  - CategoryRegistryImpl
[11:58:44] [REI-ReloadPlugins/DEBUG] [REI]  - DisplayRegistryImpl
[11:58:44] [REI-ReloadPlugins/DEBUG] [REI]  - ScreenRegistryImpl
[11:58:44] [REI-ReloadPlugins/DEBUG] [REI]  - FavoriteEntryTypeRegistryImpl
[11:58:44] [REI-ReloadPlugins/DEBUG] [REI]  - SubsetsRegistryImpl
[11:58:44] [REI-ReloadPlugins/DEBUG] [REI]  - TransferHandlerRegistryImpl
[11:58:44] [REI-ReloadPlugins/DEBUG] [REI]  - SearchRuntime
[11:58:44] [REI-ReloadPlugins/DEBUG] [REI]  - REIRuntimeImpl
[11:58:44] [REI-ReloadPlugins/DEBUG] [REI]  - ConfigAddonRegistryImpl
[11:58:44] [REI-ReloadPlugins/DEBUG] [REI]  - me.shedaniel.rei.plugin.client.runtime.PluginStageExecutionWatcher$1
[11:58:44] [REI-ReloadPlugins/DEBUG] [REI] Plugins (5):
[11:58:44] [REI-ReloadPlugins/DEBUG] [REI]  - (-100.00) DefaultClientPlugin of DefaultClientPlugin [roughlyenoughitems]
[11:58:44] [REI-ReloadPlugins/DEBUG] [REI]  - (0.00) create:rei_plugin of create:rei_plugin [create_aquatic_ambitions]
[11:58:44] [REI-ReloadPlugins/DEBUG] [REI]  - (0.00) create:rei_plugin of create:rei_plugin [create]
[11:58:44] [REI-ReloadPlugins/DEBUG] [REI]  - (0.00) HideIngredientsFromTagsPlugin of HideIngredientsFromTagsPlugin [roughlyenoughitems]
[11:58:44] [REI-ReloadPlugins/DEBUG] [REI]  - (0.00) DefaultClientRuntimePlugin of DefaultClientRuntimePlugin [roughlyenoughitems]
[11:58:44] [REI-ReloadPlugins/DEBUG] [REI] ========================================
[11:58:44] [REI-ReloadPlugins/TRACE] [REI] [REIClientPlugin END] Reloading Section: "pre-register/"
[11:58:44] [REI-ReloadPlugins/TRACE] [REI] [REIClientPlugin END] Reloading Section: "pre-register/DefaultClientPlugin of DefaultClientPlugin [roughlyenoughitems]/"
[11:58:44] [REI-ReloadPlugins/TRACE] [REI] [REIClientPlugin END] Reloading Section: "pre-register/DefaultClientPlugin of DefaultClientPlugin [roughlyenoughitems]/" done in 5.110 μs
[11:58:44] [REI-ReloadPlugins/TRACE] [REI] [REIClientPlugin END] Reloading Section: "pre-register/create:rei_plugin of create:rei_plugin [create_aquatic_ambitions]/"
[11:58:44] [REI-ReloadPlugins/TRACE] [REI] [REIClientPlugin END] Reloading Section: "pre-register/create:rei_plugin of create:rei_plugin [create_aquatic_ambitions]/" done in 4.580 μs
[11:58:44] [REI-ReloadPlugins/TRACE] [REI] [REIClientPlugin END] Reloading Section: "pre-register/create:rei_plugin of create:rei_plugin [create]/"
[11:58:44] [REI-ReloadPlugins/TRACE] [REI] [REIClientPlugin END] Reloading Section: "pre-register/create:rei_plugin of create:rei_plugin [create]/" done in 4.610 μs
[11:58:44] [REI-ReloadPlugins/TRACE] [REI] [REIClientPlugin END] Reloading Section: "pre-register/HideIngredientsFromTagsPlugin of HideIngredientsFromTagsPlugin [roughlyenoughitems]/"
[11:58:44] [REI-ReloadPlugins/TRACE] [REI] [REIClientPlugin END] Reloading Section: "pre-register/HideIngredientsFromTagsPlugin of HideIngredientsFromTagsPlugin [roughlyenoughitems]/" done in 4.080 μs
[11:58:44] [REI-ReloadPlugins/TRACE] [REI] [REIClientPlugin END] Reloading Section: "pre-register/DefaultClientRuntimePlugin of DefaultClientRuntimePlugin [roughlyenoughitems]/"
[11:58:44] [REI-ReloadPlugins/TRACE] [REI] [REIClientPlugin END] Reloading Section: "pre-register/DefaultClientRuntimePlugin of DefaultClientRuntimePlugin [roughlyenoughitems]/" done in 4.750 μs
[11:58:44] [REI-ReloadPlugins/TRACE] [REI] [REIClientPlugin END] Reloading Section: "pre-register/" done in 254.2 μs
[11:58:44] [REI-ReloadPlugins/DEBUG] [REI] ========================================
[11:58:44] [REI-ReloadPlugins/DEBUG] [REI] REIClientPlugin finished pre-reload for END in 283.1 μs.
[11:58:44] [REI-ReloadPlugins/DEBUG] [REI] ========================================
[11:58:44] [REI-ReloadPlugins/DEBUG] [REI] ========================================
[11:58:44] [REI-ReloadPlugins/DEBUG] [REI] REIServerPlugin starting pre-reload for END.
[11:58:44] [REI-ReloadPlugins/DEBUG] [REI] Reloadables (2):
[11:58:44] [REI-ReloadPlugins/DEBUG] [REI]  - MenuInfoRegistryImpl
[11:58:44] [REI-ReloadPlugins/DEBUG] [REI]  - me.shedaniel.rei.plugin.client.runtime.PluginStageExecutionWatcher$1
[11:58:44] [REI-ReloadPlugins/DEBUG] [REI] Plugins (3):
[11:58:44] [REI-ReloadPlugins/DEBUG] [REI]  - (-100.00) DefaultPlugin of DefaultPlugin [roughlyenoughitems]
[11:58:44] [REI-ReloadPlugins/DEBUG] [REI]  - (0.00) FabricFluidAPISupportPlugin
[11:58:44] [REI-ReloadPlugins/DEBUG] [REI]  - (0.00) DefaultRuntimePlugin of DefaultRuntimePlugin [roughlyenoughitems]
[11:58:44] [REI-ReloadPlugins/DEBUG] [REI] ========================================
[11:58:44] [REI-ReloadPlugins/TRACE] [REI] [REIServerPlugin END] Reloading Section: "pre-register/"
[11:58:44] [REI-ReloadPlugins/TRACE] [REI] [REIServerPlugin END] Reloading Section: "pre-register/DefaultPlugin of DefaultPlugin [roughlyenoughitems]/"
[11:58:44] [REI-ReloadPlugins/TRACE] [REI] [REIServerPlugin END] Reloading Section: "pre-register/DefaultPlugin of DefaultPlugin [roughlyenoughitems]/" done in 4.960 μs
[11:58:44] [REI-ReloadPlugins/TRACE] [REI] [REIServerPlugin END] Reloading Section: "pre-register/FabricFluidAPISupportPlugin/"
[11:58:44] [REI-ReloadPlugins/TRACE] [REI] [REIServerPlugin END] Reloading Section: "pre-register/FabricFluidAPISupportPlugin/" done in 4.480 μs
[11:58:44] [REI-ReloadPlugins/TRACE] [REI] [REIServerPlugin END] Reloading Section: "pre-register/DefaultRuntimePlugin of DefaultRuntimePlugin [roughlyenoughitems]/"
[11:58:44] [REI-ReloadPlugins/TRACE] [REI] [REIServerPlugin END] Reloading Section: "pre-register/DefaultRuntimePlugin of DefaultRuntimePlugin [roughlyenoughitems]/" done in 3.990 μs
[11:58:44] [REI-ReloadPlugins/TRACE] [REI] [REIServerPlugin END] Reloading Section: "pre-register/" done in 126.5 μs
[11:58:44] [REI-ReloadPlugins/DEBUG] [REI] ========================================
[11:58:44] [REI-ReloadPlugins/DEBUG] [REI] REIServerPlugin finished pre-reload for END in 155.0 μs.
[11:58:44] [REI-ReloadPlugins/DEBUG] [REI] ========================================
[11:58:44] [REI-ReloadPlugins/INFO] [REI] %%%%%%%%%%%%%%%%%%%%%%%%%%%%%%%%%%%%%%%%
[11:58:44] [REI-ReloadPlugins/INFO] [REI] REIPlugin starting main-reload for END.
[11:58:44] [REI-ReloadPlugins/DEBUG] [REI] Reloadables (8):
[11:58:44] [REI-ReloadPlugins/DEBUG] [REI]  - EntryTypeRegistryImpl
[11:58:44] [REI-ReloadPlugins/DEBUG] [REI]  - EntrySettingsAdapterRegistryImpl
[11:58:44] [REI-ReloadPlugins/DEBUG] [REI]  - RecipeManagerContextImpl
[11:58:44] [REI-ReloadPlugins/DEBUG] [REI]  - ItemComparatorRegistryImpl
[11:58:44] [REI-ReloadPlugins/DEBUG] [REI]  - FluidComparatorRegistryImpl
[11:58:44] [REI-ReloadPlugins/DEBUG] [REI]  - DisplaySerializerRegistryImpl
[11:58:44] [REI-ReloadPlugins/DEBUG] [REI]  - FluidSupportProviderImpl
[11:58:44] [REI-ReloadPlugins/DEBUG] [REI]  - me.shedaniel.rei.plugin.client.runtime.PluginStageExecutionWatcher$1
[11:58:44] [REI-ReloadPlugins/INFO] [REI] Plugins (8):
[11:58:44] [REI-ReloadPlugins/INFO] [REI]  - (-100.00) DefaultClientPlugin of DefaultClientPlugin [roughlyenoughitems]
[11:58:44] [REI-ReloadPlugins/INFO] [REI]  - (-100.00) DefaultPlugin of DefaultPlugin [roughlyenoughitems]
[11:58:44] [REI-ReloadPlugins/INFO] [REI]  - (0.00) FabricFluidAPISupportPlugin
[11:58:44] [REI-ReloadPlugins/INFO] [REI]  - (0.00) create:rei_plugin of create:rei_plugin [create_aquatic_ambitions]
[11:58:44] [REI-ReloadPlugins/INFO] [REI]  - (0.00) create:rei_plugin of create:rei_plugin [create]
[11:58:44] [REI-ReloadPlugins/INFO] [REI]  - (0.00) HideIngredientsFromTagsPlugin of HideIngredientsFromTagsPlugin [roughlyenoughitems]
[11:58:44] [REI-ReloadPlugins/INFO] [REI]  - (0.00) DefaultClientRuntimePlugin of DefaultClientRuntimePlugin [roughlyenoughitems]
[11:58:44] [REI-ReloadPlugins/INFO] [REI]  - (0.00) DefaultRuntimePlugin of DefaultRuntimePlugin [roughlyenoughitems]
[11:58:44] [REI-ReloadPlugins/INFO] [REI] %%%%%%%%%%%%%%%%%%%%%%%%%%%%%%%%%%%%%%%%
[11:58:44] [REI-ReloadPlugins/TRACE] [REI] [REIPlugin END] Reloading Section: "start-reload/"
[11:58:44] [REI-ReloadPlugins/TRACE] [REI] [REIPlugin END] Reloading Section: "start-reload/EntryTypeRegistryImpl/"
[11:58:44] [REI-ReloadPlugins/TRACE] [REI] [REIPlugin END] Reloading Section: "start-reload/EntryTypeRegistryImpl/" done in 4.700 μs
[11:58:44] [REI-ReloadPlugins/TRACE] [REI] [REIPlugin END] Reloading Section: "start-reload/EntrySettingsAdapterRegistryImpl/"
[11:58:44] [REI-ReloadPlugins/TRACE] [REI] [REIPlugin END] Reloading Section: "start-reload/EntrySettingsAdapterRegistryImpl/" done in 7.890 μs
[11:58:44] [REI-ReloadPlugins/TRACE] [REI] [REIPlugin END] Reloading Section: "start-reload/RecipeManagerContextImpl/"
[11:58:44] [REI-ReloadPlugins/TRACE] [REI] [REIPlugin END] Reloading Section: "start-reload/RecipeManagerContextImpl/" done in 4.070 μs
[11:58:44] [REI-ReloadPlugins/TRACE] [REI] [REIPlugin END] Reloading Section: "start-reload/ItemComparatorRegistryImpl/"
[11:58:44] [REI-ReloadPlugins/TRACE] [REI] [REIPlugin END] Reloading Section: "start-reload/ItemComparatorRegistryImpl/" done in 2.670 μs
[11:58:44] [REI-ReloadPlugins/TRACE] [REI] [REIPlugin END] Reloading Section: "start-reload/FluidComparatorRegistryImpl/"
[11:58:44] [REI-ReloadPlugins/TRACE] [REI] [REIPlugin END] Reloading Section: "start-reload/FluidComparatorRegistryImpl/" done in 2.970 μs
[11:58:44] [REI-ReloadPlugins/TRACE] [REI] [REIPlugin END] Reloading Section: "start-reload/DisplaySerializerRegistryImpl/"
[11:58:44] [REI-ReloadPlugins/TRACE] [REI] [REIPlugin END] Reloading Section: "start-reload/DisplaySerializerRegistryImpl/" done in 17.25 μs
[11:58:44] [REI-ReloadPlugins/TRACE] [REI] [REIPlugin END] Reloading Section: "start-reload/FluidSupportProviderImpl/"
[11:58:44] [REI-ReloadPlugins/TRACE] [REI] [REIPlugin END] Reloading Section: "start-reload/FluidSupportProviderImpl/" done in 2.971 μs
[11:58:44] [REI-ReloadPlugins/TRACE] [REI] [REIPlugin END] Reloading Section: "start-reload/me.shedaniel.rei.plugin.client.runtime.PluginStageExecutionWatcher$1/"
[11:58:44] [REI-ReloadPlugins/TRACE] [REI] [REIPlugin END] Reloading Section: "start-reload/me.shedaniel.rei.plugin.client.runtime.PluginStageExecutionWatcher$1/" done in 7.040 μs
[11:58:44] [REI-ReloadPlugins/TRACE] [REI] [REIPlugin END] Reloading Section: "start-reload/" done in 337.4 μs
[11:58:44] [REI-ReloadPlugins/DEBUG] [REI] ========================================
[11:58:44] [REI-ReloadPlugins/DEBUG] [REI] REIPlugin started main-reload for END.
[11:58:44] [REI-ReloadPlugins/DEBUG] [REI] ========================================
[11:58:44] [REI-ReloadPlugins/TRACE] [REI] [REIPlugin END] Reloading Section: "reloadable-plugin/EntryTypeRegistryImpl/"
[11:58:44] [REI-ReloadPlugins/TRACE] [REI] [REIPlugin END] Reloading Section: "reloadable-plugin/EntryTypeRegistryImpl/DefaultClientPlugin of DefaultClientPlugin [roughlyenoughitems]/"
[11:58:44] [REI-ReloadPlugins/TRACE] [REI] [REIPlugin END] Reloading Section: "reloadable-plugin/EntryTypeRegistryImpl/DefaultClientPlugin of DefaultClientPlugin [roughlyenoughitems]/" done in 9.390 μs
[11:58:44] [REI-ReloadPlugins/TRACE] [REI] [REIPlugin END] Reloading Section: "reloadable-plugin/EntryTypeRegistryImpl/DefaultPlugin of DefaultPlugin [roughlyenoughitems]/"
[11:58:44] [REI-ReloadPlugins/TRACE] [REI] [REIPlugin END] Reloading Section: "reloadable-plugin/EntryTypeRegistryImpl/DefaultPlugin of DefaultPlugin [roughlyenoughitems]/" done in 5.780 μs
[11:58:44] [REI-ReloadPlugins/TRACE] [REI] [REIPlugin END] Reloading Section: "reloadable-plugin/EntryTypeRegistryImpl/FabricFluidAPISupportPlugin/"
[11:58:44] [REI-ReloadPlugins/TRACE] [REI] [REIPlugin END] Reloading Section: "reloadable-plugin/EntryTypeRegistryImpl/FabricFluidAPISupportPlugin/" done in 5.910 μs
[11:58:44] [REI-ReloadPlugins/TRACE] [REI] [REIPlugin END] Reloading Section: "reloadable-plugin/EntryTypeRegistryImpl/create:rei_plugin of create:rei_plugin [create_aquatic_ambitions]/"
[11:58:44] [REI-ReloadPlugins/TRACE] [REI] [REIPlugin END] Reloading Section: "reloadable-plugin/EntryTypeRegistryImpl/create:rei_plugin of create:rei_plugin [create_aquatic_ambitions]/" done in 5.320 μs
[11:58:44] [REI-ReloadPlugins/TRACE] [REI] [REIPlugin END] Reloading Section: "reloadable-plugin/EntryTypeRegistryImpl/create:rei_plugin of create:rei_plugin [create]/"
[11:58:44] [REI-ReloadPlugins/TRACE] [REI] [REIPlugin END] Reloading Section: "reloadable-plugin/EntryTypeRegistryImpl/create:rei_plugin of create:rei_plugin [create]/" done in 6.201 μs
[11:58:44] [REI-ReloadPlugins/TRACE] [REI] [REIPlugin END] Reloading Section: "reloadable-plugin/EntryTypeRegistryImpl/HideIngredientsFromTagsPlugin of HideIngredientsFromTagsPlugin [roughlyenoughitems]/"
[11:58:44] [REI-ReloadPlugins/TRACE] [REI] [REIPlugin END] Reloading Section: "reloadable-plugin/EntryTypeRegistryImpl/HideIngredientsFromTagsPlugin of HideIngredientsFromTagsPlugin [roughlyenoughitems]/" done in 5.580 μs
[11:58:44] [REI-ReloadPlugins/TRACE] [REI] [REIPlugin END] Reloading Section: "reloadable-plugin/EntryTypeRegistryImpl/DefaultClientRuntimePlugin of DefaultClientRuntimePlugin [roughlyenoughitems]/"
[11:58:44] [REI-ReloadPlugins/TRACE] [REI] [REIPlugin END] Reloading Section: "reloadable-plugin/EntryTypeRegistryImpl/DefaultClientRuntimePlugin of DefaultClientRuntimePlugin [roughlyenoughitems]/" done in 5.420 μs
[11:58:44] [REI-ReloadPlugins/TRACE] [REI] [REIPlugin END] Reloading Section: "reloadable-plugin/EntryTypeRegistryImpl/DefaultRuntimePlugin of DefaultRuntimePlugin [roughlyenoughitems]/"
[11:58:44] [REI-ReloadPlugins/TRACE] [REI] [REIPlugin END] Reloading Section: "reloadable-plugin/EntryTypeRegistryImpl/DefaultRuntimePlugin of DefaultRuntimePlugin [roughlyenoughitems]/" done in 5.500 μs
[11:58:44] [REI-ReloadPlugins/TRACE] [REI] [REIPlugin END] Reloading Section: "reloadable-plugin/EntryTypeRegistryImpl/" done in 355.5 μs
[11:58:44] [REI-ReloadPlugins/TRACE] [REI] [REIPlugin END] Reloading Section: "reloadable-plugin/EntrySettingsAdapterRegistryImpl/"
[11:58:44] [REI-ReloadPlugins/TRACE] [REI] [REIPlugin END] Reloading Section: "reloadable-plugin/EntrySettingsAdapterRegistryImpl/DefaultClientPlugin of DefaultClientPlugin [roughlyenoughitems]/"
[11:58:44] [REI-ReloadPlugins/TRACE] [REI] [REIPlugin END] Reloading Section: "reloadable-plugin/EntrySettingsAdapterRegistryImpl/DefaultClientPlugin of DefaultClientPlugin [roughlyenoughitems]/" done in 15.10 μs
[11:58:44] [REI-ReloadPlugins/TRACE] [REI] [REIPlugin END] Reloading Section: "reloadable-plugin/EntrySettingsAdapterRegistryImpl/DefaultPlugin of DefaultPlugin [roughlyenoughitems]/"
[11:58:44] [REI-ReloadPlugins/TRACE] [REI] [REIPlugin END] Reloading Section: "reloadable-plugin/EntrySettingsAdapterRegistryImpl/DefaultPlugin of DefaultPlugin [roughlyenoughitems]/" done in 7.460 μs
[11:58:44] [REI-ReloadPlugins/TRACE] [REI] [REIPlugin END] Reloading Section: "reloadable-plugin/EntrySettingsAdapterRegistryImpl/FabricFluidAPISupportPlugin/"
[11:58:44] [REI-ReloadPlugins/TRACE] [REI] [REIPlugin END] Reloading Section: "reloadable-plugin/EntrySettingsAdapterRegistryImpl/FabricFluidAPISupportPlugin/" done in 6.460 μs
[11:58:44] [REI-ReloadPlugins/TRACE] [REI] [REIPlugin END] Reloading Section: "reloadable-plugin/EntrySettingsAdapterRegistryImpl/create:rei_plugin of create:rei_plugin [create_aquatic_ambitions]/"
[11:58:44] [REI-ReloadPlugins/TRACE] [REI] [REIPlugin END] Reloading Section: "reloadable-plugin/EntrySettingsAdapterRegistryImpl/create:rei_plugin of create:rei_plugin [create_aquatic_ambitions]/" done in 6.310 μs
[11:58:44] [REI-ReloadPlugins/TRACE] [REI] [REIPlugin END] Reloading Section: "reloadable-plugin/EntrySettingsAdapterRegistryImpl/create:rei_plugin of create:rei_plugin [create]/"
[11:58:44] [REI-ReloadPlugins/TRACE] [REI] [REIPlugin END] Reloading Section: "reloadable-plugin/EntrySettingsAdapterRegistryImpl/create:rei_plugin of create:rei_plugin [create]/" done in 6.241 μs
[11:58:44] [REI-ReloadPlugins/TRACE] [REI] [REIPlugin END] Reloading Section: "reloadable-plugin/EntrySettingsAdapterRegistryImpl/HideIngredientsFromTagsPlugin of HideIngredientsFromTagsPlugin [roughlyenoughitems]/"
[11:58:44] [REI-ReloadPlugins/TRACE] [REI] [REIPlugin END] Reloading Section: "reloadable-plugin/EntrySettingsAdapterRegistryImpl/HideIngredientsFromTagsPlugin of HideIngredientsFromTagsPlugin [roughlyenoughitems]/" done in 4.190 μs
[11:58:44] [REI-ReloadPlugins/TRACE] [REI] [REIPlugin END] Reloading Section: "reloadable-plugin/EntrySettingsAdapterRegistryImpl/DefaultClientRuntimePlugin of DefaultClientRuntimePlugin [roughlyenoughitems]/"
[11:58:44] [REI-ReloadPlugins/TRACE] [REI] [REIPlugin END] Reloading Section: "reloadable-plugin/EntrySettingsAdapterRegistryImpl/DefaultClientRuntimePlugin of DefaultClientRuntimePlugin [roughlyenoughitems]/" done in 4.780 μs
[11:58:44] [REI-ReloadPlugins/TRACE] [REI] [REIPlugin END] Reloading Section: "reloadable-plugin/EntrySettingsAdapterRegistryImpl/DefaultRuntimePlugin of DefaultRuntimePlugin [roughlyenoughitems]/"
[11:58:44] [REI-ReloadPlugins/TRACE] [REI] [REIPlugin END] Reloading Section: "reloadable-plugin/EntrySettingsAdapterRegistryImpl/DefaultRuntimePlugin of DefaultRuntimePlugin [roughlyenoughitems]/" done in 4.520 μs
[11:58:44] [REI-ReloadPlugins/TRACE] [REI] [REIPlugin END] Reloading Section: "reloadable-plugin/EntrySettingsAdapterRegistryImpl/" done in 536.9 μs
[11:58:44] [REI-ReloadPlugins/TRACE] [REI] [REIPlugin END] Reloading Section: "reloadable-plugin/RecipeManagerContextImpl/"
[11:58:44] [REI-ReloadPlugins/TRACE] [REI] [REIPlugin END] Reloading Section: "reloadable-plugin/RecipeManagerContextImpl/DefaultClientPlugin of DefaultClientPlugin [roughlyenoughitems]/"
[11:58:44] [REI-ReloadPlugins/TRACE] [REI] [REIPlugin END] Reloading Section: "reloadable-plugin/RecipeManagerContextImpl/DefaultClientPlugin of DefaultClientPlugin [roughlyenoughitems]/" done in 15.09 μs
[11:58:44] [REI-ReloadPlugins/TRACE] [REI] [REIPlugin END] Reloading Section: "reloadable-plugin/RecipeManagerContextImpl/DefaultPlugin of DefaultPlugin [roughlyenoughitems]/"
[11:58:44] [REI-ReloadPlugins/TRACE] [REI] [REIPlugin END] Reloading Section: "reloadable-plugin/RecipeManagerContextImpl/DefaultPlugin of DefaultPlugin [roughlyenoughitems]/" done in 5.160 μs
[11:58:44] [REI-ReloadPlugins/TRACE] [REI] [REIPlugin END] Reloading Section: "reloadable-plugin/RecipeManagerContextImpl/FabricFluidAPISupportPlugin/"
[11:58:44] [REI-ReloadPlugins/TRACE] [REI] [REIPlugin END] Reloading Section: "reloadable-plugin/RecipeManagerContextImpl/FabricFluidAPISupportPlugin/" done in 5.230 μs
[11:58:44] [REI-ReloadPlugins/TRACE] [REI] [REIPlugin END] Reloading Section: "reloadable-plugin/RecipeManagerContextImpl/create:rei_plugin of create:rei_plugin [create_aquatic_ambitions]/"
[11:58:44] [REI-ReloadPlugins/TRACE] [REI] [REIPlugin END] Reloading Section: "reloadable-plugin/RecipeManagerContextImpl/create:rei_plugin of create:rei_plugin [create_aquatic_ambitions]/" done in 5.370 μs
[11:58:44] [REI-ReloadPlugins/TRACE] [REI] [REIPlugin END] Reloading Section: "reloadable-plugin/RecipeManagerContextImpl/create:rei_plugin of create:rei_plugin [create]/"
[11:58:44] [REI-ReloadPlugins/TRACE] [REI] [REIPlugin END] Reloading Section: "reloadable-plugin/RecipeManagerContextImpl/create:rei_plugin of create:rei_plugin [create]/" done in 4.830 μs
[11:58:44] [REI-ReloadPlugins/TRACE] [REI] [REIPlugin END] Reloading Section: "reloadable-plugin/RecipeManagerContextImpl/HideIngredientsFromTagsPlugin of HideIngredientsFromTagsPlugin [roughlyenoughitems]/"
[11:58:44] [REI-ReloadPlugins/TRACE] [REI] [REIPlugin END] Reloading Section: "reloadable-plugin/RecipeManagerContextImpl/HideIngredientsFromTagsPlugin of HideIngredientsFromTagsPlugin [roughlyenoughitems]/" done in 4.890 μs
[11:58:44] [REI-ReloadPlugins/TRACE] [REI] [REIPlugin END] Reloading Section: "reloadable-plugin/RecipeManagerContextImpl/DefaultClientRuntimePlugin of DefaultClientRuntimePlugin [roughlyenoughitems]/"
[11:58:44] [REI-ReloadPlugins/TRACE] [REI] [REIPlugin END] Reloading Section: "reloadable-plugin/RecipeManagerContextImpl/DefaultClientRuntimePlugin of DefaultClientRuntimePlugin [roughlyenoughitems]/" done in 4.650 μs
[11:58:44] [REI-ReloadPlugins/TRACE] [REI] [REIPlugin END] Reloading Section: "reloadable-plugin/RecipeManagerContextImpl/DefaultRuntimePlugin of DefaultRuntimePlugin [roughlyenoughitems]/"
[11:58:44] [REI-ReloadPlugins/TRACE] [REI] [REIPlugin END] Reloading Section: "reloadable-plugin/RecipeManagerContextImpl/DefaultRuntimePlugin of DefaultRuntimePlugin [roughlyenoughitems]/" done in 5.270 μs
[11:58:44] [REI-ReloadPlugins/TRACE] [REI] [REIPlugin END] Reloading Section: "reloadable-plugin/RecipeManagerContextImpl/" done in 330.9 μs
[11:58:44] [REI-ReloadPlugins/TRACE] [REI] [REIPlugin END] Reloading Section: "reloadable-plugin/ItemComparatorRegistryImpl/"
[11:58:44] [REI-ReloadPlugins/TRACE] [REI] [REIPlugin END] Reloading Section: "reloadable-plugin/ItemComparatorRegistryImpl/DefaultClientPlugin of DefaultClientPlugin [roughlyenoughitems]/"
[11:58:44] [REI-ReloadPlugins/TRACE] [REI] [REIPlugin END] Reloading Section: "reloadable-plugin/ItemComparatorRegistryImpl/DefaultClientPlugin of DefaultClientPlugin [roughlyenoughitems]/" done in 4.920 μs
[11:58:44] [REI-ReloadPlugins/TRACE] [REI] [REIPlugin END] Reloading Section: "reloadable-plugin/ItemComparatorRegistryImpl/DefaultPlugin of DefaultPlugin [roughlyenoughitems]/"
[11:58:44] [REI-ReloadPlugins/TRACE] [REI] [REIPlugin END] Reloading Section: "reloadable-plugin/ItemComparatorRegistryImpl/DefaultPlugin of DefaultPlugin [roughlyenoughitems]/" done in 5.000 μs
[11:58:44] [REI-ReloadPlugins/TRACE] [REI] [REIPlugin END] Reloading Section: "reloadable-plugin/ItemComparatorRegistryImpl/FabricFluidAPISupportPlugin/"
[11:58:44] [REI-ReloadPlugins/TRACE] [REI] [REIPlugin END] Reloading Section: "reloadable-plugin/ItemComparatorRegistryImpl/FabricFluidAPISupportPlugin/" done in 5.330 μs
[11:58:44] [REI-ReloadPlugins/TRACE] [REI] [REIPlugin END] Reloading Section: "reloadable-plugin/ItemComparatorRegistryImpl/create:rei_plugin of create:rei_plugin [create_aquatic_ambitions]/"
[11:58:44] [REI-ReloadPlugins/TRACE] [REI] [REIPlugin END] Reloading Section: "reloadable-plugin/ItemComparatorRegistryImpl/create:rei_plugin of create:rei_plugin [create_aquatic_ambitions]/" done in 4.520 μs
[11:58:44] [REI-ReloadPlugins/TRACE] [REI] [REIPlugin END] Reloading Section: "reloadable-plugin/ItemComparatorRegistryImpl/create:rei_plugin of create:rei_plugin [create]/"
[11:58:44] [REI-ReloadPlugins/TRACE] [REI] [REIPlugin END] Reloading Section: "reloadable-plugin/ItemComparatorRegistryImpl/create:rei_plugin of create:rei_plugin [create]/" done in 4.401 μs
[11:58:44] [REI-ReloadPlugins/TRACE] [REI] [REIPlugin END] Reloading Section: "reloadable-plugin/ItemComparatorRegistryImpl/HideIngredientsFromTagsPlugin of HideIngredientsFromTagsPlugin [roughlyenoughitems]/"
[11:58:44] [REI-ReloadPlugins/TRACE] [REI] [REIPlugin END] Reloading Section: "reloadable-plugin/ItemComparatorRegistryImpl/HideIngredientsFromTagsPlugin of HideIngredientsFromTagsPlugin [roughlyenoughitems]/" done in 4.890 μs
[11:58:44] [REI-ReloadPlugins/TRACE] [REI] [REIPlugin END] Reloading Section: "reloadable-plugin/ItemComparatorRegistryImpl/DefaultClientRuntimePlugin of DefaultClientRuntimePlugin [roughlyenoughitems]/"
[11:58:44] [REI-ReloadPlugins/TRACE] [REI] [REIPlugin END] Reloading Section: "reloadable-plugin/ItemComparatorRegistryImpl/DefaultClientRuntimePlugin of DefaultClientRuntimePlugin [roughlyenoughitems]/" done in 4.471 μs
[11:58:44] [REI-ReloadPlugins/TRACE] [REI] [REIPlugin END] Reloading Section: "reloadable-plugin/ItemComparatorRegistryImpl/DefaultRuntimePlugin of DefaultRuntimePlugin [roughlyenoughitems]/"
[11:58:44] [REI-ReloadPlugins/TRACE] [REI] [REIPlugin END] Reloading Section: "reloadable-plugin/ItemComparatorRegistryImpl/DefaultRuntimePlugin of DefaultRuntimePlugin [roughlyenoughitems]/" done in 4.140 μs
[11:58:44] [REI-ReloadPlugins/TRACE] [REI] [REIPlugin END] Reloading Section: "reloadable-plugin/ItemComparatorRegistryImpl/" done in 293.8 μs
[11:58:44] [REI-ReloadPlugins/TRACE] [REI] [REIPlugin END] Reloading Section: "reloadable-plugin/FluidComparatorRegistryImpl/"
[11:58:44] [REI-ReloadPlugins/TRACE] [REI] [REIPlugin END] Reloading Section: "reloadable-plugin/FluidComparatorRegistryImpl/DefaultClientPlugin of DefaultClientPlugin [roughlyenoughitems]/"
[11:58:44] [REI-ReloadPlugins/TRACE] [REI] [REIPlugin END] Reloading Section: "reloadable-plugin/FluidComparatorRegistryImpl/DefaultClientPlugin of DefaultClientPlugin [roughlyenoughitems]/" done in 4.320 μs
[11:58:44] [REI-ReloadPlugins/TRACE] [REI] [REIPlugin END] Reloading Section: "reloadable-plugin/FluidComparatorRegistryImpl/DefaultPlugin of DefaultPlugin [roughlyenoughitems]/"
[11:58:44] [REI-ReloadPlugins/TRACE] [REI] [REIPlugin END] Reloading Section: "reloadable-plugin/FluidComparatorRegistryImpl/DefaultPlugin of DefaultPlugin [roughlyenoughitems]/" done in 4.710 μs
[11:58:44] [REI-ReloadPlugins/TRACE] [REI] [REIPlugin END] Reloading Section: "reloadable-plugin/FluidComparatorRegistryImpl/FabricFluidAPISupportPlugin/"
[11:58:44] [REI-ReloadPlugins/TRACE] [REI] [REIPlugin END] Reloading Section: "reloadable-plugin/FluidComparatorRegistryImpl/FabricFluidAPISupportPlugin/" done in 4.820 μs
[11:58:44] [REI-ReloadPlugins/TRACE] [REI] [REIPlugin END] Reloading Section: "reloadable-plugin/FluidComparatorRegistryImpl/create:rei_plugin of create:rei_plugin [create_aquatic_ambitions]/"
[11:58:44] [REI-ReloadPlugins/TRACE] [REI] [REIPlugin END] Reloading Section: "reloadable-plugin/FluidComparatorRegistryImpl/create:rei_plugin of create:rei_plugin [create_aquatic_ambitions]/" done in 4.180 μs
[11:58:44] [REI-ReloadPlugins/TRACE] [REI] [REIPlugin END] Reloading Section: "reloadable-plugin/FluidComparatorRegistryImpl/create:rei_plugin of create:rei_plugin [create]/"
[11:58:44] [REI-ReloadPlugins/TRACE] [REI] [REIPlugin END] Reloading Section: "reloadable-plugin/FluidComparatorRegistryImpl/create:rei_plugin of create:rei_plugin [create]/" done in 3.910 μs
[11:58:44] [REI-ReloadPlugins/TRACE] [REI] [REIPlugin END] Reloading Section: "reloadable-plugin/FluidComparatorRegistryImpl/HideIngredientsFromTagsPlugin of HideIngredientsFromTagsPlugin [roughlyenoughitems]/"
[11:58:44] [REI-ReloadPlugins/TRACE] [REI] [REIPlugin END] Reloading Section: "reloadable-plugin/FluidComparatorRegistryImpl/HideIngredientsFromTagsPlugin of HideIngredientsFromTagsPlugin [roughlyenoughitems]/" done in 4.020 μs
[11:58:44] [REI-ReloadPlugins/TRACE] [REI] [REIPlugin END] Reloading Section: "reloadable-plugin/FluidComparatorRegistryImpl/DefaultClientRuntimePlugin of DefaultClientRuntimePlugin [roughlyenoughitems]/"
[11:58:44] [REI-ReloadPlugins/TRACE] [REI] [REIPlugin END] Reloading Section: "reloadable-plugin/FluidComparatorRegistryImpl/DefaultClientRuntimePlugin of DefaultClientRuntimePlugin [roughlyenoughitems]/" done in 4.120 μs
[11:58:44] [REI-ReloadPlugins/TRACE] [REI] [REIPlugin END] Reloading Section: "reloadable-plugin/FluidComparatorRegistryImpl/DefaultRuntimePlugin of DefaultRuntimePlugin [roughlyenoughitems]/"
[11:58:44] [REI-ReloadPlugins/TRACE] [REI] [REIPlugin END] Reloading Section: "reloadable-plugin/FluidComparatorRegistryImpl/DefaultRuntimePlugin of DefaultRuntimePlugin [roughlyenoughitems]/" done in 4.010 μs
[11:58:44] [REI-ReloadPlugins/TRACE] [REI] [REIPlugin END] Reloading Section: "reloadable-plugin/FluidComparatorRegistryImpl/" done in 279.1 μs
[11:58:44] [REI-ReloadPlugins/TRACE] [REI] [REIPlugin END] Reloading Section: "reloadable-plugin/DisplaySerializerRegistryImpl/"
[11:58:44] [REI-ReloadPlugins/TRACE] [REI] [REIPlugin END] Reloading Section: "reloadable-plugin/DisplaySerializerRegistryImpl/DefaultClientPlugin of DefaultClientPlugin [roughlyenoughitems]/"
[11:58:44] [REI-ReloadPlugins/TRACE] [REI] [REIPlugin END] Reloading Section: "reloadable-plugin/DisplaySerializerRegistryImpl/DefaultClientPlugin of DefaultClientPlugin [roughlyenoughitems]/" done in 12.77 μs
[11:58:44] [REI-ReloadPlugins/TRACE] [REI] [REIPlugin END] Reloading Section: "reloadable-plugin/DisplaySerializerRegistryImpl/DefaultPlugin of DefaultPlugin [roughlyenoughitems]/"
[11:58:44] [REI-ReloadPlugins/TRACE] [REI] [REIPlugin END] Reloading Section: "reloadable-plugin/DisplaySerializerRegistryImpl/DefaultPlugin of DefaultPlugin [roughlyenoughitems]/" done in 9.077 ms
[11:58:44] [REI-ReloadPlugins/TRACE] [REI] [REIPlugin END] Reloading Section: "reloadable-plugin/DisplaySerializerRegistryImpl/FabricFluidAPISupportPlugin/"
[11:58:44] [REI-ReloadPlugins/TRACE] [REI] [REIPlugin END] Reloading Section: "reloadable-plugin/DisplaySerializerRegistryImpl/FabricFluidAPISupportPlugin/" done in 15.80 μs
[11:58:44] [REI-ReloadPlugins/TRACE] [REI] [REIPlugin END] Reloading Section: "reloadable-plugin/DisplaySerializerRegistryImpl/create:rei_plugin of create:rei_plugin [create_aquatic_ambitions]/"
[11:58:44] [REI-ReloadPlugins/TRACE] [REI] [REIPlugin END] Reloading Section: "reloadable-plugin/DisplaySerializerRegistryImpl/create:rei_plugin of create:rei_plugin [create_aquatic_ambitions]/" done in 4.160 μs
[11:58:44] [REI-ReloadPlugins/TRACE] [REI] [REIPlugin END] Reloading Section: "reloadable-plugin/DisplaySerializerRegistryImpl/create:rei_plugin of create:rei_plugin [create]/"
[11:58:44] [REI-ReloadPlugins/TRACE] [REI] [REIPlugin END] Reloading Section: "reloadable-plugin/DisplaySerializerRegistryImpl/create:rei_plugin of create:rei_plugin [create]/" done in 3.410 μs
[11:58:44] [REI-ReloadPlugins/TRACE] [REI] [REIPlugin END] Reloading Section: "reloadable-plugin/DisplaySerializerRegistryImpl/HideIngredientsFromTagsPlugin of HideIngredientsFromTagsPlugin [roughlyenoughitems]/"
[11:58:44] [REI-ReloadPlugins/TRACE] [REI] [REIPlugin END] Reloading Section: "reloadable-plugin/DisplaySerializerRegistryImpl/HideIngredientsFromTagsPlugin of HideIngredientsFromTagsPlugin [roughlyenoughitems]/" done in 4.170 μs
[11:58:44] [REI-ReloadPlugins/TRACE] [REI] [REIPlugin END] Reloading Section: "reloadable-plugin/DisplaySerializerRegistryImpl/DefaultClientRuntimePlugin of DefaultClientRuntimePlugin [roughlyenoughitems]/"
[11:58:44] [REI-ReloadPlugins/TRACE] [REI] [REIPlugin END] Reloading Section: "reloadable-plugin/DisplaySerializerRegistryImpl/DefaultClientRuntimePlugin of DefaultClientRuntimePlugin [roughlyenoughitems]/" done in 3.850 μs
[11:58:44] [REI-ReloadPlugins/TRACE] [REI] [REIPlugin END] Reloading Section: "reloadable-plugin/DisplaySerializerRegistryImpl/DefaultRuntimePlugin of DefaultRuntimePlugin [roughlyenoughitems]/"
[11:58:44] [REI-ReloadPlugins/TRACE] [REI] [REIPlugin END] Reloading Section: "reloadable-plugin/DisplaySerializerRegistryImpl/DefaultRuntimePlugin of DefaultRuntimePlugin [roughlyenoughitems]/" done in 34.09 μs
[11:58:44] [REI-ReloadPlugins/TRACE] [REI] [REIPlugin END] Reloading Section: "reloadable-plugin/DisplaySerializerRegistryImpl/" done in 9.674 ms
[11:58:44] [REI-ReloadPlugins/TRACE] [REI] [REIPlugin END] Reloading Section: "reloadable-plugin/FluidSupportProviderImpl/"
[11:58:44] [REI-ReloadPlugins/TRACE] [REI] [REIPlugin END] Reloading Section: "reloadable-plugin/FluidSupportProviderImpl/DefaultClientPlugin of DefaultClientPlugin [roughlyenoughitems]/"
[11:58:44] [REI-ReloadPlugins/TRACE] [REI] [REIPlugin END] Reloading Section: "reloadable-plugin/FluidSupportProviderImpl/DefaultClientPlugin of DefaultClientPlugin [roughlyenoughitems]/" done in 6.340 μs
[11:58:44] [REI-ReloadPlugins/TRACE] [REI] [REIPlugin END] Reloading Section: "reloadable-plugin/FluidSupportProviderImpl/DefaultPlugin of DefaultPlugin [roughlyenoughitems]/"
[11:58:44] [REI-ReloadPlugins/TRACE] [REI] [REIPlugin END] Reloading Section: "reloadable-plugin/FluidSupportProviderImpl/DefaultPlugin of DefaultPlugin [roughlyenoughitems]/" done in 6.050 μs
[11:58:44] [REI-ReloadPlugins/TRACE] [REI] [REIPlugin END] Reloading Section: "reloadable-plugin/FluidSupportProviderImpl/FabricFluidAPISupportPlugin/"
[11:58:44] [REI-ReloadPlugins/TRACE] [REI] [REIPlugin END] Reloading Section: "reloadable-plugin/FluidSupportProviderImpl/FabricFluidAPISupportPlugin/" done in 4.970 μs
[11:58:44] [REI-ReloadPlugins/TRACE] [REI] [REIPlugin END] Reloading Section: "reloadable-plugin/FluidSupportProviderImpl/create:rei_plugin of create:rei_plugin [create_aquatic_ambitions]/"
[11:58:44] [REI-ReloadPlugins/TRACE] [REI] [REIPlugin END] Reloading Section: "reloadable-plugin/FluidSupportProviderImpl/create:rei_plugin of create:rei_plugin [create_aquatic_ambitions]/" done in 3.320 μs
[11:58:44] [REI-ReloadPlugins/TRACE] [REI] [REIPlugin END] Reloading Section: "reloadable-plugin/FluidSupportProviderImpl/create:rei_plugin of create:rei_plugin [create]/"
[11:58:44] [REI-ReloadPlugins/TRACE] [REI] [REIPlugin END] Reloading Section: "reloadable-plugin/FluidSupportProviderImpl/create:rei_plugin of create:rei_plugin [create]/" done in 3.610 μs
[11:58:44] [REI-ReloadPlugins/TRACE] [REI] [REIPlugin END] Reloading Section: "reloadable-plugin/FluidSupportProviderImpl/HideIngredientsFromTagsPlugin of HideIngredientsFromTagsPlugin [roughlyenoughitems]/"
[11:58:44] [REI-ReloadPlugins/TRACE] [REI] [REIPlugin END] Reloading Section: "reloadable-plugin/FluidSupportProviderImpl/HideIngredientsFromTagsPlugin of HideIngredientsFromTagsPlugin [roughlyenoughitems]/" done in 4.790 μs
[11:58:44] [REI-ReloadPlugins/TRACE] [REI] [REIPlugin END] Reloading Section: "reloadable-plugin/FluidSupportProviderImpl/DefaultClientRuntimePlugin of DefaultClientRuntimePlugin [roughlyenoughitems]/"
[11:58:44] [REI-ReloadPlugins/TRACE] [REI] [REIPlugin END] Reloading Section: "reloadable-plugin/FluidSupportProviderImpl/DefaultClientRuntimePlugin of DefaultClientRuntimePlugin [roughlyenoughitems]/" done in 14.06 μs
[11:58:44] [REI-ReloadPlugins/TRACE] [REI] [REIPlugin END] Reloading Section: "reloadable-plugin/FluidSupportProviderImpl/DefaultRuntimePlugin of DefaultRuntimePlugin [roughlyenoughitems]/"
[11:58:44] [REI-ReloadPlugins/TRACE] [REI] [REIPlugin END] Reloading Section: "reloadable-plugin/FluidSupportProviderImpl/DefaultRuntimePlugin of DefaultRuntimePlugin [roughlyenoughitems]/" done in 7.210 μs
[11:58:44] [REI-ReloadPlugins/TRACE] [REI] [REIPlugin END] Reloading Section: "reloadable-plugin/FluidSupportProviderImpl/" done in 336.2 μs
[11:58:44] [REI-ReloadPlugins/TRACE] [REI] [REIPlugin END] Reloading Section: "reloadable-plugin/me.shedaniel.rei.plugin.client.runtime.PluginStageExecutionWatcher$1/"
[11:58:44] [REI-ReloadPlugins/TRACE] [REI] [REIPlugin END] Reloading Section: "reloadable-plugin/me.shedaniel.rei.plugin.client.runtime.PluginStageExecutionWatcher$1/DefaultClientPlugin of DefaultClientPlugin [roughlyenoughitems]/"
[11:58:44] [REI-ReloadPlugins/TRACE] [REI] [REIPlugin END] Reloading Section: "reloadable-plugin/me.shedaniel.rei.plugin.client.runtime.PluginStageExecutionWatcher$1/DefaultClientPlugin of DefaultClientPlugin [roughlyenoughitems]/" done in 11.79 μs
[11:58:44] [REI-ReloadPlugins/TRACE] [REI] [REIPlugin END] Reloading Section: "reloadable-plugin/me.shedaniel.rei.plugin.client.runtime.PluginStageExecutionWatcher$1/DefaultPlugin of DefaultPlugin [roughlyenoughitems]/"
[11:58:44] [REI-ReloadPlugins/TRACE] [REI] [REIPlugin END] Reloading Section: "reloadable-plugin/me.shedaniel.rei.plugin.client.runtime.PluginStageExecutionWatcher$1/DefaultPlugin of DefaultPlugin [roughlyenoughitems]/" done in 5.960 μs
[11:58:44] [REI-ReloadPlugins/TRACE] [REI] [REIPlugin END] Reloading Section: "reloadable-plugin/me.shedaniel.rei.plugin.client.runtime.PluginStageExecutionWatcher$1/FabricFluidAPISupportPlugin/"
[11:58:44] [REI-ReloadPlugins/TRACE] [REI] [REIPlugin END] Reloading Section: "reloadable-plugin/me.shedaniel.rei.plugin.client.runtime.PluginStageExecutionWatcher$1/FabricFluidAPISupportPlugin/" done in 5.300 μs
[11:58:44] [REI-ReloadPlugins/TRACE] [REI] [REIPlugin END] Reloading Section: "reloadable-plugin/me.shedaniel.rei.plugin.client.runtime.PluginStageExecutionWatcher$1/create:rei_plugin of create:rei_plugin [create_aquatic_ambitions]/"
[11:58:44] [REI-ReloadPlugins/TRACE] [REI] [REIPlugin END] Reloading Section: "reloadable-plugin/me.shedaniel.rei.plugin.client.runtime.PluginStageExecutionWatcher$1/create:rei_plugin of create:rei_plugin [create_aquatic_ambitions]/" done in 3.770 μs
[11:58:44] [REI-ReloadPlugins/TRACE] [REI] [REIPlugin END] Reloading Section: "reloadable-plugin/me.shedaniel.rei.plugin.client.runtime.PluginStageExecutionWatcher$1/create:rei_plugin of create:rei_plugin [create]/"
[11:58:44] [REI-ReloadPlugins/TRACE] [REI] [REIPlugin END] Reloading Section: "reloadable-plugin/me.shedaniel.rei.plugin.client.runtime.PluginStageExecutionWatcher$1/create:rei_plugin of create:rei_plugin [create]/" done in 3.610 μs
[11:58:44] [REI-ReloadPlugins/TRACE] [REI] [REIPlugin END] Reloading Section: "reloadable-plugin/me.shedaniel.rei.plugin.client.runtime.PluginStageExecutionWatcher$1/HideIngredientsFromTagsPlugin of HideIngredientsFromTagsPlugin [roughlyenoughitems]/"
[11:58:44] [REI-ReloadPlugins/TRACE] [REI] [REIPlugin END] Reloading Section: "reloadable-plugin/me.shedaniel.rei.plugin.client.runtime.PluginStageExecutionWatcher$1/HideIngredientsFromTagsPlugin of HideIngredientsFromTagsPlugin [roughlyenoughitems]/" done in 13.61 μs
[11:58:44] [REI-ReloadPlugins/TRACE] [REI] [REIPlugin END] Reloading Section: "reloadable-plugin/me.shedaniel.rei.plugin.client.runtime.PluginStageExecutionWatcher$1/DefaultClientRuntimePlugin of DefaultClientRuntimePlugin [roughlyenoughitems]/"
[11:58:44] [REI-ReloadPlugins/TRACE] [REI] [REIPlugin END] Reloading Section: "reloadable-plugin/me.shedaniel.rei.plugin.client.runtime.PluginStageExecutionWatcher$1/DefaultClientRuntimePlugin of DefaultClientRuntimePlugin [roughlyenoughitems]/" done in 4.910 μs
[11:58:44] [REI-ReloadPlugins/TRACE] [REI] [REIPlugin END] Reloading Section: "reloadable-plugin/me.shedaniel.rei.plugin.client.runtime.PluginStageExecutionWatcher$1/DefaultRuntimePlugin of DefaultRuntimePlugin [roughlyenoughitems]/"
[11:58:44] [REI-ReloadPlugins/TRACE] [REI] [REIPlugin END] Reloading Section: "reloadable-plugin/me.shedaniel.rei.plugin.client.runtime.PluginStageExecutionWatcher$1/DefaultRuntimePlugin of DefaultRuntimePlugin [roughlyenoughitems]/" done in 21.22 μs
[11:58:44] [REI-ReloadPlugins/TRACE] [REI] [REIPlugin END] Reloading Section: "reloadable-plugin/me.shedaniel.rei.plugin.client.runtime.PluginStageExecutionWatcher$1/" done in 311.3 μs
[11:58:44] [REI-ReloadPlugins/DEBUG] [REI] ========================================
[11:58:44] [REI-ReloadPlugins/DEBUG] [REI] REIPlugin ending main-reload for END.
[11:58:44] [REI-ReloadPlugins/DEBUG] [REI] ========================================
[11:58:44] [REI-ReloadPlugins/TRACE] [REI] [REIPlugin END] Reloading Section: "end-reload/"
[11:58:44] [REI-ReloadPlugins/TRACE] [REI] [REIPlugin END] Reloading Section: "end-reload/EntryTypeRegistryImpl/"
[11:58:44] [REI-ReloadPlugins/TRACE] [REI] [REIPlugin END] Reloading Section: "end-reload/EntryTypeRegistryImpl/" done in 2.770 μs
[11:58:44] [REI-ReloadPlugins/TRACE] [REI] [REIPlugin END] Reloading Section: "end-reload/EntrySettingsAdapterRegistryImpl/"
[11:58:44] [REI-ReloadPlugins/TRACE] [REI] [REIPlugin END] Reloading Section: "end-reload/EntrySettingsAdapterRegistryImpl/" done in 1.460 μs
[11:58:44] [REI-ReloadPlugins/TRACE] [REI] [REIPlugin END] Reloading Section: "end-reload/RecipeManagerContextImpl/"
[11:58:44] [REI-ReloadPlugins/TRACE] [REI] [REIPlugin END] Reloading Section: "end-reload/RecipeManagerContextImpl/" done in 1.210 μs
[11:58:44] [REI-ReloadPlugins/TRACE] [REI] [REIPlugin END] Reloading Section: "end-reload/ItemComparatorRegistryImpl/"
[11:58:44] [REI-ReloadPlugins/TRACE] [REI] [REIPlugin END] Reloading Section: "end-reload/ItemComparatorRegistryImpl/" done in 1.750 μs
[11:58:44] [REI-ReloadPlugins/TRACE] [REI] [REIPlugin END] Reloading Section: "end-reload/FluidComparatorRegistryImpl/"
[11:58:44] [REI-ReloadPlugins/TRACE] [REI] [REIPlugin END] Reloading Section: "end-reload/FluidComparatorRegistryImpl/" done in 1.180 μs
[11:58:44] [REI-ReloadPlugins/TRACE] [REI] [REIPlugin END] Reloading Section: "end-reload/DisplaySerializerRegistryImpl/"
[11:58:44] [REI-ReloadPlugins/TRACE] [REI] [REIPlugin END] Reloading Section: "end-reload/DisplaySerializerRegistryImpl/" done in 1.280 μs
[11:58:44] [REI-ReloadPlugins/TRACE] [REI] [REIPlugin END] Reloading Section: "end-reload/FluidSupportProviderImpl/"
[11:58:44] [REI-ReloadPlugins/TRACE] [REI] [REIPlugin END] Reloading Section: "end-reload/FluidSupportProviderImpl/" done in 2.860 μs
[11:58:44] [REI-ReloadPlugins/TRACE] [REI] [REIPlugin END] Reloading Section: "end-reload/me.shedaniel.rei.plugin.client.runtime.PluginStageExecutionWatcher$1/"
[11:58:44] [REI-ReloadPlugins/TRACE] [REI] [REIPlugin END] Reloading Section: "end-reload/me.shedaniel.rei.plugin.client.runtime.PluginStageExecutionWatcher$1/" done in 3.930 μs
[11:58:44] [REI-ReloadPlugins/TRACE] [REI] [REIPlugin END] Reloading Section: "end-reload/" done in 192.8 μs
[11:58:44] [REI-ReloadPlugins/DEBUG] [REI] ========================================
[11:58:44] [REI-ReloadPlugins/DEBUG] [REI] REIPlugin ended main-reload for END in 13.75 ms.
[11:58:44] [REI-ReloadPlugins/DEBUG] [REI] ========================================
[11:58:44] [REI-ReloadPlugins/INFO] [REI] @@@@@@@@@@@@@@@@@@@@@@@@@@@@@@@@@@@@@@@@
[11:58:44] [REI-ReloadPlugins/INFO] [REI] REIClientPlugin starting main-reload for END.
[11:58:44] [REI-ReloadPlugins/DEBUG] [REI] Reloadables (18):
[11:58:44] [REI-ReloadPlugins/DEBUG] [REI]  - EntryRendererRegistryImpl
[11:58:44] [REI-ReloadPlugins/DEBUG] [REI]  - ViewsImpl
[11:58:44] [REI-ReloadPlugins/DEBUG] [REI]  - InputMethodRegistryImpl
[11:58:44] [REI-ReloadPlugins/DEBUG] [REI]  - SearchProviderImpl
[11:58:44] [REI-ReloadPlugins/DEBUG] [REI]  - ConfigManagerImpl
[11:58:44] [REI-ReloadPlugins/DEBUG] [REI]  - EntryRegistryImpl
[11:58:44] [REI-ReloadPlugins/DEBUG] [REI]  - CollapsibleEntryRegistryImpl
[11:58:44] [REI-ReloadPlugins/DEBUG] [REI]  - BasicFilteringRuleImpl
[11:58:44] [REI-ReloadPlugins/DEBUG] [REI]  - CategoryRegistryImpl
[11:58:44] [REI-ReloadPlugins/DEBUG] [REI]  - DisplayRegistryImpl
[11:58:44] [REI-ReloadPlugins/DEBUG] [REI]  - ScreenRegistryImpl
[11:58:44] [REI-ReloadPlugins/DEBUG] [REI]  - FavoriteEntryTypeRegistryImpl
[11:58:44] [REI-ReloadPlugins/DEBUG] [REI]  - SubsetsRegistryImpl
[11:58:44] [REI-ReloadPlugins/DEBUG] [REI]  - TransferHandlerRegistryImpl
[11:58:44] [REI-ReloadPlugins/DEBUG] [REI]  - SearchRuntime
[11:58:44] [REI-ReloadPlugins/DEBUG] [REI]  - REIRuntimeImpl
[11:58:44] [REI-ReloadPlugins/DEBUG] [REI]  - ConfigAddonRegistryImpl
[11:58:44] [REI-ReloadPlugins/DEBUG] [REI]  - me.shedaniel.rei.plugin.client.runtime.PluginStageExecutionWatcher$1
[11:58:44] [REI-ReloadPlugins/INFO] [REI] Plugins (5):
[11:58:44] [REI-ReloadPlugins/INFO] [REI]  - (-100.00) DefaultClientPlugin of DefaultClientPlugin [roughlyenoughitems]
[11:58:44] [REI-ReloadPlugins/INFO] [REI]  - (0.00) create:rei_plugin of create:rei_plugin [create_aquatic_ambitions]
[11:58:44] [REI-ReloadPlugins/INFO] [REI]  - (0.00) create:rei_plugin of create:rei_plugin [create]
[11:58:44] [REI-ReloadPlugins/INFO] [REI]  - (0.00) HideIngredientsFromTagsPlugin of HideIngredientsFromTagsPlugin [roughlyenoughitems]
[11:58:44] [REI-ReloadPlugins/INFO] [REI]  - (0.00) DefaultClientRuntimePlugin of DefaultClientRuntimePlugin [roughlyenoughitems]
[11:58:44] [REI-ReloadPlugins/INFO] [REI] @@@@@@@@@@@@@@@@@@@@@@@@@@@@@@@@@@@@@@@@
[11:58:44] [REI-ReloadPlugins/TRACE] [REI] [REIClientPlugin END] Reloading Section: "start-reload/"
[11:58:44] [REI-ReloadPlugins/TRACE] [REI] [REIClientPlugin END] Reloading Section: "start-reload/EntryRendererRegistryImpl/"
[11:58:44] [REI-ReloadPlugins/TRACE] [REI] [REIClientPlugin END] Reloading Section: "start-reload/EntryRendererRegistryImpl/" done in 1.050 ms
[11:58:44] [REI-ReloadPlugins/TRACE] [REI] [REIClientPlugin END] Reloading Section: "start-reload/ViewsImpl/"
[11:58:44] [REI-ReloadPlugins/TRACE] [REI] [REIClientPlugin END] Reloading Section: "start-reload/ViewsImpl/" done in 4.280 μs
[11:58:44] [REI-ReloadPlugins/TRACE] [REI] [REIClientPlugin END] Reloading Section: "start-reload/InputMethodRegistryImpl/"
[11:58:44] [REI-ReloadPlugins/TRACE] [REI] [REIClientPlugin END] Reloading Section: "start-reload/InputMethodRegistryImpl/" done in 11.95 μs
[11:58:44] [REI-ReloadPlugins/TRACE] [REI] [REIClientPlugin END] Reloading Section: "start-reload/SearchProviderImpl/"
[11:58:44] [REI-ReloadPlugins/TRACE] [REI] [REIClientPlugin END] Reloading Section: "start-reload/SearchProviderImpl/" done in 2.540 μs
[11:58:44] [REI-ReloadPlugins/TRACE] [REI] [REIClientPlugin END] Reloading Section: "start-reload/ConfigManagerImpl/"
[11:58:44] [REI-ReloadPlugins/TRACE] [REI] [REIClientPlugin END] Reloading Section: "start-reload/ConfigManagerImpl/" done in 2.080 μs
[11:58:44] [REI-ReloadPlugins/TRACE] [REI] [REIClientPlugin END] Reloading Section: "start-reload/EntryRegistryImpl/"
[11:58:44] [REI-ReloadPlugins/TRACE] [REI] [REIClientPlugin END] Reloading Section: "start-reload/EntryRegistryImpl/" done in 1.750 μs
[11:58:44] [REI-ReloadPlugins/TRACE] [REI] [REIClientPlugin END] Reloading Section: "start-reload/CollapsibleEntryRegistryImpl/"
[11:58:44] [REI-ReloadPlugins/TRACE] [REI] [REIClientPlugin END] Reloading Section: "start-reload/CollapsibleEntryRegistryImpl/" done in 5.400 μs
[11:58:44] [REI-ReloadPlugins/TRACE] [REI] [REIClientPlugin END] Reloading Section: "start-reload/BasicFilteringRuleImpl/"
[11:58:44] [REI-ReloadPlugins/TRACE] [REI] [REIClientPlugin END] Reloading Section: "start-reload/BasicFilteringRuleImpl/" done in 1.930 μs
[11:58:44] [REI-ReloadPlugins/TRACE] [REI] [REIClientPlugin END] Reloading Section: "start-reload/CategoryRegistryImpl/"
[11:58:44] [REI-ReloadPlugins/TRACE] [REI] [REIClientPlugin END] Reloading Section: "start-reload/CategoryRegistryImpl/" done in 9.030 μs
[11:58:44] [REI-ReloadPlugins/TRACE] [REI] [REIClientPlugin END] Reloading Section: "start-reload/DisplayRegistryImpl/"
[11:58:44] [REI-ReloadPlugins/TRACE] [REI] [REIClientPlugin END] Reloading Section: "start-reload/DisplayRegistryImpl/" done in 78.33 μs
[11:58:44] [REI-ReloadPlugins/TRACE] [REI] [REIClientPlugin END] Reloading Section: "start-reload/ScreenRegistryImpl/"
[11:58:44] [REI-ReloadPlugins/TRACE] [REI] [REIClientPlugin END] Reloading Section: "start-reload/ScreenRegistryImpl/" done in 3.140 μs
[11:58:44] [REI-ReloadPlugins/TRACE] [REI] [REIClientPlugin END] Reloading Section: "start-reload/FavoriteEntryTypeRegistryImpl/"
[11:58:44] [REI-ReloadPlugins/TRACE] [REI] [REIClientPlugin END] Reloading Section: "start-reload/FavoriteEntryTypeRegistryImpl/" done in 2.360 μs
[11:58:44] [REI-ReloadPlugins/TRACE] [REI] [REIClientPlugin END] Reloading Section: "start-reload/SubsetsRegistryImpl/"
[11:58:44] [REI-ReloadPlugins/TRACE] [REI] [REIClientPlugin END] Reloading Section: "start-reload/SubsetsRegistryImpl/" done in 2.660 μs
[11:58:44] [REI-ReloadPlugins/TRACE] [REI] [REIClientPlugin END] Reloading Section: "start-reload/TransferHandlerRegistryImpl/"
[11:58:44] [REI-ReloadPlugins/TRACE] [REI] [REIClientPlugin END] Reloading Section: "start-reload/TransferHandlerRegistryImpl/" done in 23.28 μs
[11:58:44] [REI-ReloadPlugins/TRACE] [REI] [REIClientPlugin END] Reloading Section: "start-reload/SearchRuntime/"
[11:58:44] [REI-ReloadPlugins/DEBUG] [REI] Preparing collapsed entry groups cache with 0 entries and 2258 stacks
[11:58:44] [REI-ReloadPlugins/DEBUG] [REI] Prepared collapsed entry groups cache with 0 entries and 2258 stacks
[11:58:44] [REI-ReloadPlugins/TRACE] [REI] [REIClientPlugin END] Reloading Section: "start-reload/SearchRuntime/" done in 61.47 μs
[11:58:44] [REI-ReloadPlugins/TRACE] [REI] [REIClientPlugin END] Reloading Section: "start-reload/REIRuntimeImpl/"
[11:58:44] [REI-ReloadPlugins/TRACE] [REI] [REIClientPlugin END] Reloading Section: "start-reload/REIRuntimeImpl/" done in 8.310 μs
[11:58:44] [REI-ReloadPlugins/TRACE] [REI] [REIClientPlugin END] Reloading Section: "start-reload/ConfigAddonRegistryImpl/"
[11:58:44] [REI-ReloadPlugins/TRACE] [REI] [REIClientPlugin END] Reloading Section: "start-reload/ConfigAddonRegistryImpl/" done in 6.270 μs
[11:58:44] [REI-ReloadPlugins/TRACE] [REI] [REIClientPlugin END] Reloading Section: "start-reload/me.shedaniel.rei.plugin.client.runtime.PluginStageExecutionWatcher$1/"
[11:58:44] [REI-ReloadPlugins/TRACE] [REI] [REIClientPlugin END] Reloading Section: "start-reload/me.shedaniel.rei.plugin.client.runtime.PluginStageExecutionWatcher$1/" done in 4.420 μs
[11:58:44] [REI-ReloadPlugins/TRACE] [REI] [REIClientPlugin END] Reloading Section: "start-reload/" done in 1.746 ms
[11:58:44] [REI-ReloadPlugins/DEBUG] [REI] ========================================
[11:58:44] [REI-ReloadPlugins/DEBUG] [REI] REIClientPlugin started main-reload for END.
[11:58:44] [REI-ReloadPlugins/DEBUG] [REI] ========================================
[11:58:44] [REI-ReloadPlugins/TRACE] [REI] [REIClientPlugin END] Reloading Section: "reloadable-plugin/EntryRendererRegistryImpl/"
[11:58:44] [REI-ReloadPlugins/TRACE] [REI] [REIClientPlugin END] Reloading Section: "reloadable-plugin/EntryRendererRegistryImpl/DefaultClientPlugin of DefaultClientPlugin [roughlyenoughitems]/"
[11:58:44] [REI-ReloadPlugins/TRACE] [REI] [REIClientPlugin END] Reloading Section: "reloadable-plugin/EntryRendererRegistryImpl/DefaultClientPlugin of DefaultClientPlugin [roughlyenoughitems]/" done in 20.75 μs
[11:58:44] [REI-ReloadPlugins/TRACE] [REI] [REIClientPlugin END] Reloading Section: "reloadable-plugin/EntryRendererRegistryImpl/create:rei_plugin of create:rei_plugin [create_aquatic_ambitions]/"
[11:58:44] [REI-ReloadPlugins/TRACE] [REI] [REIClientPlugin END] Reloading Section: "reloadable-plugin/EntryRendererRegistryImpl/create:rei_plugin of create:rei_plugin [create_aquatic_ambitions]/" done in 15.11 μs
[11:58:44] [REI-ReloadPlugins/TRACE] [REI] [REIClientPlugin END] Reloading Section: "reloadable-plugin/EntryRendererRegistryImpl/create:rei_plugin of create:rei_plugin [create]/"
[11:58:44] [REI-ReloadPlugins/TRACE] [REI] [REIClientPlugin END] Reloading Section: "reloadable-plugin/EntryRendererRegistryImpl/create:rei_plugin of create:rei_plugin [create]/" done in 10.56 μs
[11:58:44] [REI-ReloadPlugins/TRACE] [REI] [REIClientPlugin END] Reloading Section: "reloadable-plugin/EntryRendererRegistryImpl/HideIngredientsFromTagsPlugin of HideIngredientsFromTagsPlugin [roughlyenoughitems]/"
[11:58:44] [REI-ReloadPlugins/TRACE] [REI] [REIClientPlugin END] Reloading Section: "reloadable-plugin/EntryRendererRegistryImpl/HideIngredientsFromTagsPlugin of HideIngredientsFromTagsPlugin [roughlyenoughitems]/" done in 3.680 μs
[11:58:44] [REI-ReloadPlugins/TRACE] [REI] [REIClientPlugin END] Reloading Section: "reloadable-plugin/EntryRendererRegistryImpl/DefaultClientRuntimePlugin of DefaultClientRuntimePlugin [roughlyenoughitems]/"
[11:58:44] [REI-ReloadPlugins/TRACE] [REI] [REIClientPlugin END] Reloading Section: "reloadable-plugin/EntryRendererRegistryImpl/DefaultClientRuntimePlugin of DefaultClientRuntimePlugin [roughlyenoughitems]/" done in 3.350 μs
[11:58:44] [REI-ReloadPlugins/TRACE] [REI] [REIClientPlugin END] Reloading Section: "reloadable-plugin/EntryRendererRegistryImpl/" done in 174.6 μs
[11:58:44] [REI-ReloadPlugins/TRACE] [REI] [REIClientPlugin END] Reloading Section: "reloadable-plugin/ViewsImpl/"
[11:58:44] [REI-ReloadPlugins/TRACE] [REI] [REIClientPlugin END] Reloading Section: "reloadable-plugin/ViewsImpl/DefaultClientPlugin of DefaultClientPlugin [roughlyenoughitems]/"
[11:58:44] [REI-ReloadPlugins/TRACE] [REI] [REIClientPlugin END] Reloading Section: "reloadable-plugin/ViewsImpl/DefaultClientPlugin of DefaultClientPlugin [roughlyenoughitems]/" done in 5.431 μs
[11:58:44] [REI-ReloadPlugins/TRACE] [REI] [REIClientPlugin END] Reloading Section: "reloadable-plugin/ViewsImpl/create:rei_plugin of create:rei_plugin [create_aquatic_ambitions]/"
[11:58:44] [REI-ReloadPlugins/TRACE] [REI] [REIClientPlugin END] Reloading Section: "reloadable-plugin/ViewsImpl/create:rei_plugin of create:rei_plugin [create_aquatic_ambitions]/" done in 3.730 μs
[11:58:44] [REI-ReloadPlugins/TRACE] [REI] [REIClientPlugin END] Reloading Section: "reloadable-plugin/ViewsImpl/create:rei_plugin of create:rei_plugin [create]/"
[11:58:44] [REI-ReloadPlugins/TRACE] [REI] [REIClientPlugin END] Reloading Section: "reloadable-plugin/ViewsImpl/create:rei_plugin of create:rei_plugin [create]/" done in 5.110 μs
[11:58:44] [REI-ReloadPlugins/TRACE] [REI] [REIClientPlugin END] Reloading Section: "reloadable-plugin/ViewsImpl/HideIngredientsFromTagsPlugin of HideIngredientsFromTagsPlugin [roughlyenoughitems]/"
[11:58:44] [REI-ReloadPlugins/TRACE] [REI] [REIClientPlugin END] Reloading Section: "reloadable-plugin/ViewsImpl/HideIngredientsFromTagsPlugin of HideIngredientsFromTagsPlugin [roughlyenoughitems]/" done in 5.360 μs
[11:58:44] [REI-ReloadPlugins/TRACE] [REI] [REIClientPlugin END] Reloading Section: "reloadable-plugin/ViewsImpl/DefaultClientRuntimePlugin of DefaultClientRuntimePlugin [roughlyenoughitems]/"
[11:58:44] [REI-ReloadPlugins/TRACE] [REI] [REIClientPlugin END] Reloading Section: "reloadable-plugin/ViewsImpl/DefaultClientRuntimePlugin of DefaultClientRuntimePlugin [roughlyenoughitems]/" done in 5.961 μs
[11:58:44] [REI-ReloadPlugins/TRACE] [REI] [REIClientPlugin END] Reloading Section: "reloadable-plugin/ViewsImpl/" done in 212.0 μs
[11:58:44] [REI-ReloadPlugins/TRACE] [REI] [REIClientPlugin END] Reloading Section: "reloadable-plugin/InputMethodRegistryImpl/"
[11:58:44] [REI-ReloadPlugins/TRACE] [REI] [REIClientPlugin END] Reloading Section: "reloadable-plugin/InputMethodRegistryImpl/DefaultClientPlugin of DefaultClientPlugin [roughlyenoughitems]/"
[11:58:44] [REI-ReloadPlugins/TRACE] [REI] [REIClientPlugin END] Reloading Section: "reloadable-plugin/InputMethodRegistryImpl/DefaultClientPlugin of DefaultClientPlugin [roughlyenoughitems]/" done in 15.38 μs
[11:58:44] [REI-ReloadPlugins/TRACE] [REI] [REIClientPlugin END] Reloading Section: "reloadable-plugin/InputMethodRegistryImpl/create:rei_plugin of create:rei_plugin [create_aquatic_ambitions]/"
[11:58:44] [REI-ReloadPlugins/TRACE] [REI] [REIClientPlugin END] Reloading Section: "reloadable-plugin/InputMethodRegistryImpl/create:rei_plugin of create:rei_plugin [create_aquatic_ambitions]/" done in 7.440 μs
[11:58:44] [REI-ReloadPlugins/TRACE] [REI] [REIClientPlugin END] Reloading Section: "reloadable-plugin/InputMethodRegistryImpl/create:rei_plugin of create:rei_plugin [create]/"
[11:58:44] [REI-ReloadPlugins/TRACE] [REI] [REIClientPlugin END] Reloading Section: "reloadable-plugin/InputMethodRegistryImpl/create:rei_plugin of create:rei_plugin [create]/" done in 7.341 μs
[11:58:44] [REI-ReloadPlugins/TRACE] [REI] [REIClientPlugin END] Reloading Section: "reloadable-plugin/InputMethodRegistryImpl/HideIngredientsFromTagsPlugin of HideIngredientsFromTagsPlugin [roughlyenoughitems]/"
[11:58:44] [REI-ReloadPlugins/TRACE] [REI] [REIClientPlugin END] Reloading Section: "reloadable-plugin/InputMethodRegistryImpl/HideIngredientsFromTagsPlugin of HideIngredientsFromTagsPlugin [roughlyenoughitems]/" done in 7.150 μs
[11:58:44] [REI-ReloadPlugins/TRACE] [REI] [REIClientPlugin END] Reloading Section: "reloadable-plugin/InputMethodRegistryImpl/DefaultClientRuntimePlugin of DefaultClientRuntimePlugin [roughlyenoughitems]/"
[11:58:44] [REI-ReloadPlugins/DEBUG] [REI] Added input method [rei:default]: Default
[11:58:44] [REI-ReloadPlugins/DEBUG] [REI] Added input method [rei:pinyin]: Pinyin (Mandarin)
[11:58:44] [REI-ReloadPlugins/DEBUG] [REI] Added input method [rei:jyutping]: Jyutping (Cantonese)
[11:58:44] [REI-ReloadPlugins/DEBUG] [REI] Added input method [rei:bomopofo]: Bopomofo (Mandarin)
[11:58:44] [REI-ReloadPlugins/DEBUG] [REI] Added input method [rei:double_pinyin]: Double Pinyin (Mandarin)
[11:58:44] [REI-ReloadPlugins/TRACE] [REI] [REIClientPlugin END] Reloading Section: "reloadable-plugin/InputMethodRegistryImpl/DefaultClientRuntimePlugin of DefaultClientRuntimePlugin [roughlyenoughitems]/" done in 13.80 ms
[11:58:44] [REI-ReloadPlugins/TRACE] [REI] [REIClientPlugin END] Reloading Section: "reloadable-plugin/InputMethodRegistryImpl/" done in 14.12 ms
[11:58:44] [REI-ReloadPlugins/TRACE] [REI] [REIClientPlugin END] Reloading Section: "reloadable-plugin/SearchProviderImpl/"
[11:58:44] [REI-ReloadPlugins/TRACE] [REI] [REIClientPlugin END] Reloading Section: "reloadable-plugin/SearchProviderImpl/DefaultClientPlugin of DefaultClientPlugin [roughlyenoughitems]/"
[11:58:44] [REI-ReloadPlugins/TRACE] [REI] [REIClientPlugin END] Reloading Section: "reloadable-plugin/SearchProviderImpl/DefaultClientPlugin of DefaultClientPlugin [roughlyenoughitems]/" done in 12.20 μs
[11:58:44] [REI-ReloadPlugins/TRACE] [REI] [REIClientPlugin END] Reloading Section: "reloadable-plugin/SearchProviderImpl/create:rei_plugin of create:rei_plugin [create_aquatic_ambitions]/"
[11:58:44] [REI-ReloadPlugins/TRACE] [REI] [REIClientPlugin END] Reloading Section: "reloadable-plugin/SearchProviderImpl/create:rei_plugin of create:rei_plugin [create_aquatic_ambitions]/" done in 5.340 μs
[11:58:44] [REI-ReloadPlugins/TRACE] [REI] [REIClientPlugin END] Reloading Section: "reloadable-plugin/SearchProviderImpl/create:rei_plugin of create:rei_plugin [create]/"
[11:58:44] [REI-ReloadPlugins/TRACE] [REI] [REIClientPlugin END] Reloading Section: "reloadable-plugin/SearchProviderImpl/create:rei_plugin of create:rei_plugin [create]/" done in 4.490 μs
[11:58:44] [REI-ReloadPlugins/TRACE] [REI] [REIClientPlugin END] Reloading Section: "reloadable-plugin/SearchProviderImpl/HideIngredientsFromTagsPlugin of HideIngredientsFromTagsPlugin [roughlyenoughitems]/"
[11:58:44] [REI-ReloadPlugins/TRACE] [REI] [REIClientPlugin END] Reloading Section: "reloadable-plugin/SearchProviderImpl/HideIngredientsFromTagsPlugin of HideIngredientsFromTagsPlugin [roughlyenoughitems]/" done in 4.570 μs
[11:58:44] [REI-ReloadPlugins/TRACE] [REI] [REIClientPlugin END] Reloading Section: "reloadable-plugin/SearchProviderImpl/DefaultClientRuntimePlugin of DefaultClientRuntimePlugin [roughlyenoughitems]/"
[11:58:44] [REI-ReloadPlugins/TRACE] [REI] [REIClientPlugin END] Reloading Section: "reloadable-plugin/SearchProviderImpl/DefaultClientRuntimePlugin of DefaultClientRuntimePlugin [roughlyenoughitems]/" done in 4.310 μs
[11:58:44] [REI-ReloadPlugins/TRACE] [REI] [REIClientPlugin END] Reloading Section: "reloadable-plugin/SearchProviderImpl/" done in 211.6 μs
[11:58:44] [REI-ReloadPlugins/TRACE] [REI] [REIClientPlugin END] Reloading Section: "reloadable-plugin/ConfigManagerImpl/"
[11:58:44] [REI-ReloadPlugins/TRACE] [REI] [REIClientPlugin END] Reloading Section: "reloadable-plugin/ConfigManagerImpl/DefaultClientPlugin of DefaultClientPlugin [roughlyenoughitems]/"
[11:58:44] [REI-ReloadPlugins/TRACE] [REI] [REIClientPlugin END] Reloading Section: "reloadable-plugin/ConfigManagerImpl/DefaultClientPlugin of DefaultClientPlugin [roughlyenoughitems]/" done in 4.460 μs
[11:58:44] [REI-ReloadPlugins/TRACE] [REI] [REIClientPlugin END] Reloading Section: "reloadable-plugin/ConfigManagerImpl/create:rei_plugin of create:rei_plugin [create_aquatic_ambitions]/"
[11:58:44] [REI-ReloadPlugins/TRACE] [REI] [REIClientPlugin END] Reloading Section: "reloadable-plugin/ConfigManagerImpl/create:rei_plugin of create:rei_plugin [create_aquatic_ambitions]/" done in 4.240 μs
[11:58:44] [REI-ReloadPlugins/TRACE] [REI] [REIClientPlugin END] Reloading Section: "reloadable-plugin/ConfigManagerImpl/create:rei_plugin of create:rei_plugin [create]/"
[11:58:44] [REI-ReloadPlugins/TRACE] [REI] [REIClientPlugin END] Reloading Section: "reloadable-plugin/ConfigManagerImpl/create:rei_plugin of create:rei_plugin [create]/" done in 4.130 μs
[11:58:44] [REI-ReloadPlugins/TRACE] [REI] [REIClientPlugin END] Reloading Section: "reloadable-plugin/ConfigManagerImpl/HideIngredientsFromTagsPlugin of HideIngredientsFromTagsPlugin [roughlyenoughitems]/"
[11:58:44] [REI-ReloadPlugins/TRACE] [REI] [REIClientPlugin END] Reloading Section: "reloadable-plugin/ConfigManagerImpl/HideIngredientsFromTagsPlugin of HideIngredientsFromTagsPlugin [roughlyenoughitems]/" done in 3.981 μs
[11:58:44] [REI-ReloadPlugins/TRACE] [REI] [REIClientPlugin END] Reloading Section: "reloadable-plugin/ConfigManagerImpl/DefaultClientRuntimePlugin of DefaultClientRuntimePlugin [roughlyenoughitems]/"
[11:58:44] [REI-ReloadPlugins/TRACE] [REI] [REIClientPlugin END] Reloading Section: "reloadable-plugin/ConfigManagerImpl/DefaultClientRuntimePlugin of DefaultClientRuntimePlugin [roughlyenoughitems]/" done in 3.920 μs
[11:58:44] [REI-ReloadPlugins/TRACE] [REI] [REIClientPlugin END] Reloading Section: "reloadable-plugin/ConfigManagerImpl/" done in 169.3 μs
[11:58:44] [REI-ReloadPlugins/TRACE] [REI] [REIClientPlugin END] Reloading Section: "reloadable-plugin/EntryRegistryImpl/"
[11:58:44] [REI-ReloadPlugins/TRACE] [REI] [REIClientPlugin END] Reloading Section: "reloadable-plugin/EntryRegistryImpl/DefaultClientPlugin of DefaultClientPlugin [roughlyenoughitems]/"
[11:58:44] [REI-ReloadPlugins/TRACE] [REI] [REIClientPlugin END] Reloading Section: "reloadable-plugin/EntryRegistryImpl/DefaultClientPlugin of DefaultClientPlugin [roughlyenoughitems]/" done in 4.330 μs
[11:58:44] [REI-ReloadPlugins/TRACE] [REI] [REIClientPlugin END] Reloading Section: "reloadable-plugin/EntryRegistryImpl/create:rei_plugin of create:rei_plugin [create_aquatic_ambitions]/"
[11:58:44] [REI-ReloadPlugins/TRACE] [REI] [REIClientPlugin END] Reloading Section: "reloadable-plugin/EntryRegistryImpl/create:rei_plugin of create:rei_plugin [create_aquatic_ambitions]/" done in 4.050 μs
[11:58:44] [REI-ReloadPlugins/TRACE] [REI] [REIClientPlugin END] Reloading Section: "reloadable-plugin/EntryRegistryImpl/create:rei_plugin of create:rei_plugin [create]/"
[11:58:44] [REI-ReloadPlugins/TRACE] [REI] [REIClientPlugin END] Reloading Section: "reloadable-plugin/EntryRegistryImpl/create:rei_plugin of create:rei_plugin [create]/" done in 3.780 μs
[11:58:44] [REI-ReloadPlugins/TRACE] [REI] [REIClientPlugin END] Reloading Section: "reloadable-plugin/EntryRegistryImpl/HideIngredientsFromTagsPlugin of HideIngredientsFromTagsPlugin [roughlyenoughitems]/"
[11:58:44] [REI-ReloadPlugins/TRACE] [REI] [REIClientPlugin END] Reloading Section: "reloadable-plugin/EntryRegistryImpl/HideIngredientsFromTagsPlugin of HideIngredientsFromTagsPlugin [roughlyenoughitems]/" done in 4.110 μs
[11:58:44] [REI-ReloadPlugins/TRACE] [REI] [REIClientPlugin END] Reloading Section: "reloadable-plugin/EntryRegistryImpl/DefaultClientRuntimePlugin of DefaultClientRuntimePlugin [roughlyenoughitems]/"
[11:58:44] [REI-ReloadPlugins/TRACE] [REI] [REIClientPlugin END] Reloading Section: "reloadable-plugin/EntryRegistryImpl/DefaultClientRuntimePlugin of DefaultClientRuntimePlugin [roughlyenoughitems]/" done in 3.601 μs
[11:58:44] [REI-ReloadPlugins/TRACE] [REI] [REIClientPlugin END] Reloading Section: "reloadable-plugin/EntryRegistryImpl/" done in 155.5 μs
[11:58:44] [REI-ReloadPlugins/TRACE] [REI] [REIClientPlugin END] Reloading Section: "reloadable-plugin/CollapsibleEntryRegistryImpl/"
[11:58:44] [REI-ReloadPlugins/TRACE] [REI] [REIClientPlugin END] Reloading Section: "reloadable-plugin/CollapsibleEntryRegistryImpl/DefaultClientPlugin of DefaultClientPlugin [roughlyenoughitems]/"
[11:58:44] [REI-ReloadPlugins/TRACE] [REI] [REIClientPlugin END] Reloading Section: "reloadable-plugin/CollapsibleEntryRegistryImpl/DefaultClientPlugin of DefaultClientPlugin [roughlyenoughitems]/" done in 14.45 μs
[11:58:44] [REI-ReloadPlugins/TRACE] [REI] [REIClientPlugin END] Reloading Section: "reloadable-plugin/CollapsibleEntryRegistryImpl/create:rei_plugin of create:rei_plugin [create_aquatic_ambitions]/"
[11:58:44] [REI-ReloadPlugins/TRACE] [REI] [REIClientPlugin END] Reloading Section: "reloadable-plugin/CollapsibleEntryRegistryImpl/create:rei_plugin of create:rei_plugin [create_aquatic_ambitions]/" done in 63.39 μs
[11:58:44] [REI-ReloadPlugins/TRACE] [REI] [REIClientPlugin END] Reloading Section: "reloadable-plugin/CollapsibleEntryRegistryImpl/create:rei_plugin of create:rei_plugin [create]/"
[11:58:44] [REI-ReloadPlugins/TRACE] [REI] [REIClientPlugin END] Reloading Section: "reloadable-plugin/CollapsibleEntryRegistryImpl/create:rei_plugin of create:rei_plugin [create]/" done in 5.781 μs
[11:58:44] [REI-ReloadPlugins/TRACE] [REI] [REIClientPlugin END] Reloading Section: "reloadable-plugin/CollapsibleEntryRegistryImpl/HideIngredientsFromTagsPlugin of HideIngredientsFromTagsPlugin [roughlyenoughitems]/"
[11:58:44] [REI-ReloadPlugins/TRACE] [REI] [REIClientPlugin END] Reloading Section: "reloadable-plugin/CollapsibleEntryRegistryImpl/HideIngredientsFromTagsPlugin of HideIngredientsFromTagsPlugin [roughlyenoughitems]/" done in 4.650 μs
[11:58:44] [REI-ReloadPlugins/TRACE] [REI] [REIClientPlugin END] Reloading Section: "reloadable-plugin/CollapsibleEntryRegistryImpl/DefaultClientRuntimePlugin of DefaultClientRuntimePlugin [roughlyenoughitems]/"
[11:58:44] [REI-ReloadPlugins/TRACE] [REI] [REIClientPlugin END] Reloading Section: "reloadable-plugin/CollapsibleEntryRegistryImpl/DefaultClientRuntimePlugin of DefaultClientRuntimePlugin [roughlyenoughitems]/" done in 11.55 μs
[11:58:44] [REI-ReloadPlugins/TRACE] [REI] [REIClientPlugin END] Reloading Section: "reloadable-plugin/CollapsibleEntryRegistryImpl/" done in 270.6 μs
[11:58:44] [REI-ReloadPlugins/TRACE] [REI] [REIClientPlugin END] Reloading Section: "reloadable-plugin/BasicFilteringRuleImpl/"
[11:58:44] [REI-ReloadPlugins/TRACE] [REI] [REIClientPlugin END] Reloading Section: "reloadable-plugin/BasicFilteringRuleImpl/DefaultClientPlugin of DefaultClientPlugin [roughlyenoughitems]/"
[11:58:44] [REI-ReloadPlugins/TRACE] [REI] [REIClientPlugin END] Reloading Section: "reloadable-plugin/BasicFilteringRuleImpl/DefaultClientPlugin of DefaultClientPlugin [roughlyenoughitems]/" done in 5.330 μs
[11:58:44] [REI-ReloadPlugins/TRACE] [REI] [REIClientPlugin END] Reloading Section: "reloadable-plugin/BasicFilteringRuleImpl/create:rei_plugin of create:rei_plugin [create_aquatic_ambitions]/"
[11:58:44] [REI-ReloadPlugins/TRACE] [REI] [REIClientPlugin END] Reloading Section: "reloadable-plugin/BasicFilteringRuleImpl/create:rei_plugin of create:rei_plugin [create_aquatic_ambitions]/" done in 17.82 μs
[11:58:44] [REI-ReloadPlugins/TRACE] [REI] [REIClientPlugin END] Reloading Section: "reloadable-plugin/BasicFilteringRuleImpl/create:rei_plugin of create:rei_plugin [create]/"
[11:58:44] [REI-ReloadPlugins/TRACE] [REI] [REIClientPlugin END] Reloading Section: "reloadable-plugin/BasicFilteringRuleImpl/create:rei_plugin of create:rei_plugin [create]/" done in 5.270 μs
[11:58:44] [REI-ReloadPlugins/TRACE] [REI] [REIClientPlugin END] Reloading Section: "reloadable-plugin/BasicFilteringRuleImpl/HideIngredientsFromTagsPlugin of HideIngredientsFromTagsPlugin [roughlyenoughitems]/"
[11:58:44] [REI-ReloadPlugins/TRACE] [REI] [REIClientPlugin END] Reloading Section: "reloadable-plugin/BasicFilteringRuleImpl/HideIngredientsFromTagsPlugin of HideIngredientsFromTagsPlugin [roughlyenoughitems]/" done in 3.881 μs
[11:58:44] [REI-ReloadPlugins/TRACE] [REI] [REIClientPlugin END] Reloading Section: "reloadable-plugin/BasicFilteringRuleImpl/DefaultClientRuntimePlugin of DefaultClientRuntimePlugin [roughlyenoughitems]/"
[11:58:44] [REI-ReloadPlugins/TRACE] [REI] [REIClientPlugin END] Reloading Section: "reloadable-plugin/BasicFilteringRuleImpl/DefaultClientRuntimePlugin of DefaultClientRuntimePlugin [roughlyenoughitems]/" done in 10.56 μs
[11:58:44] [REI-ReloadPlugins/TRACE] [REI] [REIClientPlugin END] Reloading Section: "reloadable-plugin/BasicFilteringRuleImpl/" done in 211.4 μs
[11:58:44] [REI-ReloadPlugins/TRACE] [REI] [REIClientPlugin END] Reloading Section: "reloadable-plugin/CategoryRegistryImpl/"
[11:58:44] [REI-ReloadPlugins/TRACE] [REI] [REIClientPlugin END] Reloading Section: "reloadable-plugin/CategoryRegistryImpl/DefaultClientPlugin of DefaultClientPlugin [roughlyenoughitems]/"
[11:58:44] [REI-ReloadPlugins/DEBUG] [REI] Added category [minecraft:plugins/crafting]: Crafting
[11:58:44] [REI-ReloadPlugins/DEBUG] [REI] Added category [minecraft:plugins/smelting]: Smelting
[11:58:44] [REI-ReloadPlugins/DEBUG] [REI] Added category [minecraft:plugins/smoking]: Smoking
[11:58:44] [REI-ReloadPlugins/DEBUG] [REI] Added category [minecraft:plugins/blasting]: Blasting
[11:58:44] [REI-ReloadPlugins/DEBUG] [REI] Added category [minecraft:plugins/campfire]: Campfire
[11:58:44] [REI-ReloadPlugins/DEBUG] [REI] Added category [minecraft:plugins/stone_cutting]: Stone Cutting
[11:58:44] [REI-ReloadPlugins/DEBUG] [REI] Added category [minecraft:plugins/fuel]: Fuel
[11:58:44] [REI-ReloadPlugins/DEBUG] [REI] Added category [minecraft:plugins/brewing]: Brewing
[11:58:44] [REI-ReloadPlugins/DEBUG] [REI] Added category [minecraft:plugins/composting]: Composting
[11:58:44] [REI-ReloadPlugins/DEBUG] [REI] Added category [minecraft:plugins/stripping]: Stripping
[11:58:44] [REI-ReloadPlugins/DEBUG] [REI] Added category [minecraft:plugins/smithing]: Smithing
[11:58:44] [REI-ReloadPlugins/DEBUG] [REI] Added category [minecraft:plugins/anvil]: Anvil
[11:58:44] [REI-ReloadPlugins/DEBUG] [REI] Added category [minecraft:plugins/beacon_base]: Beacon Base
[11:58:44] [REI-ReloadPlugins/DEBUG] [REI] Added category [minecraft:plugins/beacon_payment]: Beacon Payment
[11:58:44] [REI-ReloadPlugins/DEBUG] [REI] Added category [minecraft:plugins/tilling]: Tilling
[11:58:44] [REI-ReloadPlugins/DEBUG] [REI] Added category [minecraft:plugins/pathing]: Pathing
[11:58:44] [REI-ReloadPlugins/DEBUG] [REI] Added category [minecraft:plugins/waxing]: Waxing
[11:58:44] [REI-ReloadPlugins/DEBUG] [REI] Added category [minecraft:plugins/wax_scraping]: Wax Scraping
[11:58:44] [REI-ReloadPlugins/DEBUG] [REI] Added category [minecraft:plugins/oxidizing]: Oxidizing
[11:58:44] [REI-ReloadPlugins/DEBUG] [REI] Added category [minecraft:plugins/oxidation_scraping]: Oxidation Scraping
[11:58:44] [REI-ReloadPlugins/DEBUG] [REI] Added category visibility predicate: me.shedaniel.rei.plugin.client.DefaultClientPlugin$$Lambda$12641/0x00007ff44d62d8d0@23e41d9f [0.00 priority]
[11:58:44] [REI-ReloadPlugins/TRACE] [REI] [REIClientPlugin END] Reloading Section: "reloadable-plugin/CategoryRegistryImpl/DefaultClientPlugin of DefaultClientPlugin [roughlyenoughitems]/" done in 11.25 ms
[11:58:44] [REI-ReloadPlugins/TRACE] [REI] [REIClientPlugin END] Reloading Section: "reloadable-plugin/CategoryRegistryImpl/create:rei_plugin of create:rei_plugin [create_aquatic_ambitions]/"
[11:58:44] [REI-ReloadPlugins/DEBUG] [REI] Added category [create:aquatic_ambitions.fan_channeling]: Conduit Channeling
[11:58:44] [REI-ReloadPlugins/TRACE] [REI] [REIClientPlugin END] Reloading Section: "reloadable-plugin/CategoryRegistryImpl/create:rei_plugin of create:rei_plugin [create_aquatic_ambitions]/" done in 8.224 ms
[11:58:44] [REI-ReloadPlugins/TRACE] [REI] [REIClientPlugin END] Reloading Section: "reloadable-plugin/CategoryRegistryImpl/create:rei_plugin of create:rei_plugin [create]/"
[11:58:44] [REI-ReloadPlugins/DEBUG] [REI] Added category [create:milling]: Milling
[11:58:44] [REI-ReloadPlugins/DEBUG] [REI] Added category [create:crushing]: Crushing
[11:58:44] [REI-ReloadPlugins/DEBUG] [REI] Added category [create:pressing]: Pressing
[11:58:44] [REI-ReloadPlugins/DEBUG] [REI] Added category [create:fan_washing]: Bulk Washing
[11:58:44] [REI-ReloadPlugins/DEBUG] [REI] Added category [create:fan_smoking]: Bulk Smoking
[11:58:44] [REI-ReloadPlugins/DEBUG] [REI] Added category [create:fan_blasting]: Bulk Blasting
[11:58:44] [REI-ReloadPlugins/DEBUG] [REI] Added category [create:fan_haunting]: Bulk Haunting
[11:58:44] [REI-ReloadPlugins/DEBUG] [REI] Added category [create:mixing]: Mixing
[11:58:44] [REI-ReloadPlugins/DEBUG] [REI] Added category [create:automatic_shapeless]: Automated Shapeless Crafting
[11:58:44] [REI-ReloadPlugins/DEBUG] [REI] Added category [create:automatic_brewing]: Automated Brewing
[11:58:44] [REI-ReloadPlugins/DEBUG] [REI] Added category [create:packing]: Compacting
[11:58:44] [REI-ReloadPlugins/DEBUG] [REI] Added category [create:automatic_packing]: Automated Packing
[11:58:44] [REI-ReloadPlugins/DEBUG] [REI] Added category [create:sawing]: Sawing
[11:58:44] [REI-ReloadPlugins/DEBUG] [REI] Added category [create:block_cutting]: Block Cutting
[11:58:44] [REI-ReloadPlugins/DEBUG] [REI] Added category [create:sandpaper_polishing]: Sandpaper Polishing
[11:58:44] [REI-ReloadPlugins/DEBUG] [REI] Added category [create:item_application]: Manual Item Application
[11:58:44] [REI-ReloadPlugins/DEBUG] [REI] Added category [create:deploying]: Deploying
[11:58:44] [REI-ReloadPlugins/DEBUG] [REI] Added category [create:spout_filling]: Filling by Spout
[11:58:44] [REI-ReloadPlugins/DEBUG] [REI] Added category [create:draining]: Item Draining
[11:58:44] [REI-ReloadPlugins/DEBUG] [REI] Added category [create:automatic_shaped]: Automated Shaped Crafting
[11:58:44] [REI-ReloadPlugins/DEBUG] [REI] Added category [create:mechanical_crafting]: Mechanical Crafting
[11:58:44] [REI-ReloadPlugins/DEBUG] [REI] Added category [create:sequenced_assembly]: Recipe Sequence
[11:58:44] [REI-ReloadPlugins/DEBUG] [REI] Added category [create:mystery_conversion]: Mysterious Conversion
[11:58:44] [REI-ReloadPlugins/TRACE] [REI] [REIClientPlugin END] Reloading Section: "reloadable-plugin/CategoryRegistryImpl/create:rei_plugin of create:rei_plugin [create]/" done in 23.18 ms
[11:58:44] [REI-ReloadPlugins/TRACE] [REI] [REIClientPlugin END] Reloading Section: "reloadable-plugin/CategoryRegistryImpl/HideIngredientsFromTagsPlugin of HideIngredientsFromTagsPlugin [roughlyenoughitems]/"
[11:58:44] [REI-ReloadPlugins/TRACE] [REI] [REIClientPlugin END] Reloading Section: "reloadable-plugin/CategoryRegistryImpl/HideIngredientsFromTagsPlugin of HideIngredientsFromTagsPlugin [roughlyenoughitems]/" done in 12.73 μs
[11:58:44] [REI-ReloadPlugins/TRACE] [REI] [REIClientPlugin END] Reloading Section: "reloadable-plugin/CategoryRegistryImpl/DefaultClientRuntimePlugin of DefaultClientRuntimePlugin [roughlyenoughitems]/"
[11:58:44] [REI-ReloadPlugins/TRACE] [REI] [REIClientPlugin END] Reloading Section: "reloadable-plugin/CategoryRegistryImpl/DefaultClientRuntimePlugin of DefaultClientRuntimePlugin [roughlyenoughitems]/" done in 3.940 μs
[11:58:44] [REI-ReloadPlugins/TRACE] [REI] [REIClientPlugin END] Reloading Section: "reloadable-plugin/CategoryRegistryImpl/" done in 43.10 ms
[11:58:44] [REI-ReloadPlugins/TRACE] [REI] [REIClientPlugin END] Reloading Section: "reloadable-plugin/DisplayRegistryImpl/"
[11:58:44] [REI-ReloadPlugins/TRACE] [REI] [REIClientPlugin END] Reloading Section: "reloadable-plugin/DisplayRegistryImpl/DefaultClientPlugin of DefaultClientPlugin [roughlyenoughitems]/"
[11:58:44] [REI-ReloadPlugins/DEBUG] [REI] Added category [roughlyenoughitems:plugins/information]: Information
[11:58:44] [REI-ReloadPlugins/DEBUG] [REI] Added category [minecraft:plugins/tag]: Tag
[11:58:44] [REI-ReloadPlugins/DEBUG] [REI] Added display filter: me.shedaniel.rei.impl.client.registry.display.DisplayRegistryImpl$$Lambda$12792/0x00007ff44d652440@16b7950f
[11:58:44] [REI-ReloadPlugins/DEBUG] [REI] Added display filter: me.shedaniel.rei.impl.client.registry.display.DisplayRegistryImpl$$Lambda$12792/0x00007ff44d652440@5814651
[11:58:44] [REI-ReloadPlugins/DEBUG] [REI] Added display filter: me.shedaniel.rei.impl.client.registry.display.DisplayRegistryImpl$$Lambda$12792/0x00007ff44d652440@76edd6ff
[11:58:44] [REI-ReloadPlugins/DEBUG] [REI] Added display filter: me.shedaniel.rei.impl.client.registry.display.DisplayRegistryImpl$$Lambda$12792/0x00007ff44d652440@59949117
[11:58:44] [REI-ReloadPlugins/DEBUG] [REI] Added display filter: me.shedaniel.rei.impl.client.registry.display.DisplayRegistryImpl$$Lambda$12792/0x00007ff44d652440@5cef4df8
[11:58:44] [REI-ReloadPlugins/DEBUG] [REI] Added display filter: me.shedaniel.rei.impl.client.registry.display.DisplayRegistryImpl$$Lambda$12792/0x00007ff44d652440@3005ee24
[11:58:44] [REI-ReloadPlugins/DEBUG] [REI] Added display filter: me.shedaniel.rei.impl.client.registry.display.DisplayRegistryImpl$$Lambda$12792/0x00007ff44d652440@3b2e978d
[11:58:44] [REI-ReloadPlugins/DEBUG] [REI] Added display filter: me.shedaniel.rei.impl.client.registry.display.DisplayRegistryImpl$$Lambda$12792/0x00007ff44d652440@4f5f3350
[11:58:44] [REI-ReloadPlugins/DEBUG] [REI] Added display filter: me.shedaniel.rei.impl.client.registry.display.DisplayRegistryImpl$$Lambda$12792/0x00007ff44d652440@12f7be02
[11:58:44] [REI-ReloadPlugins/DEBUG] [REI] Added display filter: me.shedaniel.rei.impl.client.registry.display.DisplayRegistryImpl$$Lambda$12792/0x00007ff44d652440@26ba4e41
[11:58:44] [REI-ReloadPlugins/DEBUG] [REI] Added display filter: me.shedaniel.rei.impl.client.registry.display.DisplayRegistryImpl$$Lambda$12792/0x00007ff44d652440@42e12116
[11:58:44] [REI-ReloadPlugins/TRACE] [REI] [REIClientPlugin END] Reloading Section: "reloadable-plugin/DisplayRegistryImpl/DefaultClientPlugin of DefaultClientPlugin [roughlyenoughitems]/" done in 39.33 ms
[11:58:44] [REI-ReloadPlugins/TRACE] [REI] [REIClientPlugin END] Reloading Section: "reloadable-plugin/DisplayRegistryImpl/create:rei_plugin of create:rei_plugin [create_aquatic_ambitions]/"
[11:58:44] [REI-ReloadPlugins/TRACE] [REI] [REIClientPlugin END] Reloading Section: "reloadable-plugin/DisplayRegistryImpl/create:rei_plugin of create:rei_plugin [create_aquatic_ambitions]/" done in 2.287 ms
[11:58:44] [REI-ReloadPlugins/TRACE] [REI] [REIClientPlugin END] Reloading Section: "reloadable-plugin/DisplayRegistryImpl/create:rei_plugin of create:rei_plugin [create]/"
[11:58:44] [REI-ReloadPlugins/TRACE] [REI] [REIClientPlugin END] Reloading Section: "reloadable-plugin/DisplayRegistryImpl/create:rei_plugin of create:rei_plugin [create]/" done in 103.6 ms
[11:58:44] [REI-ReloadPlugins/TRACE] [REI] [REIClientPlugin END] Reloading Section: "reloadable-plugin/DisplayRegistryImpl/HideIngredientsFromTagsPlugin of HideIngredientsFromTagsPlugin [roughlyenoughitems]/"
[11:58:44] [REI-ReloadPlugins/TRACE] [REI] [REIClientPlugin END] Reloading Section: "reloadable-plugin/DisplayRegistryImpl/HideIngredientsFromTagsPlugin of HideIngredientsFromTagsPlugin [roughlyenoughitems]/" done in 9.620 μs
[11:58:44] [REI-ReloadPlugins/TRACE] [REI] [REIClientPlugin END] Reloading Section: "reloadable-plugin/DisplayRegistryImpl/DefaultClientRuntimePlugin of DefaultClientRuntimePlugin [roughlyenoughitems]/"
[11:58:44] [REI-ReloadPlugins/DEBUG] [REI] Computed existing filtered displays with 3 rules in 131.4 ms
[11:58:44] [REI-ReloadPlugins/DEBUG] [REI] Added display visibility predicate: me.shedaniel.rei.plugin.client.runtime.FilteredStacksVisibilityHandler@3d60513e [0.00 priority]
[11:58:44] [REI-ReloadPlugins/TRACE] [REI] [REIClientPlugin END] Reloading Section: "reloadable-plugin/DisplayRegistryImpl/DefaultClientRuntimePlugin of DefaultClientRuntimePlugin [roughlyenoughitems]/" done in 131.6 ms
[11:58:44] [REI-ReloadPlugins/TRACE] [REI] [REIClientPlugin END] Reloading Section: "reloadable-plugin/DisplayRegistryImpl/" done in 277.4 ms
[11:58:44] [REI-ReloadPlugins/TRACE] [REI] [REIClientPlugin END] Reloading Section: "reloadable-plugin/ScreenRegistryImpl/"
[11:58:44] [REI-ReloadPlugins/TRACE] [REI] [REIClientPlugin END] Reloading Section: "reloadable-plugin/ScreenRegistryImpl/DefaultClientPlugin of DefaultClientPlugin [roughlyenoughitems]/"
[11:58:44] [REI-ReloadPlugins/TRACE] [REI] [REIClientPlugin END] Reloading Section: "reloadable-plugin/ScreenRegistryImpl/DefaultClientPlugin of DefaultClientPlugin [roughlyenoughitems]/" done in 7.170 μs
[11:58:44] [REI-ReloadPlugins/TRACE] [REI] [REIClientPlugin END] Reloading Section: "reloadable-plugin/ScreenRegistryImpl/create:rei_plugin of create:rei_plugin [create_aquatic_ambitions]/"
[11:58:44] [REI-ReloadPlugins/TRACE] [REI] [REIClientPlugin END] Reloading Section: "reloadable-plugin/ScreenRegistryImpl/create:rei_plugin of create:rei_plugin [create_aquatic_ambitions]/" done in 3.460 μs
[11:58:44] [REI-ReloadPlugins/TRACE] [REI] [REIClientPlugin END] Reloading Section: "reloadable-plugin/ScreenRegistryImpl/create:rei_plugin of create:rei_plugin [create]/"
[11:58:44] [REI-ReloadPlugins/TRACE] [REI] [REIClientPlugin END] Reloading Section: "reloadable-plugin/ScreenRegistryImpl/create:rei_plugin of create:rei_plugin [create]/" done in 2.160 μs
[11:58:44] [REI-ReloadPlugins/TRACE] [REI] [REIClientPlugin END] Reloading Section: "reloadable-plugin/ScreenRegistryImpl/HideIngredientsFromTagsPlugin of HideIngredientsFromTagsPlugin [roughlyenoughitems]/"
[11:58:44] [REI-ReloadPlugins/TRACE] [REI] [REIClientPlugin END] Reloading Section: "reloadable-plugin/ScreenRegistryImpl/HideIngredientsFromTagsPlugin of HideIngredientsFromTagsPlugin [roughlyenoughitems]/" done in 2.070 μs
[11:58:44] [REI-ReloadPlugins/TRACE] [REI] [REIClientPlugin END] Reloading Section: "reloadable-plugin/ScreenRegistryImpl/DefaultClientRuntimePlugin of DefaultClientRuntimePlugin [roughlyenoughitems]/"
[11:58:44] [REI-ReloadPlugins/TRACE] [REI] [REIClientPlugin END] Reloading Section: "reloadable-plugin/ScreenRegistryImpl/DefaultClientRuntimePlugin of DefaultClientRuntimePlugin [roughlyenoughitems]/" done in 2.000 μs
[11:58:44] [REI-ReloadPlugins/TRACE] [REI] [REIClientPlugin END] Reloading Section: "reloadable-plugin/ScreenRegistryImpl/" done in 135.7 μs
[11:58:44] [REI-ReloadPlugins/TRACE] [REI] [REIClientPlugin END] Reloading Section: "reloadable-plugin/FavoriteEntryTypeRegistryImpl/"
[11:58:44] [REI-ReloadPlugins/TRACE] [REI] [REIClientPlugin END] Reloading Section: "reloadable-plugin/FavoriteEntryTypeRegistryImpl/DefaultClientPlugin of DefaultClientPlugin [roughlyenoughitems]/"
[11:58:44] [REI-ReloadPlugins/TRACE] [REI] [REIClientPlugin END] Reloading Section: "reloadable-plugin/FavoriteEntryTypeRegistryImpl/DefaultClientPlugin of DefaultClientPlugin [roughlyenoughitems]/" done in 2.940 μs
[11:58:44] [REI-ReloadPlugins/TRACE] [REI] [REIClientPlugin END] Reloading Section: "reloadable-plugin/FavoriteEntryTypeRegistryImpl/create:rei_plugin of create:rei_plugin [create_aquatic_ambitions]/"
[11:58:44] [REI-ReloadPlugins/TRACE] [REI] [REIClientPlugin END] Reloading Section: "reloadable-plugin/FavoriteEntryTypeRegistryImpl/create:rei_plugin of create:rei_plugin [create_aquatic_ambitions]/" done in 5.530 μs
[11:58:44] [REI-ReloadPlugins/TRACE] [REI] [REIClientPlugin END] Reloading Section: "reloadable-plugin/FavoriteEntryTypeRegistryImpl/create:rei_plugin of create:rei_plugin [create]/"
[11:58:44] [REI-ReloadPlugins/TRACE] [REI] [REIClientPlugin END] Reloading Section: "reloadable-plugin/FavoriteEntryTypeRegistryImpl/create:rei_plugin of create:rei_plugin [create]/" done in 2.810 μs
[11:58:44] [REI-ReloadPlugins/TRACE] [REI] [REIClientPlugin END] Reloading Section: "reloadable-plugin/FavoriteEntryTypeRegistryImpl/HideIngredientsFromTagsPlugin of HideIngredientsFromTagsPlugin [roughlyenoughitems]/"
[11:58:44] [REI-ReloadPlugins/TRACE] [REI] [REIClientPlugin END] Reloading Section: "reloadable-plugin/FavoriteEntryTypeRegistryImpl/HideIngredientsFromTagsPlugin of HideIngredientsFromTagsPlugin [roughlyenoughitems]/" done in 2.260 μs
[11:58:44] [REI-ReloadPlugins/TRACE] [REI] [REIClientPlugin END] Reloading Section: "reloadable-plugin/FavoriteEntryTypeRegistryImpl/DefaultClientRuntimePlugin of DefaultClientRuntimePlugin [roughlyenoughitems]/"
[11:58:44] [REI-ReloadPlugins/TRACE] [REI] [REIClientPlugin END] Reloading Section: "reloadable-plugin/FavoriteEntryTypeRegistryImpl/DefaultClientRuntimePlugin of DefaultClientRuntimePlugin [roughlyenoughitems]/" done in 1.831 μs
[11:58:44] [REI-ReloadPlugins/TRACE] [REI] [REIClientPlugin END] Reloading Section: "reloadable-plugin/FavoriteEntryTypeRegistryImpl/" done in 158.8 μs
[11:58:44] [REI-ReloadPlugins/TRACE] [REI] [REIClientPlugin END] Reloading Section: "reloadable-plugin/SubsetsRegistryImpl/"
[11:58:44] [REI-ReloadPlugins/TRACE] [REI] [REIClientPlugin END] Reloading Section: "reloadable-plugin/SubsetsRegistryImpl/DefaultClientPlugin of DefaultClientPlugin [roughlyenoughitems]/"
[11:58:44] [REI-ReloadPlugins/TRACE] [REI] [REIClientPlugin END] Reloading Section: "reloadable-plugin/SubsetsRegistryImpl/DefaultClientPlugin of DefaultClientPlugin [roughlyenoughitems]/" done in 2.510 μs
[11:58:44] [REI-ReloadPlugins/TRACE] [REI] [REIClientPlugin END] Reloading Section: "reloadable-plugin/SubsetsRegistryImpl/create:rei_plugin of create:rei_plugin [create_aquatic_ambitions]/"
[11:58:44] [REI-ReloadPlugins/TRACE] [REI] [REIClientPlugin END] Reloading Section: "reloadable-plugin/SubsetsRegistryImpl/create:rei_plugin of create:rei_plugin [create_aquatic_ambitions]/" done in 2.330 μs
[11:58:44] [REI-ReloadPlugins/TRACE] [REI] [REIClientPlugin END] Reloading Section: "reloadable-plugin/SubsetsRegistryImpl/create:rei_plugin of create:rei_plugin [create]/"
[11:58:44] [REI-ReloadPlugins/TRACE] [REI] [REIClientPlugin END] Reloading Section: "reloadable-plugin/SubsetsRegistryImpl/create:rei_plugin of create:rei_plugin [create]/" done in 2.120 μs
[11:58:44] [REI-ReloadPlugins/TRACE] [REI] [REIClientPlugin END] Reloading Section: "reloadable-plugin/SubsetsRegistryImpl/HideIngredientsFromTagsPlugin of HideIngredientsFromTagsPlugin [roughlyenoughitems]/"
[11:58:44] [REI-ReloadPlugins/TRACE] [REI] [REIClientPlugin END] Reloading Section: "reloadable-plugin/SubsetsRegistryImpl/HideIngredientsFromTagsPlugin of HideIngredientsFromTagsPlugin [roughlyenoughitems]/" done in 1.890 μs
[11:58:44] [REI-ReloadPlugins/TRACE] [REI] [REIClientPlugin END] Reloading Section: "reloadable-plugin/SubsetsRegistryImpl/DefaultClientRuntimePlugin of DefaultClientRuntimePlugin [roughlyenoughitems]/"
[11:58:44] [REI-ReloadPlugins/TRACE] [REI] [REIClientPlugin END] Reloading Section: "reloadable-plugin/SubsetsRegistryImpl/DefaultClientRuntimePlugin of DefaultClientRuntimePlugin [roughlyenoughitems]/" done in 1.980 μs
[11:58:44] [REI-ReloadPlugins/TRACE] [REI] [REIClientPlugin END] Reloading Section: "reloadable-plugin/SubsetsRegistryImpl/" done in 105.8 μs
[11:58:44] [REI-ReloadPlugins/TRACE] [REI] [REIClientPlugin END] Reloading Section: "reloadable-plugin/TransferHandlerRegistryImpl/"
[11:58:44] [REI-ReloadPlugins/TRACE] [REI] [REIClientPlugin END] Reloading Section: "reloadable-plugin/TransferHandlerRegistryImpl/DefaultClientPlugin of DefaultClientPlugin [roughlyenoughitems]/"
[11:58:44] [REI-ReloadPlugins/DEBUG] [REI] Added transfer handler: me.shedaniel.rei.plugin.autocrafting.recipebook.DefaultRecipeBookHandler@3be26791 [-20.00 priority]
[11:58:44] [REI-ReloadPlugins/TRACE] [REI] [REIClientPlugin END] Reloading Section: "reloadable-plugin/TransferHandlerRegistryImpl/DefaultClientPlugin of DefaultClientPlugin [roughlyenoughitems]/" done in 976.1 μs
[11:58:44] [REI-ReloadPlugins/TRACE] [REI] [REIClientPlugin END] Reloading Section: "reloadable-plugin/TransferHandlerRegistryImpl/create:rei_plugin of create:rei_plugin [create_aquatic_ambitions]/"
[11:58:44] [REI-ReloadPlugins/DEBUG] [REI] Added transfer handler: com.simibubi.create.compat.rei.BlueprintTransferHandler@3cf2bf45 [0.00 priority]
[11:58:44] [REI-ReloadPlugins/TRACE] [REI] [REIClientPlugin END] Reloading Section: "reloadable-plugin/TransferHandlerRegistryImpl/create:rei_plugin of create:rei_plugin [create_aquatic_ambitions]/" done in 270.0 μs
[11:58:44] [REI-ReloadPlugins/TRACE] [REI] [REIClientPlugin END] Reloading Section: "reloadable-plugin/TransferHandlerRegistryImpl/create:rei_plugin of create:rei_plugin [create]/"
[11:58:44] [REI-ReloadPlugins/DEBUG] [REI] Added transfer handler: com.simibubi.create.compat.rei.BlueprintTransferHandler@5120dd2b [0.00 priority]
[11:58:44] [REI-ReloadPlugins/TRACE] [REI] [REIClientPlugin END] Reloading Section: "reloadable-plugin/TransferHandlerRegistryImpl/create:rei_plugin of create:rei_plugin [create]/" done in 30.42 μs
[11:58:44] [REI-ReloadPlugins/TRACE] [REI] [REIClientPlugin END] Reloading Section: "reloadable-plugin/TransferHandlerRegistryImpl/HideIngredientsFromTagsPlugin of HideIngredientsFromTagsPlugin [roughlyenoughitems]/"
[11:58:44] [REI-ReloadPlugins/TRACE] [REI] [REIClientPlugin END] Reloading Section: "reloadable-plugin/TransferHandlerRegistryImpl/HideIngredientsFromTagsPlugin of HideIngredientsFromTagsPlugin [roughlyenoughitems]/" done in 3.920 μs
[11:58:44] [REI-ReloadPlugins/TRACE] [REI] [REIClientPlugin END] Reloading Section: "reloadable-plugin/TransferHandlerRegistryImpl/DefaultClientRuntimePlugin of DefaultClientRuntimePlugin [roughlyenoughitems]/"
[11:58:44] [REI-ReloadPlugins/DEBUG] [REI] Added transfer handler: me.shedaniel.rei.plugin.autocrafting.DefaultCategoryHandler@3d85d876 [-10.00 priority]
[11:58:44] [REI-ReloadPlugins/TRACE] [REI] [REIClientPlugin END] Reloading Section: "reloadable-plugin/TransferHandlerRegistryImpl/DefaultClientRuntimePlugin of DefaultClientRuntimePlugin [roughlyenoughitems]/" done in 1.082 ms
[11:58:44] [REI-ReloadPlugins/TRACE] [REI] [REIClientPlugin END] Reloading Section: "reloadable-plugin/TransferHandlerRegistryImpl/" done in 2.546 ms
[11:58:44] [REI-ReloadPlugins/TRACE] [REI] [REIClientPlugin END] Reloading Section: "reloadable-plugin/SearchRuntime/"
[11:58:44] [REI-ReloadPlugins/TRACE] [REI] [REIClientPlugin END] Reloading Section: "reloadable-plugin/SearchRuntime/DefaultClientPlugin of DefaultClientPlugin [roughlyenoughitems]/"
[11:58:44] [REI-ReloadPlugins/TRACE] [REI] [REIClientPlugin END] Reloading Section: "reloadable-plugin/SearchRuntime/DefaultClientPlugin of DefaultClientPlugin [roughlyenoughitems]/" done in 6.110 μs
[11:58:44] [REI-ReloadPlugins/TRACE] [REI] [REIClientPlugin END] Reloading Section: "reloadable-plugin/SearchRuntime/create:rei_plugin of create:rei_plugin [create_aquatic_ambitions]/"
[11:58:44] [REI-ReloadPlugins/TRACE] [REI] [REIClientPlugin END] Reloading Section: "reloadable-plugin/SearchRuntime/create:rei_plugin of create:rei_plugin [create_aquatic_ambitions]/" done in 2.680 μs
[11:58:44] [REI-ReloadPlugins/TRACE] [REI] [REIClientPlugin END] Reloading Section: "reloadable-plugin/SearchRuntime/create:rei_plugin of create:rei_plugin [create]/"
[11:58:44] [REI-ReloadPlugins/TRACE] [REI] [REIClientPlugin END] Reloading Section: "reloadable-plugin/SearchRuntime/create:rei_plugin of create:rei_plugin [create]/" done in 2.080 μs
[11:58:44] [REI-ReloadPlugins/TRACE] [REI] [REIClientPlugin END] Reloading Section: "reloadable-plugin/SearchRuntime/HideIngredientsFromTagsPlugin of HideIngredientsFromTagsPlugin [roughlyenoughitems]/"
[11:58:44] [REI-ReloadPlugins/TRACE] [REI] [REIClientPlugin END] Reloading Section: "reloadable-plugin/SearchRuntime/HideIngredientsFromTagsPlugin of HideIngredientsFromTagsPlugin [roughlyenoughitems]/" done in 3.770 μs
[11:58:44] [REI-ReloadPlugins/TRACE] [REI] [REIClientPlugin END] Reloading Section: "reloadable-plugin/SearchRuntime/DefaultClientRuntimePlugin of DefaultClientRuntimePlugin [roughlyenoughitems]/"
[11:58:44] [REI-ReloadPlugins/TRACE] [REI] [REIClientPlugin END] Reloading Section: "reloadable-plugin/SearchRuntime/DefaultClientRuntimePlugin of DefaultClientRuntimePlugin [roughlyenoughitems]/" done in 3.190 μs
[11:58:44] [REI-ReloadPlugins/TRACE] [REI] [REIClientPlugin END] Reloading Section: "reloadable-plugin/SearchRuntime/" done in 135.5 μs
[11:58:44] [REI-ReloadPlugins/TRACE] [REI] [REIClientPlugin END] Reloading Section: "reloadable-plugin/REIRuntimeImpl/"
[11:58:44] [REI-ReloadPlugins/TRACE] [REI] [REIClientPlugin END] Reloading Section: "reloadable-plugin/REIRuntimeImpl/DefaultClientPlugin of DefaultClientPlugin [roughlyenoughitems]/"
[11:58:44] [REI-ReloadPlugins/TRACE] [REI] [REIClientPlugin END] Reloading Section: "reloadable-plugin/REIRuntimeImpl/DefaultClientPlugin of DefaultClientPlugin [roughlyenoughitems]/" done in 2.760 μs
[11:58:44] [REI-ReloadPlugins/TRACE] [REI] [REIClientPlugin END] Reloading Section: "reloadable-plugin/REIRuntimeImpl/create:rei_plugin of create:rei_plugin [create_aquatic_ambitions]/"
[11:58:44] [REI-ReloadPlugins/TRACE] [REI] [REIClientPlugin END] Reloading Section: "reloadable-plugin/REIRuntimeImpl/create:rei_plugin of create:rei_plugin [create_aquatic_ambitions]/" done in 2.530 μs
[11:58:44] [REI-ReloadPlugins/TRACE] [REI] [REIClientPlugin END] Reloading Section: "reloadable-plugin/REIRuntimeImpl/create:rei_plugin of create:rei_plugin [create]/"
[11:58:44] [REI-ReloadPlugins/TRACE] [REI] [REIClientPlugin END] Reloading Section: "reloadable-plugin/REIRuntimeImpl/create:rei_plugin of create:rei_plugin [create]/" done in 2.410 μs
[11:58:44] [REI-ReloadPlugins/TRACE] [REI] [REIClientPlugin END] Reloading Section: "reloadable-plugin/REIRuntimeImpl/HideIngredientsFromTagsPlugin of HideIngredientsFromTagsPlugin [roughlyenoughitems]/"
[11:58:44] [REI-ReloadPlugins/TRACE] [REI] [REIClientPlugin END] Reloading Section: "reloadable-plugin/REIRuntimeImpl/HideIngredientsFromTagsPlugin of HideIngredientsFromTagsPlugin [roughlyenoughitems]/" done in 2.270 μs
[11:58:44] [REI-ReloadPlugins/TRACE] [REI] [REIClientPlugin END] Reloading Section: "reloadable-plugin/REIRuntimeImpl/DefaultClientRuntimePlugin of DefaultClientRuntimePlugin [roughlyenoughitems]/"
[11:58:44] [REI-ReloadPlugins/TRACE] [REI] [REIClientPlugin END] Reloading Section: "reloadable-plugin/REIRuntimeImpl/DefaultClientRuntimePlugin of DefaultClientRuntimePlugin [roughlyenoughitems]/" done in 1.990 μs
[11:58:44] [REI-ReloadPlugins/TRACE] [REI] [REIClientPlugin END] Reloading Section: "reloadable-plugin/REIRuntimeImpl/" done in 118.8 μs
[11:58:44] [REI-ReloadPlugins/TRACE] [REI] [REIClientPlugin END] Reloading Section: "reloadable-plugin/ConfigAddonRegistryImpl/"
[11:58:44] [REI-ReloadPlugins/TRACE] [REI] [REIClientPlugin END] Reloading Section: "reloadable-plugin/ConfigAddonRegistryImpl/DefaultClientPlugin of DefaultClientPlugin [roughlyenoughitems]/"
[11:58:44] [REI-ReloadPlugins/TRACE] [REI] [REIClientPlugin END] Reloading Section: "reloadable-plugin/ConfigAddonRegistryImpl/DefaultClientPlugin of DefaultClientPlugin [roughlyenoughitems]/" done in 12.60 μs
[11:58:44] [REI-ReloadPlugins/TRACE] [REI] [REIClientPlugin END] Reloading Section: "reloadable-plugin/ConfigAddonRegistryImpl/create:rei_plugin of create:rei_plugin [create_aquatic_ambitions]/"
[11:58:44] [REI-ReloadPlugins/TRACE] [REI] [REIClientPlugin END] Reloading Section: "reloadable-plugin/ConfigAddonRegistryImpl/create:rei_plugin of create:rei_plugin [create_aquatic_ambitions]/" done in 3.300 μs
[11:58:44] [REI-ReloadPlugins/TRACE] [REI] [REIClientPlugin END] Reloading Section: "reloadable-plugin/ConfigAddonRegistryImpl/create:rei_plugin of create:rei_plugin [create]/"
[11:58:44] [REI-ReloadPlugins/TRACE] [REI] [REIClientPlugin END] Reloading Section: "reloadable-plugin/ConfigAddonRegistryImpl/create:rei_plugin of create:rei_plugin [create]/" done in 2.280 μs
[11:58:44] [REI-ReloadPlugins/TRACE] [REI] [REIClientPlugin END] Reloading Section: "reloadable-plugin/ConfigAddonRegistryImpl/HideIngredientsFromTagsPlugin of HideIngredientsFromTagsPlugin [roughlyenoughitems]/"
[11:58:44] [REI-ReloadPlugins/TRACE] [REI] [REIClientPlugin END] Reloading Section: "reloadable-plugin/ConfigAddonRegistryImpl/HideIngredientsFromTagsPlugin of HideIngredientsFromTagsPlugin [roughlyenoughitems]/" done in 4.000 μs
[11:58:44] [REI-ReloadPlugins/TRACE] [REI] [REIClientPlugin END] Reloading Section: "reloadable-plugin/ConfigAddonRegistryImpl/DefaultClientRuntimePlugin of DefaultClientRuntimePlugin [roughlyenoughitems]/"
[11:58:44] [REI-ReloadPlugins/TRACE] [REI] [REIClientPlugin END] Reloading Section: "reloadable-plugin/ConfigAddonRegistryImpl/DefaultClientRuntimePlugin of DefaultClientRuntimePlugin [roughlyenoughitems]/" done in 2.380 μs
[11:58:44] [REI-ReloadPlugins/TRACE] [REI] [REIClientPlugin END] Reloading Section: "reloadable-plugin/ConfigAddonRegistryImpl/" done in 129.8 μs
[11:58:44] [REI-ReloadPlugins/TRACE] [REI] [REIClientPlugin END] Reloading Section: "reloadable-plugin/me.shedaniel.rei.plugin.client.runtime.PluginStageExecutionWatcher$1/"
[11:58:44] [REI-ReloadPlugins/TRACE] [REI] [REIClientPlugin END] Reloading Section: "reloadable-plugin/me.shedaniel.rei.plugin.client.runtime.PluginStageExecutionWatcher$1/DefaultClientPlugin of DefaultClientPlugin [roughlyenoughitems]/"
[11:58:44] [REI-ReloadPlugins/TRACE] [REI] [REIClientPlugin END] Reloading Section: "reloadable-plugin/me.shedaniel.rei.plugin.client.runtime.PluginStageExecutionWatcher$1/DefaultClientPlugin of DefaultClientPlugin [roughlyenoughitems]/" done in 2.900 μs
[11:58:44] [REI-ReloadPlugins/TRACE] [REI] [REIClientPlugin END] Reloading Section: "reloadable-plugin/me.shedaniel.rei.plugin.client.runtime.PluginStageExecutionWatcher$1/create:rei_plugin of create:rei_plugin [create_aquatic_ambitions]/"
[11:58:44] [REI-ReloadPlugins/TRACE] [REI] [REIClientPlugin END] Reloading Section: "reloadable-plugin/me.shedaniel.rei.plugin.client.runtime.PluginStageExecutionWatcher$1/create:rei_plugin of create:rei_plugin [create_aquatic_ambitions]/" done in 2.600 μs
[11:58:44] [REI-ReloadPlugins/TRACE] [REI] [REIClientPlugin END] Reloading Section: "reloadable-plugin/me.shedaniel.rei.plugin.client.runtime.PluginStageExecutionWatcher$1/create:rei_plugin of create:rei_plugin [create]/"
[11:58:44] [REI-ReloadPlugins/TRACE] [REI] [REIClientPlugin END] Reloading Section: "reloadable-plugin/me.shedaniel.rei.plugin.client.runtime.PluginStageExecutionWatcher$1/create:rei_plugin of create:rei_plugin [create]/" done in 3.490 μs
[11:58:44] [REI-ReloadPlugins/TRACE] [REI] [REIClientPlugin END] Reloading Section: "reloadable-plugin/me.shedaniel.rei.plugin.client.runtime.PluginStageExecutionWatcher$1/HideIngredientsFromTagsPlugin of HideIngredientsFromTagsPlugin [roughlyenoughitems]/"
[11:58:44] [REI-ReloadPlugins/TRACE] [REI] [REIClientPlugin END] Reloading Section: "reloadable-plugin/me.shedaniel.rei.plugin.client.runtime.PluginStageExecutionWatcher$1/HideIngredientsFromTagsPlugin of HideIngredientsFromTagsPlugin [roughlyenoughitems]/" done in 2.340 μs
[11:58:44] [REI-ReloadPlugins/TRACE] [REI] [REIClientPlugin END] Reloading Section: "reloadable-plugin/me.shedaniel.rei.plugin.client.runtime.PluginStageExecutionWatcher$1/DefaultClientRuntimePlugin of DefaultClientRuntimePlugin [roughlyenoughitems]/"
[11:58:44] [REI-ReloadPlugins/TRACE] [REI] [REIClientPlugin END] Reloading Section: "reloadable-plugin/me.shedaniel.rei.plugin.client.runtime.PluginStageExecutionWatcher$1/DefaultClientRuntimePlugin of DefaultClientRuntimePlugin [roughlyenoughitems]/" done in 2.710 μs
[11:58:44] [REI-ReloadPlugins/TRACE] [REI] [REIClientPlugin END] Reloading Section: "reloadable-plugin/me.shedaniel.rei.plugin.client.runtime.PluginStageExecutionWatcher$1/" done in 110.4 μs
[11:58:44] [REI-ReloadPlugins/DEBUG] [REI] ========================================
[11:58:44] [REI-ReloadPlugins/DEBUG] [REI] REIClientPlugin ending main-reload for END.
[11:58:44] [REI-ReloadPlugins/DEBUG] [REI] ========================================
[11:58:44] [REI-ReloadPlugins/TRACE] [REI] [REIClientPlugin END] Reloading Section: "end-reload/"
[11:58:44] [REI-ReloadPlugins/TRACE] [REI] [REIClientPlugin END] Reloading Section: "end-reload/EntryRendererRegistryImpl/"
[11:58:44] [REI-ReloadPlugins/TRACE] [REI] [REIClientPlugin END] Reloading Section: "end-reload/EntryRendererRegistryImpl/" done in 2.750 μs
[11:58:44] [REI-ReloadPlugins/TRACE] [REI] [REIClientPlugin END] Reloading Section: "end-reload/ViewsImpl/"
[11:58:44] [REI-ReloadPlugins/TRACE] [REI] [REIClientPlugin END] Reloading Section: "end-reload/ViewsImpl/" done in 1.500 μs
[11:58:44] [REI-ReloadPlugins/TRACE] [REI] [REIClientPlugin END] Reloading Section: "end-reload/InputMethodRegistryImpl/"
[11:58:44] [REI-ReloadPlugins/DEBUG] [REI] Registered 5 input methods: Default, Jyutping (Cantonese), Pinyin (Mandarin), Bopomofo (Mandarin), Double Pinyin (Mandarin)
[11:58:44] [REI-ReloadPlugins/TRACE] [REI] [REIClientPlugin END] Reloading Section: "end-reload/InputMethodRegistryImpl/" done in 1.137 ms
[11:58:44] [REI-ReloadPlugins/TRACE] [REI] [REIClientPlugin END] Reloading Section: "end-reload/SearchProviderImpl/"
[11:58:44] [REI-ReloadPlugins/TRACE] [REI] [REIClientPlugin END] Reloading Section: "end-reload/SearchProviderImpl/" done in 3.610 μs
[11:58:44] [REI-ReloadPlugins/TRACE] [REI] [REIClientPlugin END] Reloading Section: "end-reload/ConfigManagerImpl/"
[11:58:44] [REI-ReloadPlugins/TRACE] [REI] [REIClientPlugin END] Reloading Section: "end-reload/ConfigManagerImpl/" done in 2.610 μs
[11:58:44] [REI-ReloadPlugins/TRACE] [REI] [REIClientPlugin END] Reloading Section: "end-reload/EntryRegistryImpl/"
[11:58:44] [REI-ReloadPlugins/TRACE] [REI] [REIClientPlugin END] Reloading Section: "end-reload/EntryRegistryImpl/" done in 2.620 μs
[11:58:44] [REI-ReloadPlugins/TRACE] [REI] [REIClientPlugin END] Reloading Section: "end-reload/CollapsibleEntryRegistryImpl/"
[11:58:44] [REI-ReloadPlugins/DEBUG] [REI] Registered 0 collapsible entry groups: 
[11:58:44] [REI-ReloadPlugins/TRACE] [REI] [REIClientPlugin END] Reloading Section: "end-reload/CollapsibleEntryRegistryImpl/" done in 303.1 μs
[11:58:44] [REI-ReloadPlugins/TRACE] [REI] [REIClientPlugin END] Reloading Section: "end-reload/BasicFilteringRuleImpl/"
[11:58:44] [REI-ReloadPlugins/TRACE] [REI] [REIClientPlugin END] Reloading Section: "end-reload/BasicFilteringRuleImpl/" done in 2.550 μs
[11:58:44] [REI-ReloadPlugins/TRACE] [REI] [REIClientPlugin END] Reloading Section: "end-reload/CategoryRegistryImpl/"
[11:58:44] [REI-ReloadPlugins/DEBUG] [REI] Registered 46 categories: Crafting, Smelting, Smoking, Blasting, Campfire, Stone Cutting, Fuel, Brewing, Composting, Stripping, Smithing, Anvil, Beacon Base, Beacon Payment, Tilling, Pathing, Waxing, Wax Scraping, Oxidizing, Oxidation Scraping, Conduit Channeling, Milling, Crushing, Pressing, Bulk Washing, Bulk Smoking, Bulk Blasting, Bulk Haunting, Mixing, Automated Shapeless Crafting, Automated Brewing, Compacting, Automated Packing, Sawing, Block Cutting, Sandpaper Polishing, Manual Item Application, Deploying, Filling by Spout, Item Draining, Automated Shaped Crafting, Mechanical Crafting, Recipe Sequence, Mysterious Conversion, Information, Tag
[11:58:44] [REI-ReloadPlugins/TRACE] [REI] [REIClientPlugin END] Reloading Section: "end-reload/CategoryRegistryImpl/" done in 182.4 μs
[11:58:44] [REI-ReloadPlugins/TRACE] [REI] [REIClientPlugin END] Reloading Section: "end-reload/DisplayRegistryImpl/"
[11:58:44] [REI-ReloadPlugins/DEBUG] [REI] Processing 6428 displays for optimal lookup performance...
[11:58:44] [REI-ReloadPlugins/DEBUG] [REI] Processed displays for optimal lookup performance in 56.74 ms.
[11:58:44] [REI-ReloadPlugins/DEBUG] [REI] Registered 6428 displays
[11:58:44] [REI-ReloadPlugins/TRACE] [REI] [REIClientPlugin END] Reloading Section: "end-reload/DisplayRegistryImpl/" done in 76.00 ms
[11:58:44] [REI-ReloadPlugins/TRACE] [REI] [REIClientPlugin END] Reloading Section: "end-reload/ScreenRegistryImpl/"
[11:58:44] [REI-ReloadPlugins/TRACE] [REI] [REIClientPlugin END] Reloading Section: "end-reload/ScreenRegistryImpl/" done in 8.610 μs
[11:58:44] [REI-ReloadPlugins/TRACE] [REI] [REIClientPlugin END] Reloading Section: "end-reload/FavoriteEntryTypeRegistryImpl/"
[11:58:44] [REI-ReloadPlugins/TRACE] [REI] [REIClientPlugin END] Reloading Section: "end-reload/FavoriteEntryTypeRegistryImpl/" done in 4.970 μs
[11:58:44] [REI-ReloadPlugins/TRACE] [REI] [REIClientPlugin END] Reloading Section: "end-reload/SubsetsRegistryImpl/"
[11:58:44] [REI-ReloadPlugins/TRACE] [REI] [REIClientPlugin END] Reloading Section: "end-reload/SubsetsRegistryImpl/" done in 3.130 μs
[11:58:44] [REI-ReloadPlugins/TRACE] [REI] [REIClientPlugin END] Reloading Section: "end-reload/TransferHandlerRegistryImpl/"
[11:58:44] [REI-ReloadPlugins/DEBUG] [REI] Registered 4 transfer handlers
[11:58:44] [REI-ReloadPlugins/TRACE] [REI] [REIClientPlugin END] Reloading Section: "end-reload/TransferHandlerRegistryImpl/" done in 40.43 μs
[11:58:44] [REI-ReloadPlugins/TRACE] [REI] [REIClientPlugin END] Reloading Section: "end-reload/SearchRuntime/"
[11:58:44] [REI-ReloadPlugins/TRACE] [REI] Preparing 15806 stacks for search arguments
[11:58:44] [REI-ReloadPlugins/TRACE] [REI] Prepared 15806 / 15806 stacks for search arguments in 91ms
[11:58:44] [REI-ReloadPlugins/DEBUG] [REI] Preparing collapsed entry groups cache with 0 entries and 2258 stacks
[11:58:44] [REI-ReloadPlugins/DEBUG] [REI] Prepared collapsed entry groups cache with 0 entries and 2258 stacks
[11:58:44] [REI-ReloadPlugins/TRACE] [REI] [REIClientPlugin END] Reloading Section: "end-reload/SearchRuntime/" done in 91.66 ms
[11:58:44] [REI-ReloadPlugins/TRACE] [REI] [REIClientPlugin END] Reloading Section: "end-reload/REIRuntimeImpl/"
[11:58:44] [REI-ReloadPlugins/TRACE] [REI] [REIClientPlugin END] Reloading Section: "end-reload/REIRuntimeImpl/" done in 11.48 μs
[11:58:44] [REI-ReloadPlugins/TRACE] [REI] [REIClientPlugin END] Reloading Section: "end-reload/ConfigAddonRegistryImpl/"
[11:58:44] [REI-ReloadPlugins/DEBUG] [REI] Registered 0 config addons
[11:58:44] [REI-ReloadPlugins/TRACE] [REI] [REIClientPlugin END] Reloading Section: "end-reload/ConfigAddonRegistryImpl/" done in 39.35 μs
[11:58:44] [REI-ReloadPlugins/TRACE] [REI] [REIClientPlugin END] Reloading Section: "end-reload/me.shedaniel.rei.plugin.client.runtime.PluginStageExecutionWatcher$1/"
[11:58:44] [REI-ReloadPlugins/TRACE] [REI] [REIClientPlugin END] Reloading Section: "end-reload/me.shedaniel.rei.plugin.client.runtime.PluginStageExecutionWatcher$1/" done in 7.150 μs
[11:58:44] [REI-ReloadPlugins/TRACE] [REI] [REIClientPlugin END] Reloading Section: "end-reload/" done in 170.0 ms
[11:58:44] [REI-ReloadPlugins/DEBUG] [REI] ========================================
[11:58:44] [REI-ReloadPlugins/DEBUG] [REI] REIClientPlugin ended main-reload for END in 512.3 ms.
[11:58:44] [REI-ReloadPlugins/DEBUG] [REI] ========================================
[11:58:44] [REI-ReloadPlugins/INFO] [REI] ----------------------------------------
[11:58:44] [REI-ReloadPlugins/INFO] [REI] REIServerPlugin starting main-reload for END.
[11:58:44] [REI-ReloadPlugins/DEBUG] [REI] Reloadables (2):
[11:58:44] [REI-ReloadPlugins/DEBUG] [REI]  - MenuInfoRegistryImpl
[11:58:44] [REI-ReloadPlugins/DEBUG] [REI]  - me.shedaniel.rei.plugin.client.runtime.PluginStageExecutionWatcher$1
[11:58:44] [REI-ReloadPlugins/INFO] [REI] Plugins (3):
[11:58:44] [REI-ReloadPlugins/INFO] [REI]  - (-100.00) DefaultPlugin of DefaultPlugin [roughlyenoughitems]
[11:58:44] [REI-ReloadPlugins/INFO] [REI]  - (0.00) FabricFluidAPISupportPlugin
[11:58:44] [REI-ReloadPlugins/INFO] [REI]  - (0.00) DefaultRuntimePlugin of DefaultRuntimePlugin [roughlyenoughitems]
[11:58:44] [REI-ReloadPlugins/INFO] [REI] ----------------------------------------
[11:58:44] [REI-ReloadPlugins/TRACE] [REI] [REIServerPlugin END] Reloading Section: "start-reload/"
[11:58:44] [REI-ReloadPlugins/TRACE] [REI] [REIServerPlugin END] Reloading Section: "start-reload/MenuInfoRegistryImpl/"
[11:58:44] [REI-ReloadPlugins/TRACE] [REI] [REIServerPlugin END] Reloading Section: "start-reload/MenuInfoRegistryImpl/" done in 15.03 μs
[11:58:44] [REI-ReloadPlugins/TRACE] [REI] [REIServerPlugin END] Reloading Section: "start-reload/me.shedaniel.rei.plugin.client.runtime.PluginStageExecutionWatcher$1/"
[11:58:44] [REI-ReloadPlugins/TRACE] [REI] [REIServerPlugin END] Reloading Section: "start-reload/me.shedaniel.rei.plugin.client.runtime.PluginStageExecutionWatcher$1/" done in 5.780 μs
[11:58:44] [REI-ReloadPlugins/TRACE] [REI] [REIServerPlugin END] Reloading Section: "start-reload/" done in 109.3 μs
[11:58:44] [REI-ReloadPlugins/DEBUG] [REI] ========================================
[11:58:44] [REI-ReloadPlugins/DEBUG] [REI] REIServerPlugin started main-reload for END.
[11:58:44] [REI-ReloadPlugins/DEBUG] [REI] ========================================
[11:58:44] [REI-ReloadPlugins/TRACE] [REI] [REIServerPlugin END] Reloading Section: "reloadable-plugin/MenuInfoRegistryImpl/"
[11:58:44] [REI-ReloadPlugins/TRACE] [REI] [REIServerPlugin END] Reloading Section: "reloadable-plugin/MenuInfoRegistryImpl/DefaultPlugin of DefaultPlugin [roughlyenoughitems]/"
[11:58:44] [REI-ReloadPlugins/DEBUG] [REI] Added menu info for class net.minecraft.world.inventory.CraftingMenu [minecraft:plugins/crafting]: me.shedaniel.rei.api.common.transfer.info.simple.SimpleMenuInfoProvider$$Lambda$13051/0x00007ff44d6b86a8@6ac334e5
[11:58:44] [REI-ReloadPlugins/DEBUG] [REI] Added menu info for class net.minecraft.world.inventory.InventoryMenu [minecraft:plugins/crafting]: me.shedaniel.rei.api.common.transfer.info.simple.SimpleMenuInfoProvider$$Lambda$13051/0x00007ff44d6b86a8@11e84f1d
[11:58:44] [REI-ReloadPlugins/DEBUG] [REI] Added menu info for class net.minecraft.world.inventory.FurnaceMenu [minecraft:plugins/smelting]: me.shedaniel.rei.api.common.transfer.info.simple.SimpleMenuInfoProvider$$Lambda$13051/0x00007ff44d6b86a8@37d8c002
[11:58:44] [REI-ReloadPlugins/DEBUG] [REI] Added menu info for class net.minecraft.world.inventory.SmokerMenu [minecraft:plugins/smoking]: me.shedaniel.rei.api.common.transfer.info.simple.SimpleMenuInfoProvider$$Lambda$13051/0x00007ff44d6b86a8@5c6ac739
[11:58:44] [REI-ReloadPlugins/DEBUG] [REI] Added menu info for class net.minecraft.world.inventory.BlastFurnaceMenu [minecraft:plugins/blasting]: me.shedaniel.rei.api.common.transfer.info.simple.SimpleMenuInfoProvider$$Lambda$13051/0x00007ff44d6b86a8@14b6a497
[11:58:44] [REI-ReloadPlugins/TRACE] [REI] [REIServerPlugin END] Reloading Section: "reloadable-plugin/MenuInfoRegistryImpl/DefaultPlugin of DefaultPlugin [roughlyenoughitems]/" done in 3.140 ms
[11:58:44] [REI-ReloadPlugins/TRACE] [REI] [REIServerPlugin END] Reloading Section: "reloadable-plugin/MenuInfoRegistryImpl/FabricFluidAPISupportPlugin/"
[11:58:44] [REI-ReloadPlugins/TRACE] [REI] [REIServerPlugin END] Reloading Section: "reloadable-plugin/MenuInfoRegistryImpl/FabricFluidAPISupportPlugin/" done in 12.96 μs
[11:58:44] [REI-ReloadPlugins/TRACE] [REI] [REIServerPlugin END] Reloading Section: "reloadable-plugin/MenuInfoRegistryImpl/DefaultRuntimePlugin of DefaultRuntimePlugin [roughlyenoughitems]/"
[11:58:44] [REI-ReloadPlugins/TRACE] [REI] [REIServerPlugin END] Reloading Section: "reloadable-plugin/MenuInfoRegistryImpl/DefaultRuntimePlugin of DefaultRuntimePlugin [roughlyenoughitems]/" done in 4.740 μs
[11:58:44] [REI-ReloadPlugins/TRACE] [REI] [REIServerPlugin END] Reloading Section: "reloadable-plugin/MenuInfoRegistryImpl/" done in 3.356 ms
[11:58:44] [REI-ReloadPlugins/TRACE] [REI] [REIServerPlugin END] Reloading Section: "reloadable-plugin/me.shedaniel.rei.plugin.client.runtime.PluginStageExecutionWatcher$1/"
[11:58:44] [REI-ReloadPlugins/TRACE] [REI] [REIServerPlugin END] Reloading Section: "reloadable-plugin/me.shedaniel.rei.plugin.client.runtime.PluginStageExecutionWatcher$1/DefaultPlugin of DefaultPlugin [roughlyenoughitems]/"
[11:58:44] [REI-ReloadPlugins/TRACE] [REI] [REIServerPlugin END] Reloading Section: "reloadable-plugin/me.shedaniel.rei.plugin.client.runtime.PluginStageExecutionWatcher$1/DefaultPlugin of DefaultPlugin [roughlyenoughitems]/" done in 3.530 μs
[11:58:44] [REI-ReloadPlugins/TRACE] [REI] [REIServerPlugin END] Reloading Section: "reloadable-plugin/me.shedaniel.rei.plugin.client.runtime.PluginStageExecutionWatcher$1/FabricFluidAPISupportPlugin/"
[11:58:44] [REI-ReloadPlugins/TRACE] [REI] [REIServerPlugin END] Reloading Section: "reloadable-plugin/me.shedaniel.rei.plugin.client.runtime.PluginStageExecutionWatcher$1/FabricFluidAPISupportPlugin/" done in 3.280 μs
[11:58:44] [REI-ReloadPlugins/TRACE] [REI] [REIServerPlugin END] Reloading Section: "reloadable-plugin/me.shedaniel.rei.plugin.client.runtime.PluginStageExecutionWatcher$1/DefaultRuntimePlugin of DefaultRuntimePlugin [roughlyenoughitems]/"
[11:58:44] [REI-ReloadPlugins/TRACE] [REI] [REIServerPlugin END] Reloading Section: "reloadable-plugin/me.shedaniel.rei.plugin.client.runtime.PluginStageExecutionWatcher$1/DefaultRuntimePlugin of DefaultRuntimePlugin [roughlyenoughitems]/" done in 2.640 μs
[11:58:44] [REI-ReloadPlugins/TRACE] [REI] [REIServerPlugin END] Reloading Section: "reloadable-plugin/me.shedaniel.rei.plugin.client.runtime.PluginStageExecutionWatcher$1/" done in 143.5 μs
[11:58:44] [REI-ReloadPlugins/DEBUG] [REI] ========================================
[11:58:44] [REI-ReloadPlugins/DEBUG] [REI] REIServerPlugin ending main-reload for END.
[11:58:44] [REI-ReloadPlugins/DEBUG] [REI] ========================================
[11:58:44] [REI-ReloadPlugins/TRACE] [REI] [REIServerPlugin END] Reloading Section: "end-reload/"
[11:58:44] [REI-ReloadPlugins/TRACE] [REI] [REIServerPlugin END] Reloading Section: "end-reload/MenuInfoRegistryImpl/"
[11:58:44] [REI-ReloadPlugins/DEBUG] [REI] Registered 4 menu infos
[11:58:44] [REI-ReloadPlugins/TRACE] [REI] [REIServerPlugin END] Reloading Section: "end-reload/MenuInfoRegistryImpl/" done in 46.54 μs
[11:58:44] [REI-ReloadPlugins/TRACE] [REI] [REIServerPlugin END] Reloading Section: "end-reload/me.shedaniel.rei.plugin.client.runtime.PluginStageExecutionWatcher$1/"
[11:58:44] [REI-ReloadPlugins/TRACE] [REI] [REIServerPlugin END] Reloading Section: "end-reload/me.shedaniel.rei.plugin.client.runtime.PluginStageExecutionWatcher$1/" done in 3.810 μs
[11:58:44] [REI-ReloadPlugins/TRACE] [REI] [REIServerPlugin END] Reloading Section: "end-reload/" done in 118.1 μs
[11:58:44] [REI-ReloadPlugins/DEBUG] [REI] ========================================
[11:58:44] [REI-ReloadPlugins/DEBUG] [REI] REIServerPlugin ended main-reload for END in 4.396 ms.
[11:58:44] [REI-ReloadPlugins/DEBUG] [REI] ========================================
[11:58:44] [REI-ReloadPlugins/DEBUG] [REI] ========================================
[11:58:44] [REI-ReloadPlugins/DEBUG] [REI] REIPlugin starting post-reload for END.
[11:58:44] [REI-ReloadPlugins/DEBUG] [REI] Reloadables (8):
[11:58:44] [REI-ReloadPlugins/DEBUG] [REI]  - EntryTypeRegistryImpl
[11:58:44] [REI-ReloadPlugins/DEBUG] [REI]  - EntrySettingsAdapterRegistryImpl
[11:58:44] [REI-ReloadPlugins/DEBUG] [REI]  - RecipeManagerContextImpl
[11:58:44] [REI-ReloadPlugins/DEBUG] [REI]  - ItemComparatorRegistryImpl
[11:58:44] [REI-ReloadPlugins/DEBUG] [REI]  - FluidComparatorRegistryImpl
[11:58:44] [REI-ReloadPlugins/DEBUG] [REI]  - DisplaySerializerRegistryImpl
[11:58:44] [REI-ReloadPlugins/DEBUG] [REI]  - FluidSupportProviderImpl
[11:58:44] [REI-ReloadPlugins/DEBUG] [REI]  - me.shedaniel.rei.plugin.client.runtime.PluginStageExecutionWatcher$1
[11:58:44] [REI-ReloadPlugins/DEBUG] [REI] Plugins (8):
[11:58:44] [REI-ReloadPlugins/DEBUG] [REI]  - (-100.00) DefaultClientPlugin of DefaultClientPlugin [roughlyenoughitems]
[11:58:44] [REI-ReloadPlugins/DEBUG] [REI]  - (-100.00) DefaultPlugin of DefaultPlugin [roughlyenoughitems]
[11:58:44] [REI-ReloadPlugins/DEBUG] [REI]  - (0.00) FabricFluidAPISupportPlugin
[11:58:44] [REI-ReloadPlugins/DEBUG] [REI]  - (0.00) create:rei_plugin of create:rei_plugin [create_aquatic_ambitions]
[11:58:44] [REI-ReloadPlugins/DEBUG] [REI]  - (0.00) create:rei_plugin of create:rei_plugin [create]
[11:58:44] [REI-ReloadPlugins/DEBUG] [REI]  - (0.00) HideIngredientsFromTagsPlugin of HideIngredientsFromTagsPlugin [roughlyenoughitems]
[11:58:44] [REI-ReloadPlugins/DEBUG] [REI]  - (0.00) DefaultClientRuntimePlugin of DefaultClientRuntimePlugin [roughlyenoughitems]
[11:58:44] [REI-ReloadPlugins/DEBUG] [REI]  - (0.00) DefaultRuntimePlugin of DefaultRuntimePlugin [roughlyenoughitems]
[11:58:44] [REI-ReloadPlugins/DEBUG] [REI] ========================================
[11:58:44] [REI-ReloadPlugins/TRACE] [REI] [REIPlugin END] Reloading Section: "post-register/"
[11:58:44] [REI-ReloadPlugins/TRACE] [REI] [REIPlugin END] Reloading Section: "post-register/DefaultClientPlugin of DefaultClientPlugin [roughlyenoughitems]/"
[11:58:44] [REI-ReloadPlugins/TRACE] [REI] [REIPlugin END] Reloading Section: "post-register/DefaultClientPlugin of DefaultClientPlugin [roughlyenoughitems]/" done in 17.12 μs
[11:58:44] [REI-ReloadPlugins/TRACE] [REI] [REIPlugin END] Reloading Section: "post-register/DefaultPlugin of DefaultPlugin [roughlyenoughitems]/"
[11:58:44] [REI-ReloadPlugins/TRACE] [REI] [REIPlugin END] Reloading Section: "post-register/DefaultPlugin of DefaultPlugin [roughlyenoughitems]/" done in 4.320 μs
[11:58:44] [REI-ReloadPlugins/TRACE] [REI] [REIPlugin END] Reloading Section: "post-register/FabricFluidAPISupportPlugin/"
[11:58:44] [REI-ReloadPlugins/TRACE] [REI] [REIPlugin END] Reloading Section: "post-register/FabricFluidAPISupportPlugin/" done in 3.440 μs
[11:58:44] [REI-ReloadPlugins/TRACE] [REI] [REIPlugin END] Reloading Section: "post-register/create:rei_plugin of create:rei_plugin [create_aquatic_ambitions]/"
[11:58:44] [REI-ReloadPlugins/TRACE] [REI] [REIPlugin END] Reloading Section: "post-register/create:rei_plugin of create:rei_plugin [create_aquatic_ambitions]/" done in 2.260 μs
[11:58:44] [REI-ReloadPlugins/TRACE] [REI] [REIPlugin END] Reloading Section: "post-register/create:rei_plugin of create:rei_plugin [create]/"
[11:58:44] [REI-ReloadPlugins/TRACE] [REI] [REIPlugin END] Reloading Section: "post-register/create:rei_plugin of create:rei_plugin [create]/" done in 2.650 μs
[11:58:44] [REI-ReloadPlugins/TRACE] [REI] [REIPlugin END] Reloading Section: "post-register/HideIngredientsFromTagsPlugin of HideIngredientsFromTagsPlugin [roughlyenoughitems]/"
[11:58:44] [REI-ReloadPlugins/TRACE] [REI] [REIPlugin END] Reloading Section: "post-register/HideIngredientsFromTagsPlugin of HideIngredientsFromTagsPlugin [roughlyenoughitems]/" done in 2.710 μs
[11:58:44] [REI-ReloadPlugins/TRACE] [REI] [REIPlugin END] Reloading Section: "post-register/DefaultClientRuntimePlugin of DefaultClientRuntimePlugin [roughlyenoughitems]/"
[11:58:44] [REI-ReloadPlugins/TRACE] [REI] [REIPlugin END] Reloading Section: "post-register/DefaultClientRuntimePlugin of DefaultClientRuntimePlugin [roughlyenoughitems]/" done in 2.240 μs
[11:58:44] [REI-ReloadPlugins/TRACE] [REI] [REIPlugin END] Reloading Section: "post-register/DefaultRuntimePlugin of DefaultRuntimePlugin [roughlyenoughitems]/"
[11:58:44] [REI-ReloadPlugins/TRACE] [REI] [REIPlugin END] Reloading Section: "post-register/DefaultRuntimePlugin of DefaultRuntimePlugin [roughlyenoughitems]/" done in 2.000 μs
[11:58:44] [REI-ReloadPlugins/TRACE] [REI] [REIPlugin END] Reloading Section: "post-register/" done in 255.2 μs
[11:58:44] [REI-ReloadPlugins/DEBUG] [REI] ========================================
[11:58:44] [REI-ReloadPlugins/INFO] [REI] REIPlugin finished post-reload for END in 276.0 μs, totaling 14.36 ms.
[11:58:44] [REI-ReloadPlugins/DEBUG] [REI] ========================================
[11:58:44] [REI-ReloadPlugins/DEBUG] [REI] ========================================
[11:58:44] [REI-ReloadPlugins/DEBUG] [REI] REIClientPlugin starting post-reload for END.
[11:58:44] [REI-ReloadPlugins/DEBUG] [REI] Reloadables (18):
[11:58:44] [REI-ReloadPlugins/DEBUG] [REI]  - EntryRendererRegistryImpl
[11:58:44] [REI-ReloadPlugins/DEBUG] [REI]  - ViewsImpl
[11:58:44] [REI-ReloadPlugins/DEBUG] [REI]  - InputMethodRegistryImpl
[11:58:44] [REI-ReloadPlugins/DEBUG] [REI]  - SearchProviderImpl
[11:58:44] [REI-ReloadPlugins/DEBUG] [REI]  - ConfigManagerImpl
[11:58:44] [REI-ReloadPlugins/DEBUG] [REI]  - EntryRegistryImpl
[11:58:44] [REI-ReloadPlugins/DEBUG] [REI]  - CollapsibleEntryRegistryImpl
[11:58:44] [REI-ReloadPlugins/DEBUG] [REI]  - BasicFilteringRuleImpl
[11:58:44] [REI-ReloadPlugins/DEBUG] [REI]  - CategoryRegistryImpl
[11:58:44] [REI-ReloadPlugins/DEBUG] [REI]  - DisplayRegistryImpl
[11:58:44] [REI-ReloadPlugins/DEBUG] [REI]  - ScreenRegistryImpl
[11:58:44] [REI-ReloadPlugins/DEBUG] [REI]  - FavoriteEntryTypeRegistryImpl
[11:58:44] [REI-ReloadPlugins/DEBUG] [REI]  - SubsetsRegistryImpl
[11:58:44] [REI-ReloadPlugins/DEBUG] [REI]  - TransferHandlerRegistryImpl
[11:58:44] [REI-ReloadPlugins/DEBUG] [REI]  - SearchRuntime
[11:58:44] [REI-ReloadPlugins/DEBUG] [REI]  - REIRuntimeImpl
[11:58:44] [REI-ReloadPlugins/DEBUG] [REI]  - ConfigAddonRegistryImpl
[11:58:44] [REI-ReloadPlugins/DEBUG] [REI]  - me.shedaniel.rei.plugin.client.runtime.PluginStageExecutionWatcher$1
[11:58:44] [REI-ReloadPlugins/DEBUG] [REI] Plugins (5):
[11:58:44] [REI-ReloadPlugins/DEBUG] [REI]  - (-100.00) DefaultClientPlugin of DefaultClientPlugin [roughlyenoughitems]
[11:58:44] [REI-ReloadPlugins/DEBUG] [REI]  - (0.00) create:rei_plugin of create:rei_plugin [create_aquatic_ambitions]
[11:58:44] [REI-ReloadPlugins/DEBUG] [REI]  - (0.00) create:rei_plugin of create:rei_plugin [create]
[11:58:44] [REI-ReloadPlugins/DEBUG] [REI]  - (0.00) HideIngredientsFromTagsPlugin of HideIngredientsFromTagsPlugin [roughlyenoughitems]
[11:58:44] [REI-ReloadPlugins/DEBUG] [REI]  - (0.00) DefaultClientRuntimePlugin of DefaultClientRuntimePlugin [roughlyenoughitems]
[11:58:44] [REI-ReloadPlugins/DEBUG] [REI] ========================================
[11:58:44] [REI-ReloadPlugins/TRACE] [REI] [REIClientPlugin END] Reloading Section: "post-register/"
[11:58:44] [REI-ReloadPlugins/TRACE] [REI] [REIClientPlugin END] Reloading Section: "post-register/DefaultClientPlugin of DefaultClientPlugin [roughlyenoughitems]/"
[11:58:44] [REI-ReloadPlugins/TRACE] [REI] [REIClientPlugin END] Reloading Section: "post-register/DefaultClientPlugin of DefaultClientPlugin [roughlyenoughitems]/" done in 3.670 μs
[11:58:44] [REI-ReloadPlugins/TRACE] [REI] [REIClientPlugin END] Reloading Section: "post-register/create:rei_plugin of create:rei_plugin [create_aquatic_ambitions]/"
[11:58:44] [REI-ReloadPlugins/TRACE] [REI] [REIClientPlugin END] Reloading Section: "post-register/create:rei_plugin of create:rei_plugin [create_aquatic_ambitions]/" done in 2.600 μs
[11:58:44] [REI-ReloadPlugins/TRACE] [REI] [REIClientPlugin END] Reloading Section: "post-register/create:rei_plugin of create:rei_plugin [create]/"
[11:58:44] [REI-ReloadPlugins/TRACE] [REI] [REIClientPlugin END] Reloading Section: "post-register/create:rei_plugin of create:rei_plugin [create]/" done in 2.250 μs
[11:58:44] [REI-ReloadPlugins/TRACE] [REI] [REIClientPlugin END] Reloading Section: "post-register/HideIngredientsFromTagsPlugin of HideIngredientsFromTagsPlugin [roughlyenoughitems]/"
[11:58:44] [REI-ReloadPlugins/TRACE] [REI] [REIClientPlugin END] Reloading Section: "post-register/HideIngredientsFromTagsPlugin of HideIngredientsFromTagsPlugin [roughlyenoughitems]/" done in 2.230 μs
[11:58:44] [REI-ReloadPlugins/TRACE] [REI] [REIClientPlugin END] Reloading Section: "post-register/DefaultClientRuntimePlugin of DefaultClientRuntimePlugin [roughlyenoughitems]/"
[11:58:44] [REI-ReloadPlugins/TRACE] [REI] [REIClientPlugin END] Reloading Section: "post-register/DefaultClientRuntimePlugin of DefaultClientRuntimePlugin [roughlyenoughitems]/" done in 2.430 μs
[11:58:44] [REI-ReloadPlugins/TRACE] [REI] [REIClientPlugin END] Reloading Section: "post-register/" done in 132.0 μs
[11:58:44] [REI-ReloadPlugins/DEBUG] [REI] ========================================
[11:58:44] [REI-ReloadPlugins/INFO] [REI] REIClientPlugin finished post-reload for END in 152.0 μs, totaling 512.7 ms.
[11:58:44] [REI-ReloadPlugins/DEBUG] [REI] ========================================
[11:58:44] [REI-ReloadPlugins/DEBUG] [REI] ========================================
[11:58:44] [REI-ReloadPlugins/DEBUG] [REI] REIServerPlugin starting post-reload for END.
[11:58:44] [REI-ReloadPlugins/DEBUG] [REI] Reloadables (2):
[11:58:44] [REI-ReloadPlugins/DEBUG] [REI]  - MenuInfoRegistryImpl
[11:58:44] [REI-ReloadPlugins/DEBUG] [REI]  - me.shedaniel.rei.plugin.client.runtime.PluginStageExecutionWatcher$1
[11:58:44] [REI-ReloadPlugins/DEBUG] [REI] Plugins (3):
[11:58:44] [REI-ReloadPlugins/DEBUG] [REI]  - (-100.00) DefaultPlugin of DefaultPlugin [roughlyenoughitems]
[11:58:44] [REI-ReloadPlugins/DEBUG] [REI]  - (0.00) FabricFluidAPISupportPlugin
[11:58:44] [REI-ReloadPlugins/DEBUG] [REI]  - (0.00) DefaultRuntimePlugin of DefaultRuntimePlugin [roughlyenoughitems]
[11:58:44] [REI-ReloadPlugins/DEBUG] [REI] ========================================
[11:58:44] [REI-ReloadPlugins/TRACE] [REI] [REIServerPlugin END] Reloading Section: "post-register/"
[11:58:44] [REI-ReloadPlugins/TRACE] [REI] [REIServerPlugin END] Reloading Section: "post-register/DefaultPlugin of DefaultPlugin [roughlyenoughitems]/"
[11:58:44] [REI-ReloadPlugins/TRACE] [REI] [REIServerPlugin END] Reloading Section: "post-register/DefaultPlugin of DefaultPlugin [roughlyenoughitems]/" done in 3.930 μs
[11:58:44] [REI-ReloadPlugins/TRACE] [REI] [REIServerPlugin END] Reloading Section: "post-register/FabricFluidAPISupportPlugin/"
[11:58:44] [REI-ReloadPlugins/TRACE] [REI] [REIServerPlugin END] Reloading Section: "post-register/FabricFluidAPISupportPlugin/" done in 2.470 μs
[11:58:44] [REI-ReloadPlugins/TRACE] [REI] [REIServerPlugin END] Reloading Section: "post-register/DefaultRuntimePlugin of DefaultRuntimePlugin [roughlyenoughitems]/"
[11:58:44] [REI-ReloadPlugins/TRACE] [REI] [REIServerPlugin END] Reloading Section: "post-register/DefaultRuntimePlugin of DefaultRuntimePlugin [roughlyenoughitems]/" done in 2.310 μs
[11:58:44] [REI-ReloadPlugins/TRACE] [REI] [REIServerPlugin END] Reloading Section: "post-register/" done in 79.32 μs
[11:58:44] [REI-ReloadPlugins/DEBUG] [REI] ========================================
[11:58:44] [REI-ReloadPlugins/INFO] [REI] REIServerPlugin finished post-reload for END in 97.55 μs, totaling 4.637 ms.
[11:58:44] [REI-ReloadPlugins/DEBUG] [REI] ========================================
